gvkey,CUSIP,ticker,CIK,CoName,cik_source
126554,00846U10,A,1090872.0,AGILENT TECHNOLOGIES INC,cusip_link
27638,01387210,AA,1675149.0,Alcoa Corp,cusip_link
178698,00030710,AAC,1606180.0,AAC Holdings Inc,cusip_link
39527,00032Q10,AADI,1422142.0,Aadi Bioscience Inc,cusip_link
30399,00949P10,AAI,948846.0,AIRTRAN HOLDINGS INC,cusip_link
37445,00258W10,AAN,1821393.0,Aaron's Company Inc,cusip_link
18564,03823U10,AAOI,1158114.0,"APPLIED OPTOELECTRONICS, INC.",ticker_fallback
21542,00036020,AAON,824142.0,AAON INC,cusip_link
145977,00751Y10,AAP,1158449.0,ADVANCE AUTO PARTS INC,cusip_link
1690,03783310,AAPL,320193.0,Apple Inc,cusip_link
163679,00752J10,AATI,1104042.0,ADVANCED ANALOGIC TECHNOLOGIES INC,cusip_link
21020,00773U20,AAVL,1501756.0,Adverum Biotechnologies Inc,cusip_link
61155,04916420,AAWW,1135185.0,ATLAS AIR WORLDWIDE HOLDINGS INC,cusip_link
2831,00752H10,ABAT,745651.0,ADVANCED BATTERY TECHNOLOGIES INC,cusip_link
26366,02451V30,ABAT,1576873.0,AMERICAN BATTERY TECHNOLOGY Co,cusip_link
24888,00256710,ABAX,881890.0,ABAXIS INC,cusip_link
16101,00287Y10,ABBV,1551152.0,ABBVIE INC,cusip_link
31673,03073E10,ABC,1140859.0,AMERISOURCEBERGEN CORP,cusip_link
176939,13201A10,ABCD,1466815.0,CAMBIUM LEARNING GROUP INC,cusip_link
145042,00762W10,ABCO,1157377.0,ADVISORY BOARD CO,cusip_link
164506,00081T10,ABD,712034.0,ACCO BRANDS Corp,cusip_link
1743,03937C10,ABFS,894405.0,ARCBEST CORP /DE/,cusip_link
144640,04343610,ABG,1144980.0,ASBURY AUTOMOTIVE GROUP INC,cusip_link
2337,76117W10,ABH,,,not_found
178855,00383Y10,ABII,1409012.0,ABRAXIS BIOSCIENCES INC,cusip_link
182309,68760410,ABIO,,,not_found
1410,00095710,ABM,771497.0,ABM INDUSTRIES INC /DE/,cusip_link
13619,00365410,ABMD,815094.0,ABIOMED INC,cusip_link
37460,00906610,ABNB,1559720.0,Airbnb Inc,cusip_link
38986,00509G20,ABOS,1576885.0,Acumen Pharmaceuticals Inc,cusip_link
39175,00091E10,ABSI,1672688.0,Absci Corp,cusip_link
1078,00282410,ABT,1800.0,ABBOTT LABORATORIES,cusip_link
119173,05335B10,ABTL,,,not_found
39801,00091F30,ABVC,1173313.0,"ABVC BIOPHARMA, INC.",ticker_fallback
65706,00374N10,ABVT,1043533.0,ABOVENET INC,cusip_link
328795,03965310,ACA,1739445.0,Arcosa Inc,cusip_link
141846,00422510,ACAD,1070494.0,ACADIA PHARMACEUTICALS INC,cusip_link
22461,03967010,ACAT,719866.0,ARCTIC CAT INC,cusip_link
36263,00437E10,ACCD,1481646.0,Accolade Inc,cusip_link
61656,00430U10,ACCL,1002388.0,ACCELRYS INC,cusip_link
36550,00436Q10,ACEL,1698991.0,Accel Entertainment Inc,cusip_link
32459,00444P10,ACER,1069308.0,Acer Therapeutics Inc,cusip_link
1094,00444610,ACET,2034.0,ACETO CORP,cusip_link
36716,88024M10,ACEV,1813658.0,Tempo Automation Holdings Inc,cusip_link
192255,00404A10,ACHC,1520697.0,Acadia Healthcare Company Inc,cusip_link
174136,00448Q20,ACHN,1070336.0,ACHILLION PHARMACEUTICALS INC,cusip_link
40092,03945R10,ACHR,1824502.0,Archer Aviation Inc,cusip_link
32271,00446850,ACHV,949858.0,ACHIEVE LIFE SCIENCES INC,cusip_link
25645,01309110,ACI,1646972.0,Albertsons Companies Inc,cusip_link
26722,00401C10,ACIA,1651235.0,Acacia Communications Inc,cusip_link
31564,00449810,ACIW,935036.0,ACI WORLDWIDE INC,cusip_link
162897,02519540,ACLI,1324479.0,AMERICAN COMMERCIAL LINES INC,cusip_link
137602,05454020,ACLS,1113232.0,AXCELIS TECHNOLOGIES INC,cusip_link
40610,03940C10,ACLX,1786205.0,Arcellx Inc,cusip_link
147988,00766T10,ACM,868857.0,AECOM,cusip_link
65569,00086T10,ACMR,1042809.0,AC MOORE ARTS & CRAFTS INC,cusip_link
32638,00108J10,ACMR,1680062.0,ACM Research Inc,cusip_link
14182,02341W10,ACO,813621.0,AMCOL INTERNATIONAL CORP,cusip_link
183352,03280310,ACOM,1469433.0,ANCESTRYCOM INC,cusip_link
156617,00484M70,ACOR,,,not_found
25904,00461U10,ACRS,1557746.0,Aclaris Therapeutics Inc,cusip_link
41684,00489010,ACRV,1781174.0,Acrivon Therapeutics Inc,cusip_link
185908,00444T20,ACRX,1427925.0,TALPHERA INC,cusip_link
186834,00439U10,ACST,,,not_found
230796,00506P10,ACTI,803014.0,COMVERSE TECHNOLOGY INC/NY/,cusip_link
28678,00493410,ACTL,907687.0,ACTEL CORP,cusip_link
35053,96684W10,ACTT,1753706.0,Whole Earth Brands Inc,cusip_link
45390,00508310,ACTU,1652935.0,ACTUATE THERAPEUTICS INC,cusip_link
112624,00508B10,ACTU,1062478.0,ACTUATE CORP,cusip_link
160281,00506D10,ACTV,1163932.0,ACTIVE NETWORK INC,cusip_link
1104,00481610,ACU,2098.0,ACME UNITED CORP,cusip_link
11929,00509L80,ACUR,786947.0,ACURA PHARMACEUTICALS INC,cusip_link
1239,01307810,ACV,3327.0,ALBERTO CULVER CO,cusip_link
38374,00091G10,ACVA,1637873.0,ACV Auctions Inc,cusip_link
2536,53815P10,ACXM,733269.0,LiveRamp Holdings Inc,cusip_link
61523,00088U10,ADAM,863650.0,ADAM INC,cusip_link
12540,00724F10,ADBE,796343.0,ADOBE INC,cusip_link
1013,00088630,ADCT,61478.0,ADC TELECOMMUNICATIONS INC,cusip_link
61726,00685420,ADEP,865415.0,ADEPT TECHNOLOGY INC,cusip_link
156578,00770C10,ADES,1515156.0,ADVANCED EMISSIONS SOLUTIONS INC,cusip_link
178676,02539810,ADGE,1378706.0,AMERICAN DG ENERGY INC,cusip_link
112473,00622820,ADGF,1059763.0,ADAMS GOLF INC,cusip_link
39266,00534A10,ADGI,1832038.0,Invivyd Inc,cusip_link
38056,00534B10,ADGM,2006986.0,Adagio Medical Holdings Inc,cusip_link
1632,03265410,ADI,6281.0,ANALOG DEVICES INC,cusip_link
32395,00688A20,ADIL,1513525.0,ADIAL PHARMACEUTICALS INC,cusip_link
166485,75903M30,ADK,,,not_found
133724,00724X10,ADLR,1076167.0,ADOLOR CORP,cusip_link
1722,03948310,ADM,7084.0,ARCHER DANIELS MIDLAND CO,cusip_link
17653,00089910,ADMA,1368514.0,R&R ACQUISITION VI INC,cusip_link
20042,00548A10,ADMS,1328143.0,Adamas Pharmaceuticals Inc,cusip_link
38001,00788A20,ADN,,,not_found
170615,05070J10,ADNC,1201663.0,AUDIENCE INC,cusip_link
1891,05301510,ADP,8670.0,AUTOMATIC DATA PROCESSING INC,cusip_link
109580,02535310,ADPI,1028087.0,AMERICAN DENTAL PARTNERS INC,cusip_link
35279,00650F10,ADPT,1478320.0,Adaptive Biotechnologies Corp,cusip_link
20672,00685510,ADPT,1602367.0,Adeptus Health Inc,cusip_link
1878,05276910,ADSK,769397.0,Autodesk Inc,cusip_link
16648,00790X10,ADSW,1585790.0,Advanced Disposal Services Inc,cusip_link
32930,00090Q10,ADT,1703056.0,ADT Inc,cusip_link
14438,00101J10,ADT,1546640.0,ADT CORP,cusip_link
37949,00739D10,ADTH,1838672.0,AdTheorent Holding Company Inc,cusip_link
30576,00486H10,ADTN,926282.0,ADTRAN Holdings Inc,cusip_link
183283,00673910,ADUS,1468328.0,ADDUS HOMECARE CORP,cusip_link
31803,00791N10,ADV,1776661.0,Advantage Solutions Inc,cusip_link
61557,00797410,ADVS,1002225.0,ADVENT SOFTWARE INC /DE/,cusip_link
127644,31429Y10,ADY,,,not_found
1121,00635130,AE,2178.0,ADAMS RESOURCES & ENERGY INC,cusip_link
10860,02360810,AEE,1002910.0,AMEREN CORP,cusip_link
177313,00767E10,AEGR,1338042.0,Aegerion Pharmaceuticals Inc,cusip_link
65286,00760J10,AEHR,1040470.0,AEHR TEST SYSTEMS,cusip_link
61562,00797310,AEIS,927003.0,ADVANCED ENERGY INDUSTRIES INC,cusip_link
177764,87164U50,AEN,894158.0,Theriva Biologics Inc,cusip_link
30059,02553E10,AEO,919012.0,AMERICAN EAGLE OUTFITTERS INC,cusip_link
1440,02553710,AEP,4904.0,AMERICAN ELECTRIC POWER COMPANY INC,cusip_link
11903,00103110,AEPI,785787.0,AEP INDUSTRIES INC,cusip_link
40323,00774410,AERC,1872356.0,AeroClean Technologies Inc,cusip_link
25088,03819M10,AERG,879911.0,APPLIED ENERGETICS INC,cusip_link
18749,00771V10,AERI,1337553.0,AERIE PHARMACEUTICALS INC,cusip_link
24216,00130H10,AES,874761.0,AES CORPORATION,cusip_link
35552,01917010,AESE,1708341.0,Allied Gaming & Entertainment Inc,cusip_link
41981,64204510,AESI,1984060.0,Atlas Energy Solutions Inc.,ticker_fallback
38357,00835Q20,AEVA,1789029.0,"Aeva Technologies, Inc.",ticker_fallback
24428,00674340,AEY,,,not_found
17754,05073420,AEYE,1362190.0,AUDIOEYE INC,cusip_link
140757,02872310,AEZ,1120916.0,AMERICAN OIL & GAS INC,cusip_link
13800,02040910,AFAM,799231.0,ALMOST FAMILY INC,cusip_link
62990,00826T10,AFFX,913077.0,AFFYMETRIX INC,cusip_link
26343,04238R10,AFI,1655075.0,Armstrong Flooring Inc,cusip_link
36757,00511110,AFIB,1522860.0,Acutus Medical Inc,cusip_link
141236,01868030,AFOP,,,not_found
7300,90991210,AFP,,,not_found
180279,00836810,AGAM,1421419.0,AGA MEDICAL HOLDINGS INC,cusip_link
25180,00108410,AGCO,880266.0,AGCO CORP /DE,cusip_link
34469,81751A10,AGE,1708599.0,Serina Therapeutics Inc,cusip_link
129466,00847G80,AGEN,1098972.0,AGENUS INC,cusip_link
37896,00853E40,AGFY,,,not_found
39490,00857F10,AGIL,1790625.0,AgileThought Inc,cusip_link
18159,00847X10,AGIO,1439222.0,AGIOS PHARMACEUTICALS INC,cusip_link
38461,00857U10,AGL,1831097.0,agilon health inc,cusip_link
24599,00773J20,AGLE,1636282.0,Spyre Therapeutics Inc,cusip_link
15708,01849010,AGN,850693.0,ALLERGAN INC,cusip_link
26658,05351W10,AGR,1634997.0,Avangrid Inc,cusip_link
20010,00847L30,AGRX,,,not_found
31386,72814N10,AGS,1593548.0,PlayAGS Inc,cusip_link
19967,03820J10,AGTC,1273636.0,APPLIED GENETIC TECHNOLOGIES CORP,cusip_link
31954,00848J10,AGTI,1749704.0,AGILITI INC \DE,cusip_link
8832,04010E10,AGX,100591.0,ARGAN INC,cusip_link
8599,00847J10,AGYS,78749.0,AGILYSYS INC,cusip_link
183636,77634L10,AH,1910851.0,R1 RCM Inc /DE,cusip_link
179288,23505010,AHC,,,not_found
25972,01923A10,AHCI,890634.0,ALLIED HEALTHCARE INTERNATIONAL INC,cusip_link
35852,00653Q10,AHCO,1725255.0,AdaptHealth Corp,cusip_link
166363,01861G10,AHGP,1344980.0,ALLIANCE HOLDINGS GP LP,cusip_link
176361,03525N10,AHII,1372813.0,ANIMAL HEALTH HOLDINGS INC,cusip_link
24837,01922220,AHPI,874710.0,ALLIED HEALTHCARE PRODUCTS INC,cusip_link
144520,00174410,AHS,1142750.0,AMN HEALTHCARE SERVICES INC,cusip_link
37517,12468P10,AI,1577526.0,C3ai Inc,cusip_link
41133,31561T10,AIEV,1912582.0,Feutune Light Acquisition Corp,cusip_link
38070,45175Q10,AILE,1835972.0,iLearningEngines Inc,cusip_link
1173,00801530,AIM,109471.0,AEROSONIC CORP /DE/,cusip_link
176247,02208R10,AIMC,1374535.0,ALTRA INDUSTRIAL MOTION CORP,cusip_link
25077,00900T10,AIMT,1631650.0,Aimmune Therapeutics Inc,cusip_link
14084,01234810,AIN,3303.0,ALBANY INTERNATIONAL CORP /NY/,cusip_link
39805,04302A10,AIP,1667011.0,Arteris Inc,cusip_link
65570,02707010,AIPC,849667.0,AMERICAN ITALIAN PASTA CO,cusip_link
13657,01860630,AIQ,817135.0,Alliance HealthCare Services Inc,cusip_link
1004,00036110,AIR,1750.0,AAR CORP,cusip_link
43211,75607T10,AIRE,1859199.0,reAlpha Tech Corp,cusip_link
27703,00938A10,AIRG,1272842.0,AIRGAIN INC,cusip_link
166087,00912N40,AIRI,1009891.0,AIR INDUSTRIES GROUP,ticker_fallback
40295,61216010,AIRJ,1855474.0,AirJoule Technologies Corp.,ticker_fallback
13789,00912830,AIRM,816159.0,AIR METHODS CORP,cusip_link
39830,00949610,AIRS,1870940.0,Airsculpt Technologies Inc,cusip_link
1210,00920710,AIRT,353184.0,AIR T INC,cusip_link
63700,03664210,AIS,1016169.0,MEDI JECT CORP /MN/,cusip_link
38360,00894010,AISP,1842566.0,Airship AI Holdings Inc,cusip_link
2101,03820C10,AIT,109563.0,APPLIED INDUSTRIAL TECHNOLOGIES INC,cusip_link
39500,00152K20,AKA,1865107.0,A.K.A. BRANDS HOLDING CORP.,ticker_fallback
125595,00971T10,AKAM,1086222.0,AKAMAI TECHNOLOGIES INC,cusip_link
19718,00444910,AKAO,1301501.0,ACHAOGEN INC,cusip_link
19859,00972D10,AKBA,1517022.0,Akebia Therapeutics Inc,cusip_link
32046,00972L10,AKCA,1662524.0,AKCEA THERAPEUTICS INC,cusip_link
38945,00974B10,AKLI,1850266.0,Akili Inc,cusip_link
35267,00973Y10,AKRO,1744659.0,Akero Therapeutics Inc,cusip_link
14304,00972810,AKRX,3116.0,AKORN INC,cusip_link
29968,00154710,AKS,918160.0,AK STEEL HOLDING CORP,cusip_link
21042,00973N10,AKTS,1584754.0,Akoustis Technologies Inc,cusip_link
32852,01021X10,AKU,1776197.0,AKUMIN INC,cusip_link
36572,00973J10,AKUS,1722271.0,Akouos Inc,cusip_link
38527,00974H10,AKYA,1711933.0,Akoya Biosciences Inc,cusip_link
186278,00912X30,AL,,,not_found
45094,04626A10,ALAB,1736297.0,Astera Labs Inc,cusip_link
1228,01161270,ALAN,98618.0,ALANCO TECHNOLOGIES INC,cusip_link
29751,01265310,ALB,915913.0,ALBEMARLE CORP,cusip_link
29018,01345P10,ALBO,1322505.0,ALBIREO PHARMA INC,cusip_link
31037,04544X30,ALC,929994.0,ASSISTED LIVING CONCEPTS INC,cusip_link
1266,01623010,ALCO,3545.0,ALICO INC,cusip_link
20033,01433910,ALDR,1423824.0,ALDER BIOPHARMACEUTICALS INC,cusip_link
15235,02052T10,ALDW,1556766.0,ALON USA PARTNERS LP,cusip_link
20018,01438T10,ALDX,1341235.0,Aldeyra Therapeutics Inc,cusip_link
7437,01852230,ALE,66756.0,ALLETE INC,cusip_link
34616,01444210,ALEC,1653087.0,Alector Inc,cusip_link
1254,57686G10,ALEX,3453.0,MATSON INC,cusip_link
37781,00161P10,ALF,2010930.0,Centurion Acquisition Corp.,ticker_fallback
27960,01131110,ALG,897077.0,ALAMO GROUP INC,cusip_link
37309,01749D10,ALGM,866291.0,ALLEGRO MICROSYSTEMS INC,cusip_link
141384,01625510,ALGN,1097149.0,ALIGN TECHNOLOGY INC,cusip_link
37084,01626L20,ALGS,1799448.0,Aligos Therapeutics Inc,cusip_link
175007,01748X10,ALGT,1362468.0,ALLEGIANT TRAVEL CO,cusip_link
180363,01625920,ALIM,1267602.0,ALIMERA SCIENCES INC,cusip_link
36463,01626W10,ALIT,1809104.0,Alight Inc / Delaware,cusip_link
163939,02052010,ALJ,1325955.0,Alon USA Energy Inc,cusip_link
62582,00162710,ALJJ,1438731.0,ALJ REGIONAL HOLDINGS INC,cusip_link
1230,01165910,ALK,766421.0,ALASKA AIR GROUP INC,cusip_link
38329,01644J10,ALKT,1529274.0,ALKAMI TECHNOLOGY INC,cusip_link
33721,01671P10,ALLK,1564824.0,Allakos Inc,cusip_link
34161,01977010,ALLO,1737287.0,Allogene Therapeutics Inc,cusip_link
322154,01674450,ALLR,1860657.0,"Allarity Therapeutics, Inc.",ticker_fallback
45447,02230710,ALMS,1847367.0,ALUMIS INC,cusip_link
160196,72703U20,ALN,,,not_found
32529,01811910,ALNA,1624658.0,Allena Pharmaceuticals Inc,cusip_link
264265,02043Q10,ALNY,1178670.0,ALNYLAM PHARMACEUTICALS INC,cusip_link
1633,03265720,ALOG,6284.0,ANALOGIC CORP,cusip_link
1820,04638F10,ALOT,8146.0,ASTRO MED INC /NEW/,cusip_link
120513,01985530,ALOY,1080359.0,ALLOY INC,cusip_link
32245,02083G10,ALPN,1626199.0,ALPINE IMMUNE SCIENCES INC,cusip_link
29531,02083E20,ALPP,,,not_found
24135,01164210,ALRM,1459200.0,Alarmcom Holdings Inc,cusip_link
31656,00887A20,ALRN,1420565.0,AILERON THERAPEUTICS INC,cusip_link
12065,02713510,ALRN,774517.0,AMERICAN LEARNING CORP,cusip_link
126555,01167P10,ALSK,1089510.0,ALASKA COMMUNICATIONS SYSTEMS HOLDINGS INC,cusip_link
177966,01973R10,ALSN,1411207.0,ALLISON TRANSMISSION HOLDINGS INC,cusip_link
31249,02155H20,ALT,1326190.0,Altimmune Inc,cusip_link
36206,02128L10,ALTG,1759824.0,ALTA EQUIPMENT GROUP INC,cusip_link
133424,01977710,ALTH,1097264.0,ALLOS THERAPEUTICS,cusip_link
64550,02137330,ALTI,1838615.0,"AlTi Global, Inc.",ticker_fallback
34414,02215L20,ALTM,1692787.0,Altus Midstream Co,cusip_link
32530,02136910,ALTR,1701732.0,Altair Engineering Inc,cusip_link
14324,02144110,ALTR,768251.0,ALTERA CORP,cusip_link
64690,05280010,ALV,1034670.0,AUTOLIV INC,cusip_link
166414,01538420,ALXA,,,not_found
62263,01535110,ALXN,835887.0,PROGENICS PHARMACEUTICALS INC,cusip_link
36704,00166B10,ALXO,1810182.0,ALX ONCOLOGY HOLDINGS INC,cusip_link
1308,01964550,ALY,3982.0,ALLIS CHALMERS ENERGY INC,cusip_link
1468,02637510,AM,5133.0,AMERICAN GREETINGS CORP,cusip_link
19770,03673L10,AM,1598968.0,Antero Midstream Partners LP,cusip_link
1523,02790410,AMAC,700721.0,AMERICAN MEDICAL ALERT CORP,cusip_link
12250,00163U10,AMAG,792977.0,AMAG PHARMACEUTICALS INC,cusip_link
39018,64187110,AMAM,,,not_found
1704,03822210,AMAT,6951.0,APPLIED MATERIALS INC /DE,cusip_link
185857,02318X10,AMBI,1131543.0,AMBIT BIOSCIENCES CORP,cusip_link
19989,02318Y10,AMBR,1314223.0,AMBER ROAD INC,cusip_link
105346,02318N20,AMBT,1047919.0,AMBIENT CORP /NY,cusip_link
177637,00165C30,AMC,1411579.0,AMC ENTERTAINMENT HOLDINGS INC,cusip_link
65904,03822W40,AMCC,711065.0,APPLIED MICRO CIRCUITS CORP,cusip_link
183526,67086W10,AMCF,1469606.0,ANDATEE CHINA MARINE FUEL SERVICES CORP,cusip_link
187406,00164V10,AMCX,1514991.0,AMC Networks Inc,cusip_link
1161,00790310,AMD,2488.0,ADVANCED MICRO DEVICES INC,cusip_link
177981,82939270,AMDA,,,not_found
1598,03110010,AME,1037868.0,AMETEK INC/,cusip_link
30612,02343610,AMED,896262.0,AMEDISYS INC,cusip_link
32809,03763A20,AMEH,1083446.0,Apollo Medical Holdings Inc,cusip_link
1602,03116210,AMGN,318154.0,AMGEN INC,cusip_link
31109,03676B10,AMGP,1623925.0,Antero Midstream Corp,cusip_link
33700,02752P10,AMID,1513965.0,American Midstream Partners LP,cusip_link
43889,05330T20,AMIX,1617867.0,Autonomix Medical Inc,cusip_link
34330,04546L10,AMK,1591587.0,AssetMark Financial Holdings Inc,cusip_link
110039,03165210,AMKR,1047127.0,AMKOR TECHNOLOGY INC,cusip_link
24843,03234610,AMLN,881464.0,AMYLIN PHARMACEUTICALS INC,cusip_link
40470,03237H10,AMLX,1658551.0,Amylyx Pharmaceuticals Inc,cusip_link
138741,02744M10,AMMD,1114200.0,AMERICAN MEDICAL SYSTEMS HOLDINGS INC,cusip_link
1593,03071010,AMN,790730.0,AMERON INTERNATIONAL CORP,cusip_link
5520,01933010,AMOT,46129.0,ALLIED MOTION TECHNOLOGIES INC,cusip_link
184465,03209T30,AMPE,,,not_found
17396,03211Q20,AMPG,1518461.0,AmpliTech Group Inc,cusip_link
20659,03209R10,AMPH,1297184.0,AMPHASTAR PHARMACEUTICALS INC,cusip_link
1611,03201570,AMPL,731859.0,AMPAL-AMERICAN ISRAEL CORP,cusip_link
39555,03213A10,AMPL,1866692.0,Amplitude Inc,cusip_link
37355,02217A10,AMPS,1828723.0,Altus Power Inc,cusip_link
40636,03214Q10,AMPX,1899287.0,Amprius Technologies Inc,cusip_link
1045,02376R10,AMR,1704715.0,"Alpha Metallurgical Resources, Inc.",ticker_fallback
185128,02361E10,AMRC,1488139.0,AMERESCO INC,cusip_link
118081,01242310,AMRI,1065087.0,ALBANY MOLECULAR RESEARCH INC,cusip_link
19172,00181T10,AMRK,1591588.0,A-Mark Precious Metals Inc,cusip_link
184717,03236M20,AMRS,1365916.0,AMYRIS INC,cusip_link
18888,03168L10,AMRX,1723128.0,Amneal Pharmaceuticals Inc,cusip_link
1559,02959510,AMS,744825.0,AMERICAN SHARED HOSPITAL SERVICES,cusip_link
24795,03011120,AMSC,880807.0,AMERICAN SUPERCONDUCTOR CORP /DE/,cusip_link
65967,29414D10,AMSG,1678531.0,Envision Healthcare Corp,cusip_link
36863,03109420,AMST,1807166.0,Amesite Inc.,ticker_fallback
1562,02968310,AMSWA,713425.0,AMERICAN SOFTWARE INC,cusip_link
36496,03824M10,AMTI,1801777.0,Applied Molecular Transport Inc,cusip_link
50688,02393910,AMTM,2011286.0,Amentum Holdings Inc,cusip_link
162453,00770K20,AMTX,738214.0,AEMETIS INC,cusip_link
12379,03050610,AMWD,794619.0,AMERICAN WOODMARK CORP,cusip_link
36950,03044L20,AMWL,1393584.0,American Well Corp,cusip_link
160874,02554F30,AMZG,1282613.0,AMERICAN EAGLE ENERGY CORP,cusip_link
64768,02313510,AMZN,1018724.0,AMAZON COM INC,cusip_link
9063,05329W10,AN,350698.0,AUTONATION INC /FL,cusip_link
26162,03272410,ANAB,1370053.0,ANAPTYSBIO INC,cusip_link
179438,03242010,ANAC,,,not_found
31743,03251510,ANAD,940332.0,ANADIGICS INC,cusip_link
165785,02505A20,ANCI,1316645.0,AMERICAN CARESOURCE HOLDINGS INC,cusip_link
1659,03416410,ANDE,821026.0,ANDERSONS INC,cusip_link
157414,03252Q40,ANDS,1128495.0,ANADYS PHARMACEUTICALS INC,cusip_link
38706,03456910,ANEB,1815974.0,Anebulo Pharmaceuticals Inc,cusip_link
1635,03274410,ANEN,6314.0,ANAREN MICROWAVE INC,cusip_link
20748,04041320,ANET,1596532.0,"Arista Networks, Inc.",ticker_fallback
63643,00289620,ANF,1018840.0,ABERCROMBIE & FITCH CO /DE/,cusip_link
188155,03475410,ANGI,1491778.0,ANGIE'S LIST INC,cusip_link
20307,28657F10,ANGN,1601485.0,Elicio Therapeutics Inc,cusip_link
14581,55276810,ANGN,,,not_found
264387,03475V10,ANGO,1275187.0,ANGIODYNAMICS INC,cusip_link
28209,03525510,ANIK,898437.0,ANIKA THERAPEUTICS INC,cusip_link
18204,00182C10,ANIP,1023024.0,ANI PHARMACEUTICALS INC,cusip_link
1634,03268120,ANLY,6292.0,ANALYSTS INTERNATIONAL CORP,cusip_link
21828,03562310,ANN,874214.0,ANN INC,cusip_link
36768,03589W10,ANNX,1528115.0,Annexon Inc,cusip_link
162448,02076X10,ANR,1301063.0,ALPHA NATURAL RESOURCES INC,cusip_link
43837,02157Q10,ANRO,1999480.0,Alto Neuroscience Inc,cusip_link
63080,03662Q10,ANSS,1013462.0,ANSYS INC,cusip_link
160447,03662X10,ANSW,1283073.0,ANSWERS CORP,cusip_link
183879,03674U30,ANTH,1316175.0,Anthera Pharmaceuticals Inc,cusip_link
6308,71722R10,ANTP,,,not_found
40833,03732610,ANTX,1880438.0,AN2 Therapeutics Inc,cusip_link
35416,03615A10,ANVS,1477845.0,Annovis Bio Inc,cusip_link
183920,00184X10,AOL,1468516.0,AOL Inc,cusip_link
38095,02871910,AONC,1839998.0,American Oncology Network Inc,cusip_link
180636,03739T10,AONE,1167178.0,A123 SYSTEMS INC,cusip_link
9771,83186520,AOS,91142.0,SMITH A O CORP,ticker_fallback
36826,02875D10,AOUT,1808997.0,American Outdoor Brands Inc,cusip_link
1613,03203710,AP,6176.0,AMPCO PITTSBURGH CORP,cusip_link
1678,03743Q10,APA,1841666.0,APA Corp,cusip_link
61407,00185E10,APAC,949297.0,APAC CUSTOMER SERVICE INC,cusip_link
11923,03251110,APC,773910.0,ANADARKO PETROLEUM CORP,cusip_link
165286,03834B30,APCX,1070050.0,AppTech Payments Corp.,ticker_fallback
1209,00915810,APD,2969.0,AIR PRODUCTS & CHEMICALS INC /DE/,cusip_link
178797,02913V10,APEI,1201792.0,AMERICAN PUBLIC EDUCATION INC,cusip_link
29687,03767D10,APEN,1251769.0,Apollo Endosurgery Inc,cusip_link
1533,02874010,APFC,350832.0,AMERICAN PACIFIC CORP,cusip_link
27148,00782L10,APFH,1669792.0,AdvancePierre Foods Holdings Inc,cusip_link
325576,00187Y10,APG,1796209.0,APi Group Corp,cusip_link
43091,03770N10,APGE,1974640.0,Apogee Therapeutics Inc,cusip_link
36869,03759B10,APGN,1814140.0,Apexigen Inc,cusip_link
14282,03209510,APH,820313.0,AMPHENOL CORP /DE/,cusip_link
23616,00754E10,API,869986.0,ADVANCED PHOTONIX INC,cusip_link
23423,03765N10,APIC,1324772.0,Apigee Corp,cusip_link
175111,00476410,APKT,1130258.0,ACME PACKET INC,cusip_link
144097,04939210,APL,1092914.0,ATLAS PIPELINE PARTNERS LP,cusip_link
146738,03816920,APLD,1144879.0,Applied Digital Corp,cusip_link
26359,03753U10,APLS,,,not_found
35091,03828A10,APLT,1697532.0,Applied Therapeutics Inc,cusip_link
1686,03759810,APOG,6845.0,APOGEE ENTERPRISES INC,cusip_link
31122,03760410,APOL,929887.0,APOLLO GROUP INC,cusip_link
179110,02385010,APP,1336545.0,AMERICAN APPAREL INC,cusip_link
38212,03831W10,APP,1751008.0,AppLovin Corp,cusip_link
13786,42774610,APPA,,,not_found
24071,03783C10,APPF,1433195.0,APPFOLIO INC,cusip_link
37946,03783T10,APPH,1807707.0,AppHarvest Inc,cusip_link
31236,03782L10,APPN,1441683.0,APPIAN CORP,cusip_link
148170,76729210,APPY,,,not_found
37826,03836A10,APR,1735803.0,Apria Inc,cusip_link
35648,03836J20,APRE,1781983.0,Aprea Therapeutics Inc,cusip_link
31624,09523Q30,APRN,1701114.0,Blue Apron Holdings Inc,cusip_link
27997,03823710,APSG,741696.0,APPLIED SIGNAL TECHNOLOGY INC,cusip_link
37079,37890B10,APSG,1820872.0,Global Business Travel Group Inc,cusip_link
62072,02077210,APT,884269.0,ALPHA PRO TECH LTD,cusip_link
27909,03835C10,APTI,1419625.0,Apptio Inc,cusip_link
33643,03836N10,APTX,1674365.0,Aptinyx Inc,cusip_link
61839,03097510,APU,932628.0,AMERIGAS PARTNERS LP,cusip_link
33326,15872M10,APY,1723089.0,ChampionX Corp,cusip_link
32524,03842Q10,AQ,1316016.0,AQUANTIA CORP,cusip_link
275862,03842K30,AQB,1603978.0,AQUABOUNTY TECHNOLOGIES INC,ticker_fallback
33743,03843E10,AQST,1398733.0,Aquestive Therapeutics Inc,cusip_link
32610,30057T10,AQUA,1604643.0,Evoqua Water Technologies Corp,cusip_link
19717,64135M10,AQXP,1404644.0,Neurogene Inc,cusip_link
18465,03674X10,AR,1433270.0,ANTERO RESOURCES CORP,cusip_link
26126,02922710,ARA,,,not_found
176670,00439710,ARAY,1138723.0,ACCURAY INC,cusip_link
142748,03875Q10,ARB,109758.0,ARBITRON INC,cusip_link
121493,04033V20,ARBA,1084755.0,ARIBA INC,cusip_link
160867,03875P40,ARBX,1136655.0,ARBINET CORP,cusip_link
14793,03940R10,ARCH,1037676.0,ARCH RESOURCES INC,cusip_link
183554,03956P10,ARCL,1470699.0,ARCHIPELAGO LEARNING INC,cusip_link
32715,03969T10,ARCT,1768224.0,Arcturus Therapeutics Holdings Inc.,ticker_fallback
13679,00213H10,ARCW,826326.0,ARC Group Worldwide Inc,cusip_link
18866,03879N10,ARCX,1578685.0,MIDCOAST ENERGY PARTNERS LP,cusip_link
142945,04004910,ARD,1123871.0,ARENA RESOURCES INC,cusip_link
1728,03976210,ARDNA,225051.0,ARDEN GROUP INC,cusip_link
33855,04033410,ARDS,,,not_found
34526,03980N10,ARDT,1756655.0,Ardent Health Partners Inc,cusip_link
20645,03969710,ARDX,1437402.0,ARDELYX INC,cusip_link
25589,02927U20,AREC,1590715.0,American Resources Corp,cusip_link
178798,03834A10,AREX,1405073.0,Approach Resources Inc,cusip_link
12950,00936310,ARG,804212.0,AIRGAS INC,cusip_link
28408,37253A10,ARGN,,,not_found
187720,04022120,ARGS,,,not_found
39820,04035M10,ARHS,1875444.0,Arhaus Inc,cusip_link
30674,04033A10,ARIA,884731.0,ARIAD PHARMACEUTICALS INC,cusip_link
165358,02916P10,ARII,1344596.0,AMERICAN RAILCAR INDUSTRIES INC/DE,cusip_link
39726,04041L10,ARIS,1865187.0,Aris Water Solutions Inc,cusip_link
117862,03937R10,ARJ,1072343.0,ARCH CHEMICALS INC,cusip_link
312066,04124210,ARKO,1823794.0,ARKO Corp,cusip_link
11872,04071210,ARKR,779544.0,ARK RESTAURANTS CORP,cusip_link
33766,04206A10,ARLO,1736946.0,Arlo Technologies Inc,cusip_link
122915,01877R10,ARLP,1086600.0,ALLIANCE RESOURCE PARTNERS LP,cusip_link
65399,59001K10,ARM,1113256.0,MERITOR INC,cusip_link
186858,03852U10,ARMK,1584509.0,Aramark,ticker_fallback
32895,04225U10,ARMO,1693664.0,ARMO BioSciences Inc,cusip_link
332115,04216R10,ARMP,921114.0,Armata Pharmaceuticals Inc,cusip_link
138122,04004760,ARNA,1080709.0,ARENA PHARMACEUTICALS INC,cusip_link
35978,03966V10,ARNC,1790982.0,Arconic Corp,cusip_link
28192,44320110,ARNC,,,not_found
162076,00191G10,ARP,1305168.0,ARC DOCUMENT SOLUTIONS INC,cusip_link
63789,04269E10,ARQL,1019695.0,ARQULE INC,cusip_link
36028,03969K10,ARQT,1787306.0,Arcutis Biotherapeutics Inc,cusip_link
141197,04269X10,ARRY,1100412.0,ARRAY BIOPHARMA INC,cusip_link
37200,04271T10,ARRY,1820721.0,Array Technologies Inc,cusip_link
1712,89464810,ARSD,,,not_found
179378,03966610,ARST,1368582.0,ARCSIGHT INC,cusip_link
61996,04313610,ARTC,1005010.0,ARTHROCARE CORP,cusip_link
122159,04289L10,ARTG,1086195.0,ART TECHNOLOGY GROUP INC,cusip_link
17341,04311320,ARTNA,863110.0,ARTESIAN RESOURCES CORP,cusip_link
38617,04317A10,ARTV,1817241.0,Artiva Biotherapeutics Inc,cusip_link
1783,04316810,ARTW,7623.0,ARTS WAY MANUFACTURING CO INC,cusip_link
29762,04268220,ARTX,916529.0,AROTECH CORP,cusip_link
176781,04317610,ARUN,1173752.0,ARUBA NETWORKS INC,cusip_link
34077,04335A10,ARVN,1655759.0,ARVINAS INC,cusip_link
1773,04273510,ARW,7536.0,ARROW ELECTRONICS INC,cusip_link
28806,04280A10,ARWR,879407.0,ARROWHEAD PHARMACEUTICALS INC,cusip_link
184639,00776710,ARX,1487990.0,AEROFLEX HOLDING CORP,cusip_link
178799,04338710,ARYX,1410064.0,ARYX THERAPEUTICS INC,cusip_link
36964,04342Y10,ASAN,1477720.0,Asana Inc,cusip_link
29143,03070Q10,ASCA,912145.0,AMERISTAR CASINOS INC,cusip_link
180821,04363210,ASCMA,1437106.0,ASCENT CAPITAL GROUP INC,cusip_link
1554,02942910,ASEI,5768.0,AMERICAN SCIENCE & ENGINEERING INC,cusip_link
64302,45778Q10,ASF,1000753.0,INSPERITY INC,cusip_link
25749,00191U10,ASGN,890564.0,ASGN Inc,cusip_link
24669,02364L10,ASGR,877476.0,AMERICA SERVICE GROUP INC /DE,cusip_link
1794,04418610,ASH,1674862.0,ASHLAND INC.,ticker_fallback
132518,04518A10,ASIA,1100969.0,ASIAINFO-LINKAGE INC,cusip_link
28070,00773T10,ASIX,1673985.0,AdvanSix Inc,cusip_link
37587,00810F10,ASLE,1754170.0,AerSale Corp,cusip_link
37054,00402L10,ASO,1817358.0,Academy Sports & Outdoors Inc,cusip_link
41768,00218A10,ASPI,1921865.0,ASP Isotopes Inc,cusip_link
187550,04523Y10,ASPN,1145986.0,ASPEN AEROGELS INC,cusip_link
170920,04530L20,ASPU,1487198.0,ASPEN GROUP INC,cusip_link
19418,05211J10,ASPX,1454189.0,Auspex Pharmaceuticals Inc,cusip_link
21150,04624N10,AST,1572552.0,Asterias Biotherapeutics Inc,cusip_link
61766,04648430,ASTC,1001907.0,ASTROTECH Corp,cusip_link
12262,04622410,ASTE,792987.0,ASTEC INDUSTRIES INC,cusip_link
166460,04363580,ASTI,1350102.0,"Ascent Solar Technologies, Inc.",ticker_fallback
64334,92346J10,ASTM,887359.0,Vericel Corp,cusip_link
39136,04634X20,ASTR,1814329.0,Astra Space Inc,cusip_link
38598,00217D10,ASTS,1780312.0,AST SpaceMobile Inc,cusip_link
25138,04649U10,ASUR,884144.0,ASURE SOFTWARE INC,cusip_link
31292,00215L10,ASV,1690881.0,ASV HOLDINGS INC,cusip_link
8864,03233250,ASYS,720500.0,AMTECH SYSTEMS INC,cusip_link
64160,00211W10,ATAC,933405.0,ATC TECHNOLOGY CORP,cusip_link
147101,00213J10,ATC,1157758.0,ATC Ventures Group Inc,cusip_link
36515,04943010,ATCX,1751143.0,ATLAS TECHNICAL CONSULTANTS INC,cusip_link
61069,04622E20,ATEA,945989.0,ASTEA INTERNATIONAL INC,cusip_link
166555,02081G20,ATEC,1350653.0,Alphatec Holdings Inc,cusip_link
19849,00212110,ATEN,1580808.0,A10 Networks Inc,cusip_link
18443,04747710,ATHL,1574648.0,Athlon Energy Inc,cusip_link
177930,04685W10,ATHN,1131096.0,ATHENAHEALTH INC,cusip_link
157635,04743P10,ATHR,1140486.0,ATHEROS COMMUNICATIONS INC,cusip_link
176017,04744L20,ATHX,,,not_found
10405,01741R10,ATI,1018963.0,ATI INC,cusip_link
296677,00216W20,ATIP,1815849.0,ATI Physical Therapy Inc,cusip_link
23220,68557N10,ATK,866121.0,Northrop Grumman Innovation Systems Inc,cusip_link
27014,04764910,ATKR,1666138.0,Atkore Inc.,ticker_fallback
158736,04929810,ATLS,1279228.0,ATLAS ENERGY INC,cusip_link
166458,04929Q10,ATLS,1623595.0,Atlas Energy Group LLC,cusip_link
18019,10586130,ATLX,1540684.0,Atlas Lithium Corp,ticker_fallback
29274,00207R10,ATMI,1041577.0,ATMI INC,cusip_link
23767,04951310,ATML,872448.0,ATMEL CORP,cusip_link
27737,04965B10,ATMR,1420520.0,Atomera Inc,cusip_link
42033,04956D10,ATMU,1921963.0,Atmus Filtration Technologies Inc,cusip_link
24708,00215F10,ATNI,879585.0,ATN International Inc,cusip_link
16947,00507W20,ATNM,1388320.0,Actinium Pharmaceuticals Inc,cusip_link
31405,04685N20,ATNX,,,not_found
164099,00187E20,ATNY,1081078.0,API Technologies Corp,cusip_link
4383,04956010,ATO,731802.0,ATMOS ENERGY CORP,cusip_link
185659,04962H50,ATOS,1488039.0,ATOSSA THERAPEUTICS INC,cusip_link
34144,00838920,ATPC,1713210.0,Agape ATP Corp,ticker_fallback
141982,00208J10,ATPG,1123647.0,ATP OIL & GAS CORP,cusip_link
28176,03833610,ATR,896622.0,APTARGROUP INC,cusip_link
21012,04651320,ATRA,1604464.0,"Atara Biotherapeutics, Inc.",ticker_fallback
163889,04963C20,ATRC,1323885.0,AtriCure Inc,cusip_link
1234,04990410,ATRI,701288.0,ATRION CORP,cusip_link
28712,04964A10,ATRM,908598.0,ATRM Holdings Inc,cusip_link
1823,04643310,ATRO,8063.0,ASTRONICS CORP,cusip_link
165394,00211E10,ATSC,1325460.0,ATS CORP,cusip_link
155280,00922R10,ATSG,894081.0,Air Transport Services Group Inc,cusip_link
22308,00208310,ATSI,,,not_found
1706,29276510,ATU,,,not_found
12485,02156K10,ATUS,1702780.0,Altice USA Inc,cusip_link
180405,00507V10,ATVI,718877.0,ACTIVISION BLIZZARD INC,cusip_link
1860,05009510,ATW,8411.0,ATWOOD OCEANICS INC,cusip_link
3612,22149T10,ATX,25793.0,COSTA INC,cusip_link
28093,00653L30,ATXG,1650101.0,ADDENTAX GROUP CORP,cusip_link
31848,05360L40,ATXI,1644963.0,AVENUE THERAPEUTICS INC,cusip_link
38239,05105P10,AUGX,1769804.0,Augmedix Inc,cusip_link
23001,46264C30,AUID,1534154.0,authID Inc.,ticker_fallback
65921,38111940,AUMN,1011509.0,Golden Minerals Co,ticker_fallback
39872,05153U10,AURA,1501796.0,Aura Biosciences Inc,cusip_link
177650,05266010,AUTH,1138830.0,AUTHENTEC INC,cusip_link
36759,03798830,AUVI,,,not_found
160272,05334D10,AUXL,1182129.0,AUXILIUM PHARMACEUTICALS INC,cusip_link
11304,05379B10,AVA,104918.0,AVISTA CORP,cusip_link
38688,05356F10,AVAH,1832332.0,Aveanna Healthcare Holdings Inc,cusip_link
176362,00807310,AVAV,1368622.0,AEROVIRONMENT INC,cusip_link
43861,04272N10,AVBP,1868279.0,ArriVent Biopharma Inc,cusip_link
30175,25510410,AVCA,,,not_found
1585,03037110,AVD,5981.0,AMERICAN VANGUARD CORP,cusip_link
34682,05355N10,AVDR,1343304.0,AVEDRO INC,cusip_link
39685,05368X10,AVDX,1858257.0,AvidXchange Holdings Inc,cusip_link
184046,05358830,AVEO,1325879.0,AVEO PHARMACEUTICALS INC,cusip_link
180711,11135F10,AVGO,1730168.0,Broadcom Inc.,ticker_fallback
22704,05373487,AVGR,1506928.0,Avinger Inc,cusip_link
27925,05367P10,AVID,896841.0,AVID TECHNOLOGY INC,cusip_link
64857,80360710,AVII,,,not_found
37292,04683R10,AVIR,1593899.0,"Atea Pharmaceuticals, Inc.",ticker_fallback
33610,05338G10,AVLR,1348036.0,AVALARA INC,cusip_link
21776,05348P40,AVNR,858803.0,AVANIR PHARMACEUTICALS INC,cusip_link
176572,05366Y20,AVNW,1377789.0,"AVIAT NETWORKS, INC.",ticker_fallback
37019,60510V10,AVO,1802974.0,Mission Produce Inc,cusip_link
1920,05430310,AVP,8868.0,AVON PRODUCTS INC,cusip_link
39157,05360410,AVPT,1777921.0,AvePoint Inc,cusip_link
33657,87897210,AVRO,,,not_found
1919,05380710,AVT,8858.0,AVNET INC,cusip_link
1906,00234P10,AVTR,39677.0,AV Homes Inc,cusip_link
35065,05352A10,AVTR,1722482.0,Avantor Inc,cusip_link
1072,00244410,AVX,859163.0,AVX CORP,cusip_link
166447,03279730,AVXL,1314052.0,ANAVEX LIFE SCIENCES CORP,cusip_link
26818,05366U10,AVXS,1652923.0,AveXis Inc,cusip_link
1913,05361110,AVY,8818.0,Avery Dennison Corp,cusip_link
32855,05351X10,AVYA,1418100.0,Avaya Holdings Corp,cusip_link
186714,43739Q10,AWAY,,,not_found
175689,04247X10,AWI,7431.0,ARMSTRONG WORLD INDUSTRIES INC,cusip_link
39169,00810J20,AWIN,,,not_found
179437,03042010,AWK,1410636.0,American Water Works Company Inc,cusip_link
9849,02989910,AWR,1056903.0,AMERICAN STATES WATER CO,cusip_link
63454,05453N10,AWRE,1015739.0,AWARE INC /MA/,cusip_link
110802,05343P10,AWX,1061069.0,AVALON HOLDINGS CORP,cusip_link
24005,00383030,AXAS,867665.0,ABRAXAS PETROLEUM CORP,cusip_link
6196,03529010,AXE,52795.0,ANIXTER INTERNATIONAL INC,cusip_link
33812,76151R20,AXIL,1718500.0,Axil Brands Inc,cusip_link
21118,00430H20,AXK,727207.0,Accelerate Diagnostics Inc,cusip_link
117861,02406110,AXL,1062231.0,AMERICAN AXLE & MANUFACTURING HOLDINGS INC,cusip_link
35089,05454B20,AXLA,,,not_found
124634,03740A10,AXN,1060426.0,AOXING PHARMACEUTICAL COMPANY INC,cusip_link
34342,05465P10,AXNX,1603756.0,Axonics Inc,cusip_link
23933,82939910,AXON,1069183.0,"AXON ENTERPRISE, INC.",ticker_fallback
26349,05464T10,AXSM,1579428.0,Axsome Therapeutics Inc,cusip_link
110760,00246W10,AXTI,1051627.0,AXT INC,cusip_link
1279,01736110,AYE,3673.0,ALLEGHENY ENERGY INC,cusip_link
146017,00508Y10,AYI,1144215.0,ACUITY BRANDS INC,cusip_link
179461,05475485,AYTU,1385818.0,AYTU BIOPHARMA INC,cusip_link
30655,02156B10,AYX,1689923.0,Alteryx Inc,cusip_link
36193,05478C10,AZEK,1782754.0,AZEK Co Inc,cusip_link
23809,05333210,AZO,866787.0,AUTOZONE INC,cusip_link
30870,29109X10,AZPN,1897982.0,Aspen Technology Inc,cusip_link
36985,05479K10,AZYO,1708527.0,ELUTIA INC,cusip_link
1926,00247410,AZZ,8947.0,AZZ INC,cusip_link
2049,06780610,B,9984.0,BARNES GROUP INC,cusip_link
2285,09702310,BA,12927.0,BOEING CO,cusip_link
144436,63905010,BABY,,,not_found
37025,96812F10,BAER,1941536.0,Bridger Aerospace Group Holdings Inc,cusip_link
62330,28257U10,BAGL,949373.0,EINSTEIN NOAH RESTAURANT GROUP INC,cusip_link
180759,25532M10,BAGR,1394156.0,DIVERSIFIED RESTAURANT HOLDINGS INC,cusip_link
185881,09950210,BAH,1443646.0,Booz Allen Hamilton Holding Corp,cusip_link
25896,09857010,BAMM,891919.0,BOOKS A MILLION INC,cusip_link
32571,05988J10,BAND,1514416.0,Bandwidth Inc,cusip_link
38937,68622E10,BARK,1819574.0,Original Bark Co,cusip_link
137024,06985P20,BAS,1109189.0,BASIC ENERGY SERVICES INC,cusip_link
39059,22207T10,BASE,1845022.0,Couchbase Inc,cusip_link
65905,45783Q10,BASI,720154.0,Inotiv Inc,cusip_link
27186,04772630,BATRK,1958140.0,Atlanta Braves Holdings Inc,cusip_link
2086,07181310,BAX,10456.0,BAXTER INTERNATIONAL INC,cusip_link
37966,08975B10,BBAI,1836981.0,BigBearai Holdings Inc,cusip_link
264386,09193550,BBBB,1106942.0,BLACKBOARD INC,cusip_link
25338,07589610,BBBY,886158.0,BED BATH & BEYOND INC,cusip_link
174656,10677610,BBEP,,,not_found
162459,43114K20,BBG,,,not_found
129823,07401420,BBGI,1099160.0,BEASLEY BROADCAST GROUP INC,ticker_fallback
35632,10802T20,BBI,819050.0,Fresh Tracks Therapeutics Inc,cusip_link
35264,10806X10,BBIO,1743881.0,BridgeBio Pharma Inc,cusip_link
183921,09542810,BBLU,1422109.0,Blue Earth Inc,cusip_link
176863,08975050,BBND,1381325.0,BIGBAND NETWORKS INC,cusip_link
26012,09182610,BBOX,849547.0,BLACK BOX CORP,cusip_link
185194,10567B10,BBRG,1495479.0,FoodFirst Global Restaurants Inc,cusip_link
28410,06846310,BBSI,902791.0,BARRETT BUSINESS SERVICES INC,cusip_link
161055,12007610,BBW,1113809.0,BUILD-A-BEAR WORKSHOP INC,ticker_fallback
39571,09630810,BBX,315858.0,Bluegreen Vacations Holding Corp,cusip_link
2184,08651610,BBY,764478.0,BEST BUY CO INC,cusip_link
2444,11704310,BC,14930.0,BRUNSWICK CORP,ticker_fallback
37541,09077B10,BCAB,1826892.0,BioAtla Inc,cusip_link
50516,05547710,BCAX,2023658.0,Bicara Therapeutics Inc.,ticker_fallback
16486,09739D10,BCC,1328581.0,BOISE CASCADE CO,cusip_link
24598,09060U60,BCDA,925741.0,"BioCardia, Inc.",ticker_fallback
187698,17888H10,BCEI,1509589.0,CIVITAS RESOURCES INC,cusip_link
35270,04965G10,BCEL,1532346.0,Atreca Inc,cusip_link
153957,10501E30,BCLI,1137883.0,BRAINSTORM CELL THERAPEUTICS INC,cusip_link
28590,10969610,BCO,78890.0,BRINKS CO,ticker_fallback
141198,07367720,BCON,,,not_found
187959,10921T10,BCOV,,,not_found
1979,05766520,BCPC,9326.0,BALCHEM CORP,cusip_link
2044,06738310,BCR,9892.0,BARD C R INC /NJ/,cusip_link
29837,09058V10,BCRX,882796.0,BIOCRYST PHARMACEUTICALS INC,cusip_link
126615,09534T50,BCSI,1095600.0,BLUE COAT SYSTEMS INC,cusip_link
28940,07745410,BDC,913142.0,BELDEN INC,cusip_link
185372,18270P10,BDE,913277.0,Clarus Corp,cusip_link
4759,33851710,BDL,12040.0,FLANIGANS ENTERPRISES INC,ticker_fallback
66610,09128320,BDMS,948072.0,BIRNER DENTAL MANAGEMENT SERVICES INC,cusip_link
61712,09369810,BDR,1000683.0,BLONDER TONGUE LABORATORIES INC,cusip_link
148219,09060J10,BDSI,1103021.0,BIODELIVERY SCIENCES INTERNATIONAL INC,cusip_link
36052,09203E10,BDTX,1701541.0,Black Diamond Therapeutics Inc,cusip_link
2111,07588710,BDX,10795.0,BECTON DICKINSON & CO,cusip_link
33668,09371210,BE,1664703.0,Bloom Energy Corp,cusip_link
35714,07373V10,BEAM,1745999.0,Beam Therapeutics Inc,cusip_link
179441,09067210,BEAT,1779372.0,"HeartBeam, Inc.",ticker_fallback
39592,42238H10,BEAT,1779372.0,HeartBeam Inc,cusip_link
21487,07330210,BEAV,861361.0,B/E AEROSPACE INC,cusip_link
111662,07557120,BEBE,1059272.0,bebe stores inc,cusip_link
15106,07581110,BEC,840467.0,BECKMAN COULTER INC,cusip_link
160598,07368510,BECN,1124941.0,BEACON ROOFING SUPPLY INC,cusip_link
2124,07734730,BELFB,729580.0,BEL FUSE INC /NJ,cusip_link
28435,07813710,BELM,900708.0,BELL MICROPRODUCTS INC,cusip_link
180483,08579W10,BERY,1378992.0,BERRY GLOBAL GROUP INC,cusip_link
176726,82456810,BEST,,,not_found
24990,03211L10,BETR,1640313.0,Amplify Snack Brands INC,cusip_link
64741,10917810,BEXP,,,not_found
1981,05774110,BEZ,9342.0,BALDOR ELECTRIC CO,cusip_link
2435,11563720,BF,,,not_found
65275,10919410,BFAM,1437578.0,BRIGHT HORIZONS FAMILY SOLUTIONS INC.,ticker_fallback
64851,09622730,BFLY,1030896.0,BLUEFLY INC,cusip_link
38079,12415510,BFLY,1804176.0,"Butterfly Network, Inc.",ticker_fallback
41936,12021E10,BFRG,1829247.0,"BullFrog AI Holdings, Inc.",ticker_fallback
39342,09077D20,BFRI,1858685.0,Biofrontera Inc,cusip_link
25405,36930010,BGC,1094831.0,"BGC Group, Inc.",ticker_fallback
145041,08915P10,BGFV,1156388.0,BIG 5 SPORTING GOODS Corp,cusip_link
2393,10904310,BGG,,,not_found
174316,11816710,BGH,1521404.0,BARINGS GLOBAL SHORT DURATION HIGH YIELD FUND,ticker_fallback
178972,08861T20,BGMD,1407038.0,BG Medicine Inc,cusip_link
31849,09970910,BGP,940510.0,BORDERS GROUP INC,cusip_link
39316,08465610,BGRY,,,not_found
158743,05508R10,BGS,1278027.0,B&G Foods Inc,cusip_link
20044,05601C10,BGSF,1474903.0,BGSF INC,cusip_link
41083,10920G10,BGXX,1886799.0,Bright Green Corp,cusip_link
3424,08986R30,BH,1726173.0,Biglari Holdings Inc,cusip_link
23084,08160H10,BHE,863436.0,BENCHMARK ELECTRONICS INC,cusip_link
32106,05722G10,BHGE,1701605.0,Baker Hughes Co,cusip_link
39783,08249020,BHIL,,,not_found
25740,09074B10,BHTG,1590383.0,BIOHITECH GLOBAL INC,cusip_link
14412,83589810,BID,2094919.0,Tribeca Strategic Acquisition Corp.,ticker_fallback
166733,08883T20,BIDZ,1324105.0,BIDZCOM INC,cusip_link
12123,08930210,BIG,768835.0,BIG LOTS INC,cusip_link
36754,08975P10,BIGC,1626450.0,BigCommerce Holdings Inc,cusip_link
24468,09062X10,BIIB,875045.0,BIOGEN IDEC INC,cusip_link
35868,09004310,BILL,1786352.0,Billcom Holdings Inc,cusip_link
2220,09057220,BIO,12208.0,BIO RAD LABORATORIES INC,cusip_link
196160,09072Q10,BIOA,1534287.0,BIOAMBER INC,cusip_link
50567,09077V10,BIOA,1709941.0,BioAge Labs Inc,cusip_link
25396,09071B10,BIOC,822418.0,BIOCLINICA INC,cusip_link
19117,09072V60,BIOC,1044378.0,BIOCEPT INC,cusip_link
35543,68404L20,BIOS,1014739.0,Option Care Health Inc,cusip_link
39546,01675A20,BIRD,1653909.0,Allbirds Inc,cusip_link
63895,09173610,BITS,818813.0,BITSTREAM INC,cusip_link
29819,09075E10,BIVV,1681689.0,Bioverativ Inc,cusip_link
65105,05548J10,BJ,1037461.0,BJS WHOLESALE CLUB INC,cusip_link
33718,05550J10,BJ,1531152.0,BJ's Wholesale Club Holdings Inc,cusip_link
39821,09563350,BJDX,1704287.0,"Bluejay Diagnostics, Inc.",ticker_fallback
66198,05569C10,BJGP,1281696.0,BMP SUNSTONE CORP,cusip_link
63739,09180C10,BJRI,1013488.0,BJS RESTAURANTS INC,cusip_link
164652,11246310,BKD,1332349.0,Brookdale Senior Living Inc.,ticker_fallback
25234,11844010,BKE,885245.0,BUCKLE INC,ticker_fallback
2259,09211310,BKH,1130464.0,BLACK HILLS CORP /SD/,ticker_fallback
180272,09215C10,BKI,1627014.0,Black Knight Inc,cusip_link
61596,11825510,BKI,,,not_found
1974,05714910,BKR,9263.0,BAKER MICHAEL CORP,cusip_link
148224,05746510,BKRS,1171032.0,BAKERS FOOTWEAR GROUP INC,cusip_link
28924,06777410,BKS,890491.0,BARNES & NOBLE INC,cusip_link
39621,09263B20,BKSY,1753539.0,BlackSky Technology Inc,cusip_link
41799,05603J10,BKV,1838406.0,BKV Corp,ticker_fallback
28420,09239B10,BL,1666134.0,BLACKLINE INC,cusip_link
23167,09530610,BLBD,1589526.0,Blue Bird Corp,cusip_link
26630,09229E30,BLBX,1567900.0,BLACKBOXSTOCKS INC,cusip_link
2150,08055510,BLC,356080.0,BELO CORP,cusip_link
22258,07948140,BLCM,1358403.0,BELLICUM PHARMACEUTICALS INC,cusip_link
12992,05826410,BLD,805792.0,BALDWIN TECHNOLOGY CO INC,cusip_link
23245,89055F10,BLD,1633931.0,TopBuild Corp,cusip_link
38779,09266710,BLDE,1779128.0,Blade Air Mobility Inc,cusip_link
163036,12008R10,BLDR,1316835.0,Builders FirstSource Inc,cusip_link
36660,08431010,BLI,1689657.0,Berkeley Lights Inc,cusip_link
176768,10807Q70,BLIN,1378590.0,Bridgeline Digital Inc,cusip_link
260893,09227Q10,BLKB,1280058.0,BLACKBAUD INC,cusip_link
1988,05849810,BLL,9389.0,BALL CORP,cusip_link
171049,09423510,BLMN,1546417.0,Bloomin' Brands Inc,cusip_link
39056,09352U10,BLND,1855747.0,"Blend Labs, Inc.",ticker_fallback
184049,09354A10,BLNK,1429764.0,Blink Charging Co,cusip_link
170444,45672H10,BLOX,,,not_found
22927,07877130,BLPH,1600132.0,Bellerophon Therapeutics Inc,cusip_link
2271,09518010,BLT,1001606.0,BLOUNT INTERNATIONAL INC,cusip_link
23291,09091170,BLTI,811240.0,BIOLASE INC,cusip_link
17998,09609G20,BLUE,,,not_found
19525,00856G10,BLVD,1592016.0,AgroFresh Solutions Inc,cusip_link
39910,05637B10,BLZE,1462056.0,Backblaze Inc,cusip_link
37790,12047B10,BMBL,1830043.0,Bumble Inc,cusip_link
14650,05592110,BMC,835729.0,BMC SOFTWARE INC,cusip_link
38529,09077A10,BMEA,1840439.0,Biomea Fusion Inc,cusip_link
1968,05652510,BMI,9092.0,BADGER METER INC,cusip_link
122257,09061G10,BMRN,1048477.0,BIOMARIN PHARMACEUTICAL INC,cusip_link
2154,08143710,BMS,11199.0,BEMIS CO INC,cusip_link
166569,09064X10,BMTI,1138400.0,BIOMIMETIC THERAPEUTICS INC,cusip_link
37673,05591L10,BMTX,1725872.0,BM Technologies Inc,cusip_link
2403,11012210,BMY,14272.0,BRISTOL MYERS SQUIBB CO,ticker_fallback
2346,10304310,BNE,,,not_found
23208,06777U20,BNED,1634117.0,Barnes & Noble Education Inc,cusip_link
18561,08180D10,BNFT,1576169.0,Benefitfocus Inc,cusip_link
2163,08204710,BNHN,935226.0,BENIHANA INC,cusip_link
197956,03600T10,BNNY,,,not_found
254381,08205P20,BNTC,1808898.0,Benitec Biopharma Inc,cusip_link
164270,09064320,BNVI,1203957.0,BIONOVO INC,cusip_link
141339,06647010,BNX,1341470.0,BANKSCOM INC,cusip_link
2282,09676110,BOBE,33769.0,EVANS BOB FARMS INC,cusip_link
39112,07346330,BODY,1826889.0,Beachbody Company Inc,cusip_link
42987,10523010,BOF,1962481.0,BranchOut Food Inc.,ticker_fallback
23594,09748810,BOJA,1630132.0,Bojangles' Inc,cusip_link
27669,05070R10,BOLD,1628738.0,Audentes Therapeutics Inc,cusip_link
45157,10170A10,BOLD,1782303.0,Boundless Bio Inc,cusip_link
2295,09769810,BOLT,354655.0,Teledyne Bolt Inc,cusip_link
27977,10104410,BOMN,,,not_found
185193,98420P30,BONE,1453593.0,Xtant Medical Holdings Inc,cusip_link
24483,09776J10,BONT,878079.0,BON TON STORES INC,cusip_link
4497,23291C10,BOOM,34067.0,DMC Global Inc,cusip_link
21898,09940610,BOOT,1610250.0,Boot Barn Holdings Inc,cusip_link
30016,50568810,BOOT,1610250.0,"Boot Barn Holdings, Inc.",ticker_fallback
37855,10258P10,BOWL,1840572.0,Bowlero Corp,cusip_link
20088,10316T10,BOX,1372612.0,BOX INC,cusip_link
37476,10317410,BOXD,,,not_found
182112,98979V10,BPI,1305323.0,Zovio Inc,cusip_link
13526,11823010,BPL,,,not_found
23407,09627Y10,BPMC,1597264.0,Blueprint Medicines Corp,cusip_link
32413,0556EL10,BPMP,1708301.0,BP Midstream Partners LP,cusip_link
165563,09057N40,BPTH,1133818.0,BIO-PATH HOLDINGS INC,cusip_link
162909,05563910,BPZ,1023734.0,BPZ RESOURCES INC,cusip_link
139526,67804610,BQI,,,not_found
176928,11133T10,BR,1383312.0,BROADRIDGE FINANCIAL SOLUTIONS INC,cusip_link
35684,07831C10,BRBR,1772016.0,BELLRING BRANDS INC,cusip_link
2352,10467410,BRC,746598.0,BRADY CORP,ticker_fallback
38029,05601U10,BRCC,1891101.0,BRC Inc,cusip_link
120774,11162130,BRCD,,,not_found
66708,11132010,BRCM,,,not_found
19830,09970L10,BRDR,1277141.0,Borderfree Inc,cusip_link
37658,09077J20,BRDS,1861449.0,Bird Global Inc,cusip_link
170535,06753220,BRFH,1487197.0,BARFRESH FOOD GROUP INC.,ticker_fallback
2390,10876310,BRID,14177.0,BRIDGFORD FOODS CORP,ticker_fallback
2176,08467070,BRK,1067983.0,BERKSHIRE HATHAWAY INC,cusip_link
138483,11679410,BRKR,1109354.0,BRUKER CORP,ticker_fallback
31477,11434010,BRKS,,,not_found
12576,09057G60,BRLI,792641.0,BIO REFERENCE LABORATORIES INC,cusip_link
22320,67054R20,BRLI,,,not_found
39556,10950410,BRLT,1866757.0,"Brilliant Earth Group, Inc.",ticker_fallback
2052,06822110,BRN,10048.0,BARNWELL INDUSTRIES INC,cusip_link
164075,11221110,BRNC,,,not_found
39483,26701L10,BROS,1866581.0,Dutch Bros Inc.,ticker_fallback
185344,37953G10,BRSS,,,not_found
66042,09065560,BRTX,1505497.0,BioRestorative Therapies Inc,cusip_link
13431,08579X10,BRY,,,not_found
39942,10576N10,BRZE,1676238.0,Braze Inc,cusip_link
2080,07020310,BSET,10329.0,BASSETT FURNITURE INDUSTRIES INC,cusip_link
36213,09606H30,BSFC,1730773.0,Blue Star Foods Corp.,ticker_fallback
184514,11133B40,BSFT,,,not_found
21824,09073N30,BSGM,1530766.0,BioSig Technologies Inc,cusip_link
23433,09225M10,BSM,1621434.0,Black Stone Minerals LP,cusip_link
29939,09066V10,BSMD,919015.0,BIOSEPRA INC,cusip_link
181794,09067830,BSPM,1418133.0,Biostar Pharmaceuticals Inc,cusip_link
125274,11776U30,BSQR,1054721.0,BSQUARE CORP /WA,cusip_link
24710,09093110,BSTC,875622.0,BIOSPECIFICS TECHNOLOGIES CORP,cusip_link
25279,10113710,BSX,885725.0,BOSTON SCIENTIFIC CORP,ticker_fallback
37076,08265T20,BSY,1031308.0,BENTLEY SYSTEMS INC,cusip_link
36481,0557MQ20,BTBD,1718224.0,"BT Brands, Inc.",ticker_fallback
19767,05581M40,BTCS,1436229.0,BTCS Inc.,ticker_fallback
26891,09074H20,BTCY,1630113.0,BIOTRICITY INC,cusip_link
30219,09643P20,BTH,921503.0,BLYTH INC,cusip_link
24996,53566P10,BTIM,876343.0,Lineage Cell Therapeutics Inc,cusip_link
40528,09174P10,BTM,1901799.0,Bitcoin Depot Inc,cusip_link
43588,04225510,BTOC,1972529.0,Armlogi Holding Corp.,ticker_fallback
37740,11778X10,BTRS,1774155.0,BTRS Holdings Inc,cusip_link
39916,10950A10,BTSG,1865782.0,BrightSpring Health Services Inc,cusip_link
184548,08771Y40,BTTR,1471727.0,Better Choice Co Inc,cusip_link
39994,08773T10,BTTX,1832415.0,Better Therapeutics Inc,cusip_link
142460,70455110,BTU,1064728.0,PEABODY ENERGY CORP,ticker_fallback
15331,05603210,BTUI,840883.0,BTU INTERNATIONAL INC,cusip_link
24363,11875910,BUCY,,,not_found
24437,09531U10,BUFF,1609989.0,Blue Buffalo Pet Products Inc,cusip_link
18675,12201710,BURL,1579298.0,"Burlington Stores, Inc.",ticker_fallback
36883,67021W30,BURU,1814215.0,Nuburu Inc,cusip_link
188157,07327110,BV,1734713.0,"BrightView Holdings, Inc.",ticker_fallback
33637,10948C10,BV,1734713.0,BrightView Holdings Inc,cusip_link
27644,09075A10,BVS,1665988.0,Bioventus Inc,cusip_link
63099,11141270,BVSN,,,not_found
12719,03837C10,BVX,719135.0,Apyx Medical Corp,cusip_link
23865,05614L20,BW,1630805.0,Babcock & Wilcox Enterprises Inc,cusip_link
2448,57669010,BW,1630805.0,"Babcock & Wilcox Enterprises, Inc.",ticker_fallback
28742,09972410,BWA,908255.0,BORG WARNER AUTOMOTIVE INC,cusip_link
185229,05605H10,BWC,1486957.0,BWX Technologies Inc,cusip_link
179249,11161T20,BWEN,1120370.0,BROADWIND ENERGY INC,cusip_link
2342,10256510,BWL,,,not_found
157218,11984810,BWLD,,,not_found
38754,10300210,BWMN,1847590.0,Bowman Consulting Group Ltd.,ticker_fallback
164756,09662710,BWP,1336047.0,BOARDWALK PIPELINE PARTNERS LP,cusip_link
2436,12950010,BWS,,,not_found
161813,09624H20,BXC,1301787.0,BlueLinx Holdings Inc,cusip_link
11877,09629F10,BXG,778946.0,BLUEGREEN VACATIONS CORP,cusip_link
22734,07177M10,BXLT,,,not_found
35796,07160F40,BXRX,,,not_found
29011,10330410,BYD,906553.0,BOYD GAMING CORP,ticker_fallback
12075,05874B10,BYI,2491.0,BALLY TECHNOLOGIES INC,cusip_link
34447,08862E10,BYND,1655210.0,BEYOND MEAT INC,cusip_link
175457,12448X20,BYRN,1354866.0,Byrna Technologies Inc,cusip_link
177697,09746Y10,BZ,1391390.0,BOISE INC,cusip_link
10692,10676410,BZC,,,not_found
37610,12430A30,BZFD,1828972.0,"BuzzFeed, Inc.",ticker_fallback
29755,07556Q88,BZH,915840.0,BEAZER HOMES USA INC,cusip_link
3310,12673P10,CA,356028.0,CA INC,cusip_link
264708,12680430,CAB,,,not_found
35727,12674W10,CABA,1759138.0,Cabaletta Bio Inc,cusip_link
23225,12685J10,CABO,1632127.0,Cable One Inc,cusip_link
2595,12715030,CACH,,,not_found
2596,12719030,CACI,16058.0,CACI INTERNATIONAL INC /DE/,ticker_fallback
39269,13740410,CADL,1841387.0,"Candel Therapeutics, Inc.",ticker_fallback
175483,12738T10,CADX,1333248.0,CADENCE PHARMACEUTICALS INC,cusip_link
178443,16946P10,CAEI,1287668.0,CHINA CGAME INC,cusip_link
23287,28253910,CAFD,,,not_found
3362,20588710,CAG,23217.0,CONAGRA BRANDS INC.,ticker_fallback
164126,16937A20,CAGC,1166389.0,CHINA AGRITECH INC,cusip_link
2751,14149Y10,CAH,721371.0,CARDINAL HEALTH INC,cusip_link
184652,29562510,CAK,,,not_found
25737,16307210,CAKE,887596.0,CHEESECAKE FACTORY INC,ticker_fallback
21627,13089P50,CALA,,,not_found
156613,13123E50,CALD,1035748.0,CALLIDUS SOFTWARE INC,cusip_link
178304,16936J20,CALI,1355042.0,China Auto Logistics Inc,cusip_link
64275,12803020,CALM,16160.0,CAL-MAINE FOODS INC,ticker_fallback
127455,13087210,CALP,,,not_found
183903,13100M50,CALX,1406666.0,CALIX INC,cusip_link
60894,13342B10,CAM,941548.0,CAMERON INTERNATIONAL CORP,cusip_link
2615,12812620,CAMP,1736730.0,Camp4 Therapeutics Corp,ticker_fallback
50682,13463J10,CAMP,1736730.0,Camp4 Therapeutics Corp,cusip_link
38949,13781Y20,CANO,1800682.0,Cano Health Inc,cusip_link
177109,12477X10,CAP,1388430.0,CAI INTERNATIONAL INC,cusip_link
20898,83420330,CAPN,2024203.0,Cayson Acquisition Corp,ticker_fallback
3278,05377410,CAR,723612.0,AVIS BUDGET GROUP INC,cusip_link
187434,14133710,CARB,,,not_found
32541,14178810,CARG,1494259.0,"CarGurus, Inc.",ticker_fallback
36191,14448C10,CARR,1783180.0,CARRIER GLOBAL Corp,cusip_link
29155,14575E10,CARS,1683606.0,Carscom Inc,cusip_link
43316,56539410,CART,1579091.0,Maplebear Inc.,ticker_fallback
29375,14713L10,CASA,1333835.0,Casa Systems Inc,cusip_link
62698,59283R10,CASA,1009244.0,MEXICAN RESTAURANTS INC,cusip_link
2802,14719510,CASC,,,not_found
11805,12476920,CASM,,,not_found
25201,14808P10,CASS,708781.0,CASS INFORMATION SYSTEMS INC,cusip_link
270989,16946T10,CAST,1261888.0,CHINACAST EDUCATION CORP,cusip_link
2807,14752810,CASY,726958.0,CASEYS GENERAL STORES INC,ticker_fallback
2817,14912310,CAT,18230.0,CATERPILLAR INC,ticker_fallback
23980,04635X10,CATB,1454789.0,Astria Therapeutics Inc,cusip_link
2818,14920510,CATO,18255.0,CATO CORP,ticker_fallback
150761,68337340,CATS,,,not_found
43023,14892910,CAVA,1639438.0,"CAVA GROUP, INC.",ticker_fallback
177225,14964U10,CAVM,,,not_found
179662,14964V20,CAVO,1376742.0,CAVICO CORP,cusip_link
11930,12486710,CAW,,,not_found
148772,14986C10,CBAK,1117171.0,CBAK Energy Technology Inc,cusip_link
19600,23257D10,CBAY,1042074.0,CYMABAY THERAPEUTICS INC,cusip_link
3036,17187150,CBB,,,not_found
164407,16948P10,CBEH,1070045.0,CHINA INTEGRATED ENERGY INC,cusip_link
163987,14984710,CBEY,,,not_found
25999,40378310,CBIO,1253689.0,"CRESCENT BIOPHARMA, INC.",ticker_fallback
25108,17104610,CBK,1981546.0,"Commercial Bancgroup, Inc.",ticker_fallback
33423,14081R10,CBLK,1366527.0,Carbon Black Inc,cusip_link
50525,15678C10,CBLL,1861107.0,Ceribell Inc,cusip_link
13839,13201110,CBM,,,not_found
177179,15117P10,CBMG,1378624.0,Cellular Biomedicine Group Inc,cusip_link
151928,20009T50,CBMX,1383183.0,CombiMatrix Corp,cusip_link
164611,14204220,CBOU,,,not_found
19442,21117110,CBPX,,,not_found
3570,22410J10,CBRL,1067294.0,CRACKER BARREL OLD COUNTRY STORE INC,cusip_link
14597,48203L10,CBRX,821995.0,JUNIPER PHARMACEUTICALS INC,cusip_link
63866,22967810,CBST,,,not_found
2593,12705510,CBT,16040.0,CABOT CORP,ticker_fallback
31752,12480510,CBZ,944148.0,"CBIZ, Inc.",ticker_fallback
22741,16385110,CC,1627223.0,Chemours Co,ticker_fallback
36094,74764U20,CCAC,1794621.0,Quanergy Systems Inc,cusip_link
13406,12960310,CCC,1818201.0,CCC Intelligent Solutions Holdings Inc.,ticker_fallback
37081,12529R10,CCCC,1662579.0,C4 Therapeutics Inc,cusip_link
18144,87250W30,CCCR,1556266.0,BAIYU Holdings Inc,cusip_link
39378,12510Q10,CCCS,1818201.0,CCC Intelligent Solutions Holdings Inc,cusip_link
3203,16150R10,CCF,830524.0,CHASE CORP,cusip_link
34259,91809010,CCH,,,not_found
165640,19345930,CCIX,2006291.0,Churchill Capital Corp IX/Cayman,ticker_fallback
3619,22836810,CCK,1219601.0,"CROWN HOLDINGS, INC.",ticker_fallback
183714,16944210,CCME,,,not_found
133726,12571T10,CCMP,,,not_found
27738,14141X10,CCN,1614818.0,CardConnect Corp,cusip_link
164660,18453H10,CCO,1334978.0,Clear Channel Outdoor Holdings Inc,cusip_link
147204,19239V30,CCOI,1158324.0,COGENT COMMUNICATIONS GROUP INC,cusip_link
144396,22748310,CCRN,1141103.0,CROSS COUNTRY HEALTHCARE INC,ticker_fallback
18004,15650430,CCS,1576940.0,"Century Communities, Inc.",ticker_fallback
39787,20848V10,CCSI,1866633.0,Consensus Cloud Solutions Inc,cusip_link
179671,16383L10,CCXI,1340652.0,ChemoCentryx Inc,cusip_link
35154,19201010,CDAK,,,not_found
23546,15677J10,CDAY,1725057.0,Dayforce Inc,cusip_link
3153,19210850,CDE,215466.0,"Coeur Mining, Inc.",ticker_fallback
2538,12507110,CDI,,,not_found
21761,12508E10,CDK,1609702.0,CDK Global Inc,cusip_link
32935,14161W10,CDLX,1666071.0,"Cardlytics, Inc.",ticker_fallback
179834,14167L10,CDNA,1217234.0,CAREDX INC,cusip_link
13421,12738710,CDNS,813672.0,CADENCE DESIGN SYSTEMS INC,ticker_fallback
23494,19200J10,CDRB,1613011.0,Code Rebel Corp,cusip_link
39215,12763L10,CDRE,1860543.0,Cadre Holdings Inc,cusip_link
282553,12514V20,CDTI,,,not_found
23358,17175720,CDTX,,,not_found
28320,12514G10,CDW,1402057.0,CDW CORP,cusip_link
177367,17107740,CDXC,,,not_found
179841,19200510,CDXS,1200375.0,"CODEXIS, INC.",ticker_fallback
12964,12753720,CDZI,727273.0,CADIZ INC,ticker_fallback
162254,15087010,CE,1306830.0,Celanese Corp,ticker_fallback
186779,86887P30,CEAD,1482541.0,CEA Industries Inc,cusip_link
1050,12514110,CECE,,,not_found
66379,71363P10,CECO,1046568.0,PERDOCEO EDUCATION Corp,cusip_link
111961,15343510,CEDC,,,not_found
1995,21037110,CEG,1868275.0,Constellation Energy Corp,ticker_fallback
40614,21037T10,CEG,1868275.0,Constellation Energy Corp,cusip_link
32356,15102K10,CELC,1603454.0,Celcuity Inc,cusip_link
13599,15102010,CELG,,,not_found
30006,10947340,CELL,,,not_found
183703,16890A20,CELM,,,not_found
19184,23275110,CELP,,,not_found
39277,15119020,CELU,1752828.0,Celularity Inc,ticker_fallback
182902,22529Y40,CELZ,1187953.0,"CREATIVE MEDICAL TECHNOLOGY HOLDINGS, INC.",ticker_fallback
140568,16357220,CEMI,,,not_found
33706,15096410,CENN,1707919.0,Cenntro Inc.,ticker_fallback
25536,15352720,CENTA,887733.0,CENTRAL GARDEN & PET CO,ticker_fallback
62516,15643110,CENX,949157.0,CENTURY ALUMINUM CO,ticker_fallback
175271,30053M20,CEP,,,not_found
23945,15670810,CEPH,,,not_found
26149,05338F30,CERC,,,not_found
187285,15677340,CERE,,,not_found
37275,15678U12,CERE,1805387.0,Cerevel Therapeutics Holdings Inc,cusip_link
12850,15678210,CERN,,,not_found
64327,15708510,CERS,1020214.0,CERUS CORP,ticker_fallback
37414,15687V10,CERT,1827090.0,Certara Inc,cusip_link
160471,16938Y30,CEU,1203900.0,CHINA EDUCATION ALLIANCE INC,cusip_link
163946,12526910,CF,1324404.0,"CF Industries Holdings, Inc.",ticker_fallback
3647,23021510,CFI,,,not_found
181099,10969910,CFL,,,not_found
38931,20717M10,CFLT,1699838.0,Confluent Inc,cusip_link
24084,20717E20,CFMS,,,not_found
183257,14170T10,CFN,1457543.0,CAREFUSION Corp,cusip_link
21223,21232640,CFRX,,,not_found
6809,20038K10,CFS,6814.0,COMFORCE CORP,cusip_link
162384,16938R10,CFSG,1271940.0,CHINA FIRE & SECURITY GROUP INC,cusip_link
66515,13780110,CFW,,,not_found
179577,19401450,CFX,,,not_found
21241,16943W20,CGA,857949.0,China Green Agriculture Inc,cusip_link
12782,14018Y20,CGC,726845.0,CAPITAL GOLD CORP,cusip_link
37675,23003110,CGEM,1789972.0,"Cullinan Therapeutics, Inc.",ticker_fallback
29612,15083810,CGI,,,not_found
2606,12770310,CGL,1934387.0,CGL Logistics Holdings Ltd,ticker_fallback
16188,19242210,CGNX,851205.0,COGNEX CORP,ticker_fallback
43858,15694410,CGON,1991792.0,"CG Oncology, Inc.",ticker_fallback
39290,19243B10,CGTX,1455365.0,COGNITION THERAPEUTICS INC,cusip_link
30310,20934110,CGX,,,not_found
165556,15942R20,CHAP,1346980.0,Chaparral Energy Inc,cusip_link
164342,16937B10,CHBT,1271057.0,CHINA-BIOTICS INC,cusip_link
3026,17134010,CHD,313927.0,CHURCH & DWIGHT CO INC /DE/,ticker_fallback
3028,17148410,CHDN,20212.0,Churchill Downs Inc,ticker_fallback
30618,16946710,CHDX,,,not_found
2960,16359R10,CHE,19584.0,ROTO-ROOTER INC,cusip_link
186960,16308610,CHEF,1517175.0,"Chefs' Warehouse, Inc.",ticker_fallback
2856,12541M10,CHG,1061393.0,CH ENERGY GROUP INC,cusip_link
18556,16309210,CHGG,1364954.0,"CHEGG, INC",ticker_fallback
166443,16942P10,CHGS,1338578.0,CHINA GENGSHENG MINERALS INC,cusip_link
27786,16516773,CHK,,,not_found
163921,96949L10,CHKM,1483096.0,WILLIAMS PARTNERS LP,cusip_link
24523,16706W10,CHMA,1339469.0,CHIASMA INC,cusip_link
34954,15912K10,CHNG,1756497.0,Change Healthcare Inc,cusip_link
153191,16891020,CHNG,,,not_found
33596,15957P30,CHRA,1730346.0,Charah Solutions Inc,cusip_link
2938,16113310,CHRS,1512762.0,"Coherus Oncology, Inc.",ticker_fallback
21841,19249H10,CHRS,1512762.0,Coherus BioSciences Inc,cusip_link
65609,12541W20,CHRW,1043277.0,C H ROBINSON WORLDWIDE INC,cusip_link
27981,16861510,CHS,,,not_found
153793,16342810,CHTP,,,not_found
126136,16119P10,CHTR,1091667.0,CHARTER COMMUNICATIONS INC /MO/,cusip_link
27635,20084V30,CHUBK,1665658.0,CommerceHub Inc,cusip_link
22829,67082310,CHUX,,,not_found
187775,17160410,CHUY,,,not_found
35287,16679L10,CHWY,1766502.0,Chewy Inc,cusip_link
3031,17160710,CHYR,,,not_found
155616,17240630,CIDM,,,not_found
184040,19075F30,CIE,1471261.0,Cobalt International Energy Inc,cusip_link
64356,17177930,CIEN,936395.0,CIENA CORP,ticker_fallback
39538,17253J10,CIFR,1819989.0,Cipher Digital Inc.,ticker_fallback
13288,77208120,CIGX,,,not_found
177731,16944H10,CIIC,,,not_found
184351,16890G20,CIL,,,not_found
40475,17240Y10,CINC,1868734.0,CinCor Pharma Inc,cusip_link
39620,17248W30,CING,1862150.0,Cingulate Inc.,ticker_fallback
124775,17273K10,CIR,1091883.0,CIRCOR INTERNATIONAL INC,cusip_link
36335,15672X20,CISO,1777319.0,"CISO Global, Inc.",ticker_fallback
185337,17887R10,CIVI,1608638.0,Civitas Solutions Inc,cusip_link
66602,20563P10,CIX,1049606.0,COMPX INTERNATIONAL INC,cusip_link
186336,12674R10,CJ,1615817.0,C&J Energy Services Inc,cusip_link
12669,14343640,CKEC,,,not_found
26021,81190410,CKH,,,not_found
2953,16282510,CKP,,,not_found
29013,16282820,CKPT,,,not_found
15253,12562M10,CKXE,793044.0,CKX INC,cusip_link
3170,19416210,CL,21665.0,COLGATE PALMOLIVE CO,ticker_fallback
61759,21867A10,CLB,1958086.0,Core Laboratories Inc /DE/,cusip_link
3093,17989510,CLC,,,not_found
23521,19716T10,CLCD,1348649.0,CoLucid Pharmaceuticals Inc,cusip_link
125975,19421R20,CLCT,1089143.0,COLLECTORS UNIVERSE INC,cusip_link
180635,18911Q10,CLD,1441849.0,CLOUD PEAK ENERGY INC,cusip_link
3116,18725U10,CLDA,716646.0,CLINICAL DATA INC,cusip_link
31004,18914U10,CLDR,1535379.0,Cloudera Inc,cusip_link
179598,15117B20,CLDX,744218.0,Celldex Therapeutics Inc,cusip_link
3107,18589910,CLF,764065.0,CLEVELAND-CLIFFS INC.,ticker_fallback
12482,18482P10,CLFD,796505.0,CLEARFIELD INC,cusip_link
14027,18449610,CLH,822818.0,CLEAN HARBORS INC,ticker_fallback
171155,18506410,CLIR,1434524.0,ClearSign Technologies Corp,ticker_fallback
165846,13142810,CLMT,2013745.0,"Calumet, Inc. /DE",ticker_fallback
176343,18449910,CLNE,1368265.0,Clean Energy Fuels Corp.,ticker_fallback
37633,18563420,CLNN,1822791.0,Clene Inc.,ticker_fallback
3469,21201510,CLR,,,not_found
65042,18048910,CLRT,,,not_found
186904,18452B20,CLSK,827876.0,CLEANSPARK INC,cusip_link
66798,15116910,CLU,,,not_found
164606,89214A10,CLUB,1281774.0,TOWN SPORTS INTERNATIONAL HOLDINGS INC,cusip_link
196055,18946410,CLVS,,,not_found
181931,18538R10,CLW,1441236.0,CLEARWATER PAPER CORP,cusip_link
181904,18538Q10,CLWR,1442505.0,CLEARWIRE CORP /DE,cusip_link
3121,18905410,CLX,21076.0,CLOROX CO /DE/,ticker_fallback
32193,17166A10,CLXT,1705843.0,Cibus Inc,cusip_link
38967,14171W20,CMAX,,,not_found
3246,20172310,CMC,22444.0,COMMERCIAL METALS Co,ticker_fallback
62221,19933310,CMCO,1005229.0,COLUMBUS MCKINNON CORP,ticker_fallback
3226,20030N10,CMCSA,1166691.0,COMCAST CORP,cusip_link
144383,16943R10,CMFO,1099977.0,CHINA MARINE FOOD GROUP LTD,cusip_link
165914,16965610,CMG,1058090.0,CHIPOTLE MEXICAN GRILL INC,ticker_fallback
3650,23102110,CMI,26172.0,CUMMINS INC,ticker_fallback
178548,20452A10,CML,1253955.0,COMPELLENT TECHNOLOGIES INC,cusip_link
112030,23108280,CMLS,1058623.0,CUMULUS MEDIA INC,ticker_fallback
2942,13809810,CMN,,,not_found
157153,20451N10,CMP,1227654.0,COMPASS MINERALS INTERNATIONAL INC,cusip_link
36779,16281810,CMPI,,,not_found
37153,20459V10,CMPO,1823144.0,CompoSecure Inc,cusip_link
37364,20454B10,CMPX,1738021.0,Compass Therapeutics Inc,cusip_link
36881,20037C10,CMRA,1907685.0,Comera Life Sciences Holdings Inc,cusip_link
13381,25065K10,CMRG,813298.0,DESTINATION XL GROUP INC,cusip_link
17498,16934W10,CMRX,,,not_found
3439,12589610,CMS,811156.0,CMS ENERGY CORP,ticker_fallback
14794,21868310,CMT,1026655.0,CORE MOLDING TECHNOLOGIES INC,ticker_fallback
3358,20582620,CMTL,23197.0,COMTECH TELECOMMUNICATIONS CORP /DE/,ticker_fallback
178995,04218220,CNAM,1410711.0,Armco Metals Holdings Inc,cusip_link
19534,20602210,CNCE,,,not_found
196269,34960Q30,CNDO,1429260.0,Fortress Biotech Inc,cusip_link
28719,20678710,CNDT,1677703.0,CONDUENT Inc,ticker_fallback
183224,98880R30,CNET,1376321.0,ZW Data Action Technologies Inc.,ticker_fallback
129438,16944U10,CNGL,,,not_found
177108,17243V10,CNK,1385280.0,Cinemark Holdings Inc,cusip_link
2859,12561W10,CNL,1089819.0,CLECO CORP,cusip_link
3399,20825486,CNLG,,,not_found
38870,21874C10,CNM,1856525.0,Core & Main Inc,cusip_link
13623,20741010,CNMD,816956.0,CONMED Corp,ticker_fallback
20960,13765N10,CNNE,1704720.0,Cannae Holdings Inc,cusip_link
21652,12654A10,CNNX,1610418.0,CNX Midstream Partners LP,cusip_link
5742,15189T10,CNP,1130310.0,CENTERPOINT ENERGY INC,cusip_link
116787,20670810,CNQR,,,not_found
15056,98420V10,CNSI,1549872.0,XURA INC,cusip_link
162127,20903410,CNSL,,,not_found
4049,21036U20,CNST,29806.0,CONSTAR INTERNATIONAL INC,cusip_link
33724,21037310,CNST,,,not_found
41174,20794410,CNTM,1895249.0,"ConnectM Technology Solutions, Inc.",ticker_fallback
39633,21077P10,CNTX,1842952.0,Context Therapeutics Inc.,ticker_fallback
29151,15649210,CNTY,911147.0,CENTURY CASINOS INC /CO/,ticker_fallback
61061,21217210,CNU,,,not_found
184219,21257W10,CNVO,,,not_found
38868,21258C10,CNVY,1787640.0,Convey Health Solutions Holdings Inc,cusip_link
3416,20594410,CNW,,,not_found
120093,12653C10,CNX,1070412.0,CNX Resources Corp,cusip_link
37382,20602D10,CNXC,1803599.0,Concentrix Corp,cusip_link
23537,20855T10,CNXC,1637558.0,CONSOL Coal Resources LP,cusip_link
21999,20786J10,CNXR,,,not_found
116526,20714230,CNXT,,,not_found
137371,16945D30,CNYD,1091325.0,CHINA YIDA HOLDING CO,cusip_link
4128,19104210,COBR,,,not_found
38030,29415V10,COCH,1840877.0,"Envoy Medical, Inc.",ticker_fallback
39749,92846Q10,COCO,1482981.0,Vita Coco Company Inc,cusip_link
19467,19188J40,COCP,1412486.0,Cocrystal Pharma Inc,cusip_link
183547,19188U20,CODA,1334325.0,Coda Octopus Group Inc,cusip_link
163772,84649R20,CODE,1322705.0,SPANSION INC,cusip_link
166368,20451Q10,CODI,1345122.0,Compass Group Diversified Holdings LLC,cusip_link
31542,18976310,CODX,1692415.0,"Co-Diagnostics, Inc.",ticker_fallback
38082,19207A20,COEP,,,not_found
20548,12709710,COG,,,not_found
160498,19239Y10,COGT,1289434.0,COGENT INC,cusip_link
36949,19240Q20,COGT,1622229.0,"Cogent Biosciences, Inc.",ticker_fallback
140541,87603010,COH,,,not_found
3157,19247910,COHR,820318.0,COHERENT CORP.,ticker_fallback
3158,19257610,COHU,21535.0,COHU INC,ticker_fallback
3138,19109810,COKE,317540.0,"Coca-Cola Consolidated, Inc.",ticker_fallback
144066,77434110,COL,,,not_found
23555,19459J10,COLL,1267565.0,COLLEGIUM PHARMACEUTICAL INC,cusip_link
105936,19851610,COLM,1050797.0,COLUMBIA SPORTSWEAR CO,ticker_fallback
18036,20337X10,COMM,1517228.0,CommScope Holding Company Inc,cusip_link
38077,20565040,COMS,,,not_found
10553,88553510,COMS,,,not_found
176289,20585910,COMV,,,not_found
50345,20603L10,CON,2014596.0,Concentra Group Holdings Parent Inc,cusip_link
31751,20741M10,CONM,943324.0,CONMED HEALTHCARE MANAGEMENT INC,cusip_link
156614,20824210,CONN,,,not_found
3504,21664850,COO,711404.0,"COOPER COMPANIES, INC.",ticker_fallback
39317,89269P10,COOK,1857853.0,Traeger Inc,cusip_link
122916,73109420,COOL,,,not_found
8549,20825C10,COP,1163165.0,CONOCOPHILLIPS,cusip_link
162876,21868110,CORE,,,not_found
19912,21887L10,CORI,1594337.0,Corium International Inc,cusip_link
146616,21835210,CORT,1088856.0,CORCEPT THERAPEUTICS INC,ticker_fallback
37871,21874A10,CORZ,1839341.0,Core Scientific Inc/tx,cusip_link
148249,22122P20,COSI,1171014.0,COSI INC,cusip_link
18874,22141330,COSM,1474167.0,Cosmos Health Inc.,ticker_fallback
29028,22160K10,COST,909832.0,COSTCO WHOLESALE CORP /NEW,cusip_link
27245,22164K10,COTV,1657197.0,Cotiviti Holdings Inc,cusip_link
12151,22207020,COTY,1024305.0,COTY INC.,ticker_fallback
28084,22266L10,COUP,1385867.0,Coupa Software Inc,cusip_link
19747,74911910,COUP,,,not_found
38265,22266M10,COUR,1651562.0,Coursera Inc,cusip_link
18571,22357R10,COVS,,,not_found
41878,22407B10,COYA,1835022.0,Coya Therapeutics Inc,cusip_link
177949,21771220,COYN,,,not_found
27576,82900L10,CPAA,1702744.0,Simply Good Foods Co,cusip_link
164746,22228P30,CPAH,1236997.0,COUNTERPATH CORP,cusip_link
2663,13442910,CPB,16732.0,CAMPBELL'S Co,ticker_fallback
30185,14075T10,CPD,887708.0,CARACO PHARMACEUTICAL LABORATORIES LTD,cusip_link
15060,13123X50,CPE,928022.0,Callon Petroleum Co,cusip_link
180231,12620N10,CPEX,1418919.0,CPEX PHARMACEUTICALS INC,cusip_link
184684,16950V20,CPGI,,,not_found
23827,19828010,CPGX,,,not_found
31099,13811E10,CPHC,926761.0,CANTERBURY PARK HOLDING CORP,cusip_link
136804,15670R10,CPHD,1037760.0,CEPHEID,cusip_link
178097,23077010,CPIX,1087294.0,CUMBERLAND PHARMACEUTICALS INC,ticker_fallback
2986,16530310,CPK,19745.0,CHESAPEAKE UTILITIES CORP,ticker_fallback
138321,13054D10,CPKI,789356.0,CALIFORNIA PIZZA KITCHEN INC,cusip_link
163878,13959410,CPLA,,,not_found
38092,22266T10,CPNG,1834584.0,Coupang Inc,cusip_link
162272,21720210,CPNO,,,not_found
66016,45718710,CPO,,,not_found
21895,19828110,CPPL,,,not_found
29901,21720410,CPRT,900075.0,COPART INC,ticker_fallback
175966,14888U10,CPRX,1369568.0,CATALYST PHARMACEUTICALS INC,cusip_link
163765,21676P10,CPS,1320461.0,Cooper-Standard Holdings Inc,cusip_link
147849,20530610,CPSI,,,not_found
176369,16941J20,CPSL,1044577.0,China Precision Steel Inc,cusip_link
36678,36850R20,CPSR,1805087.0,GELESIS HOLDINGS INC,cusip_link
37908,15673X20,CPTN,1498233.0,Cepton Inc,cusip_link
62236,20601610,CPTS,,,not_found
62590,22148510,CPWM,,,not_found
26011,20563810,CPWR,827099.0,Ocean Thermal Energy Corp,ticker_fallback
164543,20453E10,CPX,1340041.0,SPN FAIRWAY ACQUISITION INC,cusip_link
18613,15089R10,CPXX,1327467.0,Celator Pharmaceuticals Inc,cusip_link
2555,12590210,CPY,,,not_found
10884,17003280,CQB,,,not_found
19296,16411W10,CQH,1582966.0,Cheniere Energy Partners LP Holdings LLC,cusip_link
176914,16411Q10,CQP,1383650.0,CHENIERE ENERGY PARTNERS LP,cusip_link
3580,22440810,CR,1944013.0,Crane Co,ticker_fallback
127234,15100E10,CRA,77551.0,APPLIED BIOSYSTEMS INC,cusip_link
109919,12618T10,CRAI,1053706.0,CRA INTERNATIONAL INC,cusip_link
61350,22522330,CRAY,,,not_found
22035,21833P30,CRBP,1595097.0,Corbus Pharmaceuticals Holdings Inc,cusip_link
39291,14203810,CRBU,1619856.0,"Caribou Biosciences, Inc.",ticker_fallback
21431,13057Q30,CRC,1609253.0,California Resources Corp,cusip_link
25181,17111710,CRC,1609253.0,California Resources Corp,ticker_fallback
19352,14163310,CRCM,,,not_found
184470,22658D10,CRCT,1828962.0,Cricut Inc,cusip_link
165943,25236610,CRDC,,,not_found
2888,15671010,CRDN,,,not_found
3594,22543920,CRED,,,not_found
21554,22530J30,CREX,1356093.0,CREATIVE REALITIES INC,cusip_link
176064,15961010,CRGE,,,not_found
43555,14179K10,CRGX,1966494.0,CARGO Therapeutics Inc,cusip_link
40383,44952J10,CRGY,1866175.0,Crescent Energy Co,cusip_link
150278,14622910,CRI,1060822.0,CARTERS INC,ticker_fallback
138341,23126930,CRIS,1108205.0,CURIS INC,ticker_fallback
34010,20576830,CRK,23194.0,COMSTOCK RESOURCES INC,ticker_fallback
137131,15986410,CRL,1100682.0,"CHARLES RIVER LABORATORIES INTERNATIONAL, INC.",ticker_fallback
157855,79466L30,CRM,1108524.0,SALESFORCECOM INC,cusip_link
185083,22880310,CRMB,,,not_found
183945,21900C30,CRMD,1410098.0,CorMedix Inc,cusip_link
13602,03062T10,CRMT,799850.0,AMERICAS CARMART INC,cusip_link
63707,21914110,CRN,,,not_found
35614,15672710,CRNC,1768267.0,Cerence Inc.,ticker_fallback
33723,22663K10,CRNX,1658247.0,Crinetics Pharmaceuticals Inc,cusip_link
164755,22704610,CROX,1334036.0,"Crocs, Inc.",ticker_fallback
62686,14078110,CRR,,,not_found
3556,22266010,CRRC,,,not_found
62541,22004Y10,CRRS,943110.0,CORPORATE RESOURCE SERVICES INC,cusip_link
2787,14428510,CRS,17843.0,CARPENTER TECHNOLOGY CORP,ticker_fallback
37090,22041X10,CRSR,1743759.0,Corsair Gaming Inc,cusip_link
109181,16942310,CRTP,,,not_found
181617,21924P10,CRTX,1145404.0,CORNERSTONE THERAPEUTICS INC,cusip_link
35102,22053A10,CRTX,1662774.0,Cortexyme Inc,cusip_link
16401,17275510,CRUS,772406.0,"CIRRUS LOGIC, INC.",ticker_fallback
3129,19034510,CRV,,,not_found
26895,22101510,CRVS,1626971.0,"Corvus Pharmaceuticals, Inc.",ticker_fallback
35182,22788C10,CRWD,1535527.0,CrowdStrike Holdings Inc,cusip_link
134026,22841110,CRWN,,,not_found
3622,22830910,CRWS,25895.0,CROWN CRAFTS INC,ticker_fallback
185946,18271L10,CRXT,1817944.0,Clarus Therapeutics Holdings Inc,cusip_link
27823,22890310,CRY,,,not_found
65220,14457710,CRZO,,,not_found
3336,23355L10,CSC,1688568.0,DXC Technology Co,cusip_link
141389,14732210,CSCD,,,not_found
20779,17275R10,CSCO,858877.0,CISCO SYSTEMS INC,cusip_link
147451,14141A10,CSCX,1323115.0,CARDIAC SCIENCE CORP,cusip_link
112111,22160N10,CSGP,1057352.0,COSTAR GROUP INC,cusip_link
62266,12634910,CSGS,,,not_found
13032,14754D10,CSH,807884.0,CASH AMERICA INTERNATIONAL INC,cusip_link
179413,14161910,CSII,,,not_found
61205,16941P10,CSKI,798985.0,CHINA SKY ONE MEDICAL INC,cusip_link
2771,14233910,CSL,790051.0,CARLISLE COMPANIES INC,ticker_fallback
38059,20460L10,CSLR,1838987.0,Complete Solaria Inc,cusip_link
19773,14862Q10,CSLT,1433714.0,CASTLIGHT HEALTH INC,cusip_link
185646,21925Y10,CSOD,,,not_found
2573,12638910,CSPI,356037.0,CSP INC /MA/,ticker_fallback
36050,14762610,CSPR,,,not_found
166028,16942J10,CSR,1260625.0,CHINA SECURITY & SURVEILLANCE TECHNOLOGY INC,cusip_link
26304,12650T10,CSRA,1646383.0,CSRA Inc,cusip_link
2556,12590610,CSS,,,not_found
32322,16842Q10,CSSE,1679063.0,Chicken Soup for the Soul Entertainment Inc,cusip_link
17699,12646R10,CST,,,not_found
35396,14843C10,CSTL,1447362.0,CASTLE BIOSCIENCES INC,cusip_link
65026,69007010,CSTR,,,not_found
65732,14047520,CSU,,,not_found
63456,14390510,CSV,1016281.0,CARRIAGE SERVICES INC,ticker_fallback
24601,12640210,CSWI,,,not_found
2574,12640810,CSX,277948.0,CSX CORP,ticker_fallback
3062,17290810,CTAS,723254.0,CINTAS CORP,ticker_fallback
3502,21683110,CTB,,,not_found
178493,21031310,CTCT,,,not_found
116829,23258P10,CTEK,1011432.0,CYNERGISTEK INC,cusip_link
181445,83002F10,CTEK,1382219.0,6D Global Technologies Inc,cusip_link
140761,16945310,CTFO,,,not_found
186109,21077F10,CTGO,1502377.0,Contango ORE Inc,cusip_link
3342,20547710,CTGX,,,not_found
65850,15976520,CTHR,,,not_found
64515,12648L60,CTIC,891293.0,CTI BIOPHARMA CORP,cusip_link
39246,23285D10,CTKB,1831915.0,Cytek Biosciences Inc,cusip_link
2884,55024110,CTL,,,not_found
20228,14880610,CTLT,,,not_found
24035,14838T20,CTM,1877939.0,Castellum Inc,cusip_link
26112,23284F10,CTMX,1501989.0,CytomX Therapeutics Inc,cusip_link
45151,21217B10,CTNM,1855175.0,Contineum Therapeutics Inc,cusip_link
42891,16307X20,CTNT,1951667.0,CHEETAH NET SUPPLY CHAIN SERVICE INC.,ticker_fallback
38840,17331Y10,CTOR,1851484.0,CITIUS ONCOLOGY INC,cusip_link
185926,22945C10,CTP,1439199.0,CTPARTNERS EXECUTIVE SEARCH INC,cusip_link
27841,02076410,CTRA,1704715.0,Alpha Metallurgical Resources Inc,cusip_link
45232,15592310,CTRI,1981599.0,"Centuri Holdings, Inc.",ticker_fallback
18291,21240D10,CTRL,1259515.0,CONTROL4 CORP,cusip_link
163051,17306X10,CTRN,1318484.0,CITI TRENDS INC,cusip_link
2577,12650110,CTS,26058.0,CTS CORP,ticker_fallback
111864,19244610,CTSH,1058290.0,COGNIZANT TECHNOLOGY SOLUTIONS CORP,ticker_fallback
163965,23283X20,CTSO,1175151.0,Cytosorbents Corp,cusip_link
65142,20337210,CTV,,,not_found
37909,45767910,CTV,,,not_found
35168,22052L10,CTVA,1755672.0,Corteva Inc,cusip_link
3394,20779710,CTWS,,,not_found
21807,17322U30,CTXR,1506251.0,"Citius Pharmaceuticals, Inc.",ticker_fallback
61676,17737610,CTXS,,,not_found
3639,22966910,CUB,2015955.0,Lionheart Holdings,ticker_fallback
18838,06832310,CUDA,1348334.0,BARRACUDA NETWORKS INC,cusip_link
32674,22978P10,CUE,1645460.0,Cue Biopharma Inc,cusip_link
18885,22979430,CUEN,1424657.0,Cuentas Inc.,ticker_fallback
65675,68559A20,CUI,,,not_found
3465,21161530,CUO,,,not_found
37214,23130Q10,CURI,1776909.0,CuriosityStream Inc,cusip_link
39156,89142B10,CURV,1792781.0,Torrid Holdings Inc,cusip_link
146648,23210910,CUTR,,,not_found
2870,15577110,CV,1378325.0,"CapsoVision, Inc",ticker_fallback
23485,22282E10,CVA,225648.0,COVANTA HOLDING CORP,cusip_link
2820,14956810,CVCO,278166.0,"CAVCO INDUSTRIES, INC.",ticker_fallback
64162,22281610,CVD,,,not_found
34765,22304C10,CVET,1752836.0,COVETRUS INC,cusip_link
113419,21248510,CVG,,,not_found
160570,20260810,CVGI,1290900.0,"Commercial Vehicle Group, Inc.",ticker_fallback
147708,12824610,CVGW,,,not_found
178672,12662P10,CVI,1376139.0,CVR ENERGY INC,cusip_link
33588,22305A10,CVIA,1722287.0,Covia Holdings Corp,cusip_link
41616,12763620,CVKD,1937993.0,"Cadrenal Therapeutics, Inc.",ticker_fallback
174077,20416610,CVLT,1169561.0,COMMVAULT SYSTEMS INC,ticker_fallback
30999,14686910,CVNA,1690820.0,CARVANA CO.,ticker_fallback
61338,15670S40,CVO,920321.0,CENVEO INC,cusip_link
33150,21248110,CVON,,,not_found
2999,16808810,CVR,19871.0,CHICAGO RIVET & MACHINE CO,ticker_fallback
15093,12663P10,CVRR,1558785.0,CVR Refining LP,cusip_link
21520,21873010,CVRS,,,not_found
39127,12663810,CVRX,1235912.0,"CVRx, Inc.",ticker_fallback
7241,12665010,CVS,64803.0,CVS HEALTH Corp,ticker_fallback
14864,46645Q10,CVSL,1403085.0,JRjr33 Inc,cusip_link
37356,12667710,CVT,,,not_found
18322,23247G10,CVT,1122897.0,CVENT INC,cusip_link
30877,22284P10,CVTI,928658.0,COVENANT LOGISTICS GROUP INC,cusip_link
25726,12591930,CVU,889348.0,CPI AEROSTRUCTURES INC,ticker_fallback
2581,12660110,CVV,766792.0,CVD EQUIPMENT CORP,ticker_fallback
116284,16947620,CVVT,,,not_found
2991,16676410,CVX,93410.0,CHEVRON CORP,ticker_fallback
3662,23156110,CW,26324.0,CURTISS WRIGHT CORP,ticker_fallback
39554,18512310,CWAN,1866368.0,"Clearwater Analytics Holdings, Inc.",ticker_fallback
22803,19249J30,CWBR,,,not_found
28296,96949010,CWEI,,,not_found
19071,13462K10,CWH,1669779.0,Camping World Holdings Inc,cusip_link
65702,14744810,CWST,911177.0,CASELLA WASTE SYSTEMS INC,ticker_fallback
2628,13078810,CWT,1035201.0,CALIFORNIA WATER SERVICE GROUP,ticker_fallback
64304,19306820,CWTR,,,not_found
37526,23248B10,CXAI,1820875.0,CXApp Inc,cusip_link
178327,16948F10,CXDC,1353970.0,China XD Plastics Co Ltd,cusip_link
164665,12618H30,CXG,1335793.0,CNX GAS CORP,cusip_link
38915,85208T10,CXM,1569345.0,Sprinklr Inc,cusip_link
177884,20605P10,CXO,1358071.0,CONCHO RESOURCES INC,cusip_link
25745,22662K20,CXPO,813779.0,CRIMSON EXPLORATION INC,cusip_link
42284,22444110,CXT,25445.0,"Crane NXT, Co.",ticker_fallback
12215,23280610,CY,,,not_found
12575,23243730,CYAN,768408.0,CYANOTECH CORP,ticker_fallback
14108,23251710,CYBE,,,not_found
6839,23252E10,CYBI,60876.0,CYBEX INTERNATIONAL INC,cusip_link
121656,23251J10,CYBS,934280.0,CYBERSOURCE CORP,cusip_link
34746,23255M20,CYCN,1755237.0,Cyclerion Therapeutics Inc,cusip_link
178063,23248L10,CYDE,1377720.0,CYBERDEFENDER CORP,cusip_link
23714,20366810,CYH,1108109.0,COMMUNITY HEALTH SYSTEMS INC,ticker_fallback
63600,23257210,CYMI,,,not_found
17692,23247W10,CYNI,1391636.0,CYAN INC,cusip_link
164664,23257720,CYNO,,,not_found
5841,23267450,CYPB,,,not_found
162146,22905030,CYRX,1124524.0,"Cryoport, Inc.",ticker_fallback
29511,23282010,CYT,,,not_found
38925,23284P10,CYT,1662244.0,Cyteir Therapeutics Inc,cusip_link
106100,23254X20,CYTH,922247.0,Cyclo Therapeutics Inc,cusip_link
158563,23282W60,CYTK,1061983.0,CYTOKINETICS INC,ticker_fallback
254096,72941H50,CYTX,1095981.0,PLUS THERAPEUTICS INC,cusip_link
39371,23284C10,CYXT,1794905.0,Cyxtera Technologies Inc,cusip_link
20423,12768610,CZR,1590895.0,"Caesars Entertainment, Inc.",ticker_fallback
4029,25746U10,D,715957.0,DOMINION ENERGY INC,cusip_link
3761,23769010,DAIO,351998.0,DATA I/O CORP,ticker_fallback
170994,23425510,DAKP,,,not_found
29705,23426410,DAKT,915779.0,DAKTRONICS INC /SD/,ticker_fallback
3851,24736170,DAL,27904.0,"DELTA AIR LINES, INC.",ticker_fallback
3734,23582520,DAN,26780.0,DANA Inc,ticker_fallback
30651,23726610,DAR,916540.0,DARLING INGREDIENTS INC.,ticker_fallback
179428,23703P30,DARA,,,not_found
32233,23666P20,DARE,1401914.0,"Dare Bioscience, Inc.",ticker_fallback
37420,25809K10,DASH,1792789.0,DoorDash Inc,cusip_link
17695,87336U10,DATA,,,not_found
39426,23816M20,DATS,,,not_found
63930,05551A10,DAVE,1021270.0,BBQ HOLDINGS INC,cusip_link
38763,23954D10,DAWN,1845337.0,Day One Biopharmaceuticals Inc,cusip_link
3946,25365120,DBD,28823.0,"DIEBOLD NIXDORF, Inc",ticker_fallback
35152,25401N50,DBGI,1668010.0,"Digital Brands Group, Inc.",ticker_fallback
4052,29606410,DBLE,,,not_found
4072,04351G20,DBRN,1498301.0,Ascena Retail Group Inc,cusip_link
175835,25859810,DBTK,,,not_found
37863,24343R10,DBTX,1656536.0,Decibel Therapeutics Inc,cusip_link
33152,26210C10,DBX,1467623.0,DROPBOX INC,cusip_link
41111,46655E10,DC,1852353.0,Dakota Gold Corp,cusip_link
1884,25252910,DCAI,,,not_found
37146,25608610,DCGO,1822359.0,DocGo Inc.,ticker_fallback
4036,25765110,DCI,29644.0,DONALDSON Co INC,ticker_fallback
170353,25383B10,DCIN,1510326.0,DIGITAL CINEMA DESTINATIONS CORP,cusip_link
4091,26414710,DCO,30305.0,DUCOMMUN INC /DE/,ticker_fallback
32383,24344T10,DCPH,1654151.0,Deciphera Pharmaceuticals Inc,cusip_link
36788,26412010,DCT,,,not_found
140023,24661P80,DCTH,872912.0,DELCATH SYSTEMS INC,cusip_link
4087,26353410,DD,1666700.0,"DuPont de Nemours, Inc.",ticker_fallback
62288,78402X10,DDD,910638.0,3D SYSTEMS CORP,ticker_fallback
147657,26009510,DDE,,,not_found
133945,23316250,DDIC,,,not_found
187809,25386U10,DDMG,1490930.0,DIGITAL DOMAIN MEDIA GROUP INC,cusip_link
63468,26784F10,DDMX,1015483.0,DYNAMEX INC,cusip_link
35620,23804L10,DDOG,1561550.0,Datadog Inc,cusip_link
63572,25367520,DDRX,,,not_found
3964,25406710,DDS,28917.0,"DILLARD'S, INC.",ticker_fallback
3835,24419910,DE,315189.0,DEERE & CO,ticker_fallback
29015,24353710,DECK,910521.0,DECKERS OUTDOOR CORP,ticker_fallback
177465,24379J20,DEER,1388855.0,DEER CONSUMER PRODUCTS INC,cusip_link
64135,24785010,DEL,,,not_found
14489,24703L20,DELL,1571996.0,Dell Technologies Inc,cusip_link
20653,24790A10,DEN,945764.0,DENBURY INC,cusip_link
19398,24869P10,DENN,852772.0,DENNY'S Corp,cusip_link
176565,26502610,DEP,,,not_found
21617,24983L10,DERM,1557883.0,Dermira Inc,cusip_link
39941,48115J10,DERM,1867066.0,Journey Medical Corp,cusip_link
27936,25065D10,DEST,896985.0,Destination Maternity Corp,cusip_link
62655,24237020,DF,,,not_found
26863,15644G10,DFBG,844143.0,Centric Brands Inc,cusip_link
37793,26154D10,DFH,1825088.0,Dream Finders Homes Inc,cusip_link
27803,25787G10,DFIN,1669811.0,Donnelley Financial Solutions Inc,cusip_link
36237,68236X10,DFPH,1799191.0,Oncology Institute Inc,cusip_link
179094,24507710,DFRG,,,not_found
2061,06879810,DFZ,749872.0,BARRY R G CORP /OH/,cusip_link
4016,25667710,DG,29534.0,DOLLAR GENERAL CORP,ticker_fallback
3855,24774810,DGAS,,,not_found
180029,25389M87,DGI,1208208.0,DIGITALGLOBE INC,cusip_link
16710,25379810,DGII,854775.0,DIGI INTERNATIONAL INC,ticker_fallback
21076,25381F10,DGLT,1487906.0,DIGILITI MONEY GROUP INC,cusip_link
12096,29402E10,DGSE,,,not_found
64166,74834L10,DGX,1022079.0,QUEST DIAGNOSTICS INC,cusip_link
39476,24477E10,DH,1861795.0,Definitive Healthcare Corp,cusip_link
25340,23331A10,DHI,882184.0,HORTON D R INC /DE/,cusip_link
3735,23585110,DHR,313616.0,DANAHER CORP /DE/,ticker_fallback
177943,23331S10,DHX,1393883.0,DHI GROUP INC,cusip_link
38824,32055110,DIBS,1600641.0,"1stdibs.com, Inc.",ticker_fallback
39508,23345J10,DICE,1645569.0,DICE Therapeutics Inc,cusip_link
136646,28059720,DIET,,,not_found
3833,24363120,DII,,,not_found
12277,76155720,DINE,,,not_found
3969,25454310,DIOD,29002.0,DIODES INC /DEL/,ticker_fallback
3980,25468710,DIS,1744489.0,Walt Disney Co,ticker_fallback
60900,25470M10,DISH,1001082.0,DISH Network CORP,cusip_link
61122,02341Q20,DIT,928465.0,AMCON DISTRIBUTING CO,cusip_link
121153,25500T10,DITC,1080667.0,DITECH NETWORKS INC,cusip_link
174471,25541310,DIVX,,,not_found
12568,23391210,DJCO,783412.0,DAILY JOURNAL CORP,ticker_fallback
38881,25400Q10,DJT,1849635.0,Trump Media & Technology Group Corp,cusip_link
166563,24665A10,DK,1694426.0,"Delek US Holdings, Inc.",ticker_fallback
12833,24664T10,DKL,1552797.0,"Delek Logistics Partners, LP",ticker_fallback
36404,26142V10,DKNG,1883685.0,DraftKings Inc,cusip_link
150139,25339310,DKS,1089063.0,"DICK'S SPORTING GOODS, INC.",ticker_fallback
137432,24736810,DLA,,,not_found
185661,25250T20,DLGC,1366649.0,DIALOGIC INC,cusip_link
119474,24691110,DLIA,,,not_found
175299,25686H30,DLPN,1282224.0,"Dolphin Entertainment, Inc.",ticker_fallback
26335,26443V10,DLTH,1649744.0,DULUTH HOLDINGS INC,cusip_link
31587,25674610,DLTR,935703.0,"DOLLAR TREE, INC.",ticker_fallback
3863,24801910,DLX,27996.0,DELUXE CORP,ticker_fallback
37537,25058X30,DM,,,not_found
177982,25659P40,DM,1396838.0,Dolan Co,cusip_link
21918,25745410,DM,,,not_found
178113,24802R50,DMAN,1400400.0,DEMANDTEC INC,cusip_link
185703,52177G10,DMD,1365038.0,LEAF GROUP LTD,cusip_link
163627,25260310,DMND,,,not_found
17175,89892010,DMPI,,,not_found
181290,25381B10,DMRC,1089443.0,DIGIMARC CORP,cusip_link
36748,25401G40,DMS,,,not_found
20621,24984K10,DMTK,1651944.0,DermTech Inc,cusip_link
26197,25433V10,DMTX,1592288.0,Dimension Therapeutics Inc,cusip_link
39680,37611X20,DNA,1830214.0,"Ginkgo Bioworks Holdings, Inc.",ticker_fallback
25129,82640U40,DNAI,1290149.0,Sierra Oncology Inc,cusip_link
38923,19200320,DNAY,,,not_found
4094,26484T10,DNB,1799208.0,Dun & Bradstreet Holdings Inc,cusip_link
136884,24823Q10,DNDN,1107332.0,DENDREON CORP,cusip_link
3971,25454610,DNEX,,,not_found
174222,26550410,DNKN,,,not_found
32775,24823R10,DNLI,1714899.0,Denali Therapeutics Inc,cusip_link
37630,23627240,DNMR,,,not_found
20235,67011P10,DNOW,1599617.0,NOW Inc,cusip_link
133767,50101L10,DNUT,1857154.0,Krispy Kreme Inc,cusip_link
61409,25271C20,DO,949039.0,DIAMOND OFFSHORE DRILLING INC,cusip_link
38188,25402D10,DOCN,1582961.0,DigitalOcean Holdings Inc,cusip_link
38927,26622P10,DOCS,1516513.0,"Doximity, Inc.",ticker_fallback
33301,25616310,DOCU,1261333.0,"DOCUSIGN, INC.",ticker_fallback
2812,25660310,DOLE,1857475.0,Dole plc,ticker_fallback
33603,25755410,DOMO,1505952.0,"DOMO, INC.",ticker_fallback
23753,25827810,DORM,868780.0,"Dorman Products, Inc.",ticker_fallback
4058,26000310,DOV,29905.0,DOVER Corp,ticker_fallback
31657,25985T10,DOVA,1685071.0,Dova Pharmaceuticals Inc,cusip_link
165053,26041210,DOVR,,,not_found
34443,26055710,DOW,1751788.0,DOW INC.,ticker_fallback
21047,25456K10,DPLO,1610092.0,Diplomat Pharmacy Inc,cusip_link
165466,23311P10,DPM,1338065.0,DCP Midstream Partners LP,cusip_link
179700,26138E10,DPS,1418135.0,Dr Pepper Snapple Group Inc,cusip_link
64163,09175M80,DPW,,,not_found
160211,25754A20,DPZ,1286681.0,DOMINOS PIZZA INC,cusip_link
145080,85513Q30,DRAD,,,not_found
163948,26160810,DRC,,,not_found
4127,26805710,DRCO,,,not_found
40261,25461T10,DRCT,1880613.0,Direct Digital Holdings Inc,cusip_link
31846,23719410,DRI,940944.0,DARDEN RESTAURANTS INC,ticker_fallback
185363,25272T10,DRII,1566897.0,DIAMOND RESORTS INTERNATIONAL INC,cusip_link
113362,25388B10,DRIV,1062530.0,DIGITAL RIVER INC /DE,cusip_link
13505,26198320,DRJ,,,not_found
19470,25303110,DRNA,,,not_found
65671,45765110,DRQ,,,not_found
140044,26660550,DRRX,,,not_found
38477,52661A10,DRS,1833756.0,Leonardo DRS Inc,cusip_link
170961,26658A10,DRTX,1544116.0,DURATA THERAPEUTICS INC,cusip_link
37751,26210V10,DRVN,1804745.0,Driven Brands Holdings Inc,cusip_link
30205,24982750,DSCI,,,not_found
122355,26224110,DSCM,,,not_found
38441,25056L10,DSGN,1807120.0,"Design Therapeutics, Inc.",ticker_fallback
24552,23753F10,DSKE,1642453.0,Daseke Inc,cusip_link
184339,23336Q10,DSKX,1463959.0,DS HEALTHCARE GROUP INC,cusip_link
37824,92557A10,DSP,1828791.0,Viant Technology Inc,cusip_link
29722,23332B10,DSPG,915778.0,DSP GROUP INC /DE/,cusip_link
18290,26253C20,DSS,771999.0,"DSS, INC.",ticker_fallback
3707,23332610,DST,,,not_found
157217,23962Q40,DSTI,,,not_found
24171,25056510,DSW,,,not_found
35447,26815010,DT,1773383.0,"Dynatrace, Inc.",ticker_fallback
3897,23333110,DTE,936340.0,DTE ENERGY CO,ticker_fallback
66061,25674310,DTG,936340.0,DTE ENERGY CO,ticker_fallback
40224,26205E10,DTI,1884516.0,Drilling Tools International Corp,cusip_link
34883,74019P20,DTIL,1357874.0,PRECISION BIOSCIENCES INC,cusip_link
113269,23793410,DTLK,,,not_found
39041,23345M10,DTM,1842022.0,DT Midstream Inc,cusip_link
64418,25269L10,DTPI,924940.0,DIAMOND MANAGEMENT & TECHNOLOGY CONSULTANTS INC,cusip_link
26415,23811630,DTSS,2110423.0,Datasea Intelligent Technology Ltd.,ticker_fallback
179363,23786R20,DTST,1419951.0,Data Storage Corp,cusip_link
12206,25490A30,DTV,1465112.0,DIRECTV,cusip_link
4090,00160010,DUCK,30302.0,ALCO STORES INC,cusip_link
4093,26441C20,DUK,1326160.0,Duke Energy CORP,ticker_fallback
39122,26603R10,DUOL,1562088.0,Duolingo Inc,cusip_link
24898,26689810,DUSA,,,not_found
3905,00737L10,DV,730464.0,Adtalem Global Education Inc,cusip_link
38412,25862V10,DV,1819928.0,DoubleVerify Holdings Inc,cusip_link
61483,23918K10,DVA,927066.0,DAVITA INC,cusip_link
141496,26815820,DVAX,,,not_found
63708,26017410,DVD,,,not_found
14934,25179M10,DVN,837330.0,DEVON ENERGY CORP /OK/,cusip_link
184109,26817F10,DVOX,1479426.0,DYNAVOX INC,cusip_link
176238,12802T10,DVR,1364100.0,Cal Dive International Inc,cusip_link
11796,50189K10,DW,763744.0,LCI INDUSTRIES,cusip_link
160912,26153C10,DWA,1297401.0,DreamWorks Animation SKG Inc,cusip_link
25320,23791720,DWCH,,,not_found
4060,26614N10,DWDP,1666700.0,DuPont de Nemours Inc,cusip_link
187687,24802Y10,DWRE,1301031.0,DEMANDWARE INC,cusip_link
162887,25213110,DXCM,1093557.0,DEXCOM INC,ticker_fallback
111631,25213A10,DXM,1556739.0,DEX MEDIA INC,cusip_link
64223,23337740,DXPE,1020710.0,DXP ENTERPRISES INC,ticker_fallback
3807,23946710,DXR,27367.0,DAXOR CORP,ticker_fallback
4001,25551910,DXYN,29332.0,DIXIE GROUP INC,ticker_fallback
4115,26747510,DY,67215.0,DYCOM INDUSTRIES INC,ticker_fallback
112754,26746E10,DYAX,907562.0,DYAX CORP,cusip_link
25312,26779V10,DYII,890908.0,DYNACQ HEALTHCARE INC,cusip_link
25495,26817R10,DYN,1818794.0,"Dyne Therapeutics, Inc.",ticker_fallback
36911,26818M10,DYN,1818794.0,Dyne Therapeutics Inc,cusip_link
4124,26815750,DYNT,,,not_found
165147,26605B10,DYP,1086142.0,DUOYUAN PRINTING INC,cusip_link
4130,26810220,DYSL,,,not_found
28071,26821110,DZSI,,,not_found
184868,29482P10,EAC,1490165.0,ERICKSON AIR-CRANE INC,cusip_link
180150,02535110,EAG,1260996.0,AMERICAN DEFENSE SYSTEMS INC,cusip_link
187215,37951D30,EAGL,,,not_found
37080,27008720,EAR,,,not_found
14606,42236030,EAR,,,not_found
3007,10964110,EAT,703351.0,"BRINKER INTERNATIONAL, INC",ticker_fallback
34076,29975E10,EB,1475115.0,Eventbrite Inc,cusip_link
114524,27864210,EBAY,1065088.0,EBAY INC,ticker_fallback
38339,27870020,EBET,,,not_found
4390,29338910,EBF,33002.0,"ENNIS, INC.",ticker_fallback
19458,14216R10,EBIO,1485003.0,Carisma Therapeutics Inc,cusip_link
13480,27871520,EBIX,,,not_found
176022,29089Q10,EBS,1367644.0,Emergent BioSolutions Inc,cusip_link
11781,69047Q10,ECA,1792580.0,Ovintiv Inc,cusip_link
50838,30042610,ECG,2015845.0,"Everus Construction Group, Inc.",ticker_fallback
179957,27875T10,ECHO,1426945.0,ECHO GLOBAL LOGISTICS INC,cusip_link
4213,27886510,ECL,31462.0,ECOLAB INC.,ticker_fallback
113270,27885610,ECLP,,,not_found
1439,91734M10,ECOL,,,not_found
17811,15917910,ECOM,,,not_found
33614,28531P20,ECOR,1560258.0,"electroCore, Inc.",ticker_fallback
20513,61179L10,ECR,1600470.0,Montage Resources Corp,cusip_link
165710,27922Y20,ECTY,1301206.0,ECOTALITY INC,cusip_link
185428,29269A10,ECYT,1235007.0,ENDOCYTE INC,cusip_link
3413,20911510,ED,1047862.0,CONSOLIDATED EDISON INC,ticker_fallback
13630,27928510,EDAC,,,not_found
4331,29164110,EDE,,,not_found
170418,28014Q10,EDG,1537951.0,EDGEN GROUP INC,cusip_link
120816,27976510,EDGR,,,not_found
63667,28035810,EDGW,,,not_found
26874,28106W10,EDIT,1650664.0,Editas Medicine Inc,cusip_link
63907,28140M10,EDMC,880059.0,EDUCATION MANAGEMENT CORPORATION,cusip_link
35245,29260Y10,EDR,1766363.0,Endeavor Group Holdings Inc,cusip_link
4225,28147910,EDUC,31667.0,EDUCATIONAL DEVELOPMENT CORP,ticker_fallback
4241,28367785,EE,1888447.0,"Excelerate Energy, Inc.",ticker_fallback
40560,30069T10,EE,1888447.0,Excelerate Energy Inc,cusip_link
13128,27887810,EEI,,,not_found
24810,29250R10,EEP,880285.0,ENBRIDGE ENERGY PARTNERS LP,cusip_link
150838,29250X10,EEQ,1173911.0,ENBRIDGE ENERGY MANAGEMENT L L C,cusip_link
30998,29103W10,EEX,1579214.0,Emerald Expositions Events Inc,cusip_link
25774,28608210,EFII,,,not_found
64282,26843B10,EFJI,1023516.0,EF JOHNSON TECHNOLOGIES INC,cusip_link
30614,29268T50,EFOI,924168.0,"ENERGY FOCUS, INC/DE",ticker_fallback
22362,28252B85,EFSH,,,not_found
39510,28202V20,EFTR,,,not_found
4423,29442910,EFX,33185.0,EQUIFAX INC,ticker_fallback
12994,36720410,EGAS,,,not_found
65021,28291410,EGHT,1023731.0,8X8 INC /DE/,ticker_fallback
12413,29286C10,EGL,1544229.0,Engility Holdings Inc,cusip_link
4351,29265N10,EGN,277595.0,ENERGEN CORP,cusip_link
122078,62914B10,EGOV,1065332.0,NIC INC,cusip_link
19784,26979610,EGRX,,,not_found
144139,29383V30,EGT,1004673.0,Entertainment Gaming Asia Inc,cusip_link
27199,91851C20,EGY,894627.0,VAALCO ENERGY INC /DE/,cusip_link
41366,29332G10,EHAB,1803737.0,Enhabit Inc,cusip_link
33641,28249H10,EIDX,1731831.0,Eidos Therapeutics Inc,cusip_link
197559,29272B10,EIGI,1237746.0,ENDURANCE INTERNATIONAL GROUP HOLDINGS INC,cusip_link
27046,28249U20,EIGR,,,not_found
9846,28102010,EIX,827052.0,EDISON INTERNATIONAL,ticker_fallback
61567,51843910,EL,1001250.0,ESTEE LAUDER COMPANIES INC,ticker_fallback
33955,28414H10,ELAN,1739104.0,Elanco Animal Health Inc,cusip_link
39060,28623U10,ELEV,1783032.0,Elevation Oncology Inc,cusip_link
27907,26856L10,ELF,1600033.0,elf Beauty Inc,cusip_link
63083,29266S30,ELGX,1013606.0,ENDOLOGIX INC /DE/,cusip_link
37906,28504610,ELIQ,,,not_found
186955,28849P10,ELLI,1122388.0,ELLIE MAE INC,cusip_link
185125,28540910,ELMD,1488917.0,"Electromed, Inc.",ticker_fallback
4279,26873N10,ELMG,32198.0,EMS TECHNOLOGIES INC,cusip_link
39105,28489L10,ELMS,1784168.0,Electric Last Mile Solutions Inc,cusip_link
62391,27033X10,ELNK,,,not_found
112774,27874N30,ELON,31347.0,ECHELON CORP,cusip_link
187970,29013910,ELOQ,,,not_found
129840,57709710,ELOY,,,not_found
4273,28521810,ELRC,,,not_found
4275,28523310,ELSE,351789.0,ELECTRO SENSORS INC,ticker_fallback
4340,29247520,ELX,,,not_found
24978,13119310,ELY,,,not_found
39271,28658R10,ELYM,1768446.0,Eliem Therapeutics Inc,cusip_link
175903,29084T10,EM,1444598.0,EMDEON INC,cusip_link
41050,29082K10,EMBC,1872789.0,Embecta Corp,cusip_link
37607,29079J20,EMBK,,,not_found
12053,26864810,EMC,,,not_found
6223,29084Q10,EME,105634.0,EMCOR Group Inc,cusip_link
17628,29102H10,EMES,1555177.0,Emerge Energy Services LP,cusip_link
64637,29084640,EMKR,,,not_found
4186,27631710,EML,31107.0,EASTERN CO,ticker_fallback
15337,29152540,EMMS,,,not_found
29392,27743210,EMN,915389.0,EASTMAN CHEMICAL CO,ticker_fallback
4321,29101110,EMR,32604.0,EMERSON ELECTRIC CO,ticker_fallback
164571,29100P10,EMS,1334544.0,EMERGENCY MEDICAL SERVICES LP,cusip_link
277918,29355M20,ENA,922237.0,ENOVA SYSTEMS INC,cusip_link
19273,29248010,ENBL,,,not_found
22507,29257R20,ENCO,,,not_found
146137,29259G20,END,1112412.0,ENDEAVOUR INTERNATIONAL CORP,cusip_link
4352,29265910,ENER,,,not_found
39684,29281210,ENFN,,,not_found
61971,29330620,ENG,,,not_found
39908,29335V10,ENJY,1830180.0,ENJOY TECHNOLOGY INC/DE,cusip_link
19935,29336T10,ENLC,1592000.0,EnLink Midstream LLC,cusip_link
177256,29276410,ENOC,,,not_found
178319,29257A10,ENP,1398664.0,ENCORE ENERGY PARTNERS LP,cusip_link
187450,29355A10,ENPH,1463101.0,Enphase Energy Inc,cusip_link
133367,28035Q10,ENR,1096752.0,EDGEWELL PERSONAL CARE Co,cusip_link
23083,29272W10,ENR,1632790.0,ENERGIZER HOLDINGS INC,cusip_link
160893,29275Y10,ENS,1289308.0,ENERSYS,cusip_link
39160,29360250,ENSC,1716947.0,"Ensysce Biosciences, Inc.",ticker_fallback
178803,29358P10,ENSG,1125376.0,ENSIGN GROUP INC,cusip_link
16269,29251M10,ENTA,1177648.0,ENANTA PHARMACEUTICALS INC,cusip_link
137573,29362U10,ENTG,1101302.0,ENTEGRIS INC,cusip_link
22667,29363K10,ENTL,1374128.0,ENTELLUS MEDICAL INC,cusip_link
178943,29384R10,ENTR,1227930.0,ENTROPIC COMMUNICATIONS INC,cusip_link
186995,29413T10,ENVI,1174266.0,ENVIVIO INC,cusip_link
39251,29359410,ENVX,1828318.0,Enovix Corp,ticker_fallback
140736,29264A20,ENWV,1118941.0,ENDWAVE CORP,cusip_link
4418,29410010,ENZ,,,not_found
4409,29390410,ENZN,727510.0,"Viskase Holdings, Inc.",ticker_fallback
16478,26875P10,EOG,821189.0,EOG RESOURCES INC,cusip_link
32919,30052C10,EOLS,1570562.0,Evolus Inc,cusip_link
170759,29788A10,EOPN,,,not_found
37392,29415C10,EOSE,1805077.0,"Eos Energy Enterprises, Inc.",ticker_fallback
4242,28336L10,EP,1066107.0,EL PASO CORP/DE,cusip_link
26028,29203430,EP,887396.0,EMPIRE PETROLEUM CORP,ticker_fallback
187697,29414B10,EPAM,1352010.0,EPAM Systems Inc,cusip_link
147307,02317710,EPAX,1162315.0,AMBASSADORS GROUP INC,cusip_link
118223,10138810,EPAY,,,not_found
178863,28370210,EPB,,,not_found
112876,29379210,EPD,1061219.0,ENTERPRISE PRODUCTS PARTNERS L.P.,ticker_fallback
18660,26878510,EPE,,,not_found
164668,29371610,EPE,,,not_found
25859,29426L10,EPIC,891178.0,EPICOR SOFTWARE CORP,cusip_link
64346,26882D10,EPIQ,1027207.0,EPIQ SYSTEMS INC,cusip_link
140905,26883D10,EPL,,,not_found
62626,30049A10,EPM,1006655.0,EVOLUTION PETROLEUM CORP,cusip_link
180030,29429D10,EPOC,1096738.0,EPOCRATES INC,cusip_link
21126,29428P10,EPRS,1135906.0,EPIRUS BIOPHARMACEUTICALS INC,cusip_link
17808,29428V10,EPZM,1571498.0,EPIZYME INC,cusip_link
34164,29446K10,EQ,1746466.0,Equillium Inc,cusip_link
23072,26885J10,EQGP,,,not_found
170748,26885B10,EQM,1540947.0,EQT MIDSTREAM PARTNERS LP,cusip_link
38187,26886C10,EQRX,1843762.0,EQRx Inc,cusip_link
4430,26884L10,EQT,33213.0,EQT Corp,cusip_link
8092,11040G10,ERA,1525221.0,Bristow Group Inc,cusip_link
39198,29479A10,ERAS,1761918.0,"Erasca, Inc.",ticker_fallback
64341,29481V10,ERES,1026650.0,ERESEARCHTECHNOLOGY INC /DE/,cusip_link
21808,12769G10,ERI,,,not_found
12621,29246J20,ERI,854852.0,EMRISE Corp,cusip_link
179738,29270J10,ERII,1421517.0,Energy Recovery Inc,cusip_link
175157,26985R10,EROC,1364541.0,EAGLE ROCK ENERGY PARTNERS L P,cusip_link
16721,28551210,ERTS,,,not_found
178846,29275620,ES,72741.0,EVERSOURCE ENERGY,ticker_fallback
174282,29271Q10,ESA,1357971.0,Energy Services of America CORP,cusip_link
41059,29605J10,ESAB,1877322.0,ESAB Corp,cusip_link
61584,29100510,ESC,,,not_found
4448,29605610,ESCA,33488.0,ESCALADE INC,ticker_fallback
23224,29631510,ESE,866706.0,ESCO TECHNOLOGIES INC,ticker_fallback
31224,45068B10,ESI,922475.0,ITT EDUCATIONAL SERVICES INC,cusip_link
31381,27785810,ESIC,,,not_found
4274,28522910,ESIO,,,not_found
4460,29742510,ESL,,,not_found
38535,29758410,ESLA,1844417.0,"Estrella Immunopharma, Inc.",ticker_fallback
140904,30033R30,ESLR,947397.0,EVERGREEN SOLAR INC,cusip_link
25711,29607430,ESMC,862668.0,ESCALON MEDICAL CORP,ticker_fallback
39526,29283F10,ESMT,1863105.0,EngageSmart Inc,cusip_link
4450,29665010,ESP,33533.0,ESPEY MFG & ELECTRONICS CORP,ticker_fallback
18162,29664W10,ESPR,1434868.0,ESPERION THERAPEUTICS INC,cusip_link
25356,30219G10,ESRX,,,not_found
183480,29718710,ESSX,,,not_found
22671,27032D30,ESTE,10254.0,EARTHSTONE ENERGY INC,cusip_link
29304,28473M10,ESYS,,,not_found
196855,30064K10,ET,1420850.0,EXACTTARGET INC,cusip_link
108348,69946T20,ETAK,1084384.0,PARETEUM Corp,cusip_link
165649,29273V10,ETE,1276187.0,Energy Transfer LP,cusip_link
23252,29760210,ETH,2020455.0,Grayscale Ethereum Staking Mini ETF,ticker_fallback
35776,28255910,ETNB,,,not_found
33997,29772L10,ETON,1360214.0,HARROW HEALTH INC,cusip_link
7366,29364G10,ETR,65984.0,ENTERGY CORP /DE/,cusip_link
34337,29460010,ETRN,,,not_found
23238,29786A10,ETSY,1370637.0,ETSY INC,cusip_link
34016,29361410,ETTX,,,not_found
23296,29415B10,EVA,1592057.0,Enviva LLC,cusip_link
27874,29978A10,EVBG,1437352.0,EVERBRIDGE INC,cusip_link
137943,29382R10,EVC,1109116.0,ENTRAVISION COMMUNICATIONS CORP,cusip_link
38924,29977X10,EVCM,1853145.0,EverCommerce Inc,cusip_link
184208,30041510,EVDY,,,not_found
33694,30041R10,EVER,1640428.0,EverQuote Inc,cusip_link
37373,29970N10,EVEX,1823652.0,Eve Holding Inc,cusip_link
39159,30052F10,EVGO,1821159.0,EVgo Inc,cusip_link
23818,30050B10,EVH,1628908.0,Evolent Health Inc,cusip_link
18432,29413U10,EVHC,,,not_found
7295,26929N10,EVI,65312.0,EVI INDUSTRIES INC,cusip_link
165728,29976620,EVK,,,not_found
33444,29973420,EVLO,,,not_found
39280,30049H10,EVLV,1805385.0,Evolv Technologies Holdings Inc,cusip_link
18173,30049G30,EVOK,,,not_found
110529,30049R20,EVOL,1052054.0,Symbolic Logic Inc,cusip_link
33533,26927E10,EVOP,,,not_found
18025,30043910,EVRY,,,not_found
184345,07373B10,EVSI,1398805.0,Beam Global,cusip_link
185375,30040P10,EVTC,1559865.0,EVERTEC Inc,cusip_link
163720,26928A20,EVVV,1318310.0,EV3 INC,cusip_link
133366,28176E10,EW,1099800.0,EDWARDS LIFESCIENCES CORP,cusip_link
39365,29882P10,EWCZ,1856236.0,European Wax Center Inc,cusip_link
38467,28036F10,EWTX,1710072.0,"Edgewise Therapeutics, Inc.",ticker_fallback
187773,30061450,EXA,,,not_found
62948,30064E10,EXAC,913165.0,EXACTECH INC,cusip_link
185584,30066A10,EXAM,1498021.0,ExamWorks Group Inc,cusip_link
4476,30064510,EXAR,,,not_found
141277,30063P10,EXAS,1124140.0,EXACT SCIENCES CORP,cusip_link
118502,12513410,EXBD,,,not_found
8539,30161N10,EXC,1109357.0,EXELON Corp,cusip_link
133885,30161Q10,EXEL,939767.0,EXELIXIS INC,cusip_link
39895,30219Q10,EXFY,1476840.0,Expensify Inc,cusip_link
65009,03957W10,EXH,1389050.0,Archrock Inc,cusip_link
175741,03957U10,EXLP,1367064.0,Archrock Partners LP,cusip_link
162449,30208110,EXLS,1297989.0,"ExlService Holdings, Inc.",ticker_fallback
30032,26969P10,EXP,918646.0,EAGLE MATERIALS INC,cusip_link
4494,30213010,EXPD,746515.0,EXPEDITORS INTERNATIONAL OF WASHINGTON INC,ticker_fallback
126296,30212P30,EXPE,1324424.0,"Expedia Group, Inc.",ticker_fallback
23027,30214U10,EXPO,851520.0,EXPONENT INC,cusip_link
184323,30219E20,EXPR,1483510.0,EXPRESS INC,cusip_link
23864,30227H10,EXTN,1635881.0,Exterran Corp,cusip_link
119574,30226D10,EXTR,1078271.0,EXTREME NETWORKS INC,cusip_link
184006,29276K10,EXXI,1404973.0,Energy XXI Gulf Coast Inc,cusip_link
32574,63845R10,EYE,1710155.0,National Vision Holdings Inc,cusip_link
21282,49721T50,EYEG,1372514.0,KIORA PHARMACEUTICALS INC,cusip_link
21421,92854B10,EYES,1266806.0,Vivani Medical Inc,cusip_link
24430,30230110,EZPW,876523.0,EZCORP INC,ticker_fallback
4839,34537086,F,37996.0,FORD MOTOR CO,ticker_fallback
39048,31846B10,FA,1210677.0,FIRST ADVANTAGE CORP,cusip_link
175983,71942710,FACE,,,not_found
12796,21871D10,FAF,36047.0,CORELOGIC INC,cusip_link
170750,25278X10,FANG,1539838.0,Diamondback Energy Inc,cusip_link
4579,30767510,FARM,,,not_found
65421,31164210,FARO,,,not_found
14225,31190010,FAST,815556.0,FASTENAL CO,ticker_fallback
32592,30258N10,FAT,1705012.0,Fat Brands Inc,cusip_link
18562,31189P10,FATE,1434316.0,FATE THERAPEUTICS INC,cusip_link
37817,31189Y20,FATH,,,not_found
37779,31423J10,FAZE,1839360.0,FaZe Holdings Inc,cusip_link
170617,30303M10,FB,,,not_found
188255,34964C10,FBHS,1519751.0,Fortune Brands Innovations Inc,cusip_link
43574,31573L10,FBLG,1958777.0,"FibroBiologics, Inc.",ticker_fallback
29835,35039210,FBM,,,not_found
6025,36092120,FBN,,,not_found
36609,34962G20,FBRX,1419041.0,"Forte Biosciences, Inc.",ticker_fallback
38370,30612110,FBYD,1937987.0,"Falcon's Beyond Global, Inc.",ticker_fallback
25331,35346910,FC,886206.0,FRANKLIN COVEY CO,ticker_fallback
25430,35952H70,FCEL,886128.0,FUELCELL ENERGY INC,ticker_fallback
24157,33768G10,FCFS,840489.0,"FirstCash Holdings, Inc.",ticker_fallback
62823,30294110,FCN,887936.0,"FTI CONSULTING, INC",ticker_fallback
65643,30372610,FCS,,,not_found
21132,31572140,FCSC,,,not_found
14590,35671D85,FCX,831259.0,FREEPORT-MCMORAN INC,cusip_link
25157,32008D10,FDC,883980.0,FIRST DATA CORP,cusip_link
4600,31354940,FDML,,,not_found
35729,35104E10,FDMT,1650648.0,4D Molecular Therapeutics Inc,cusip_link
4560,30700010,FDO,,,not_found
63172,30307510,FDS,1013237.0,FACTSET RESEARCH SYSTEMS INC,ticker_fallback
4598,31428X10,FDX,1048911.0,FDX CORP,cusip_link
8099,33793210,FE,1031296.0,FIRSTENERGY CORP,ticker_fallback
165832,00846L10,FEED,1331427.0,AGFEED INDUSTRIES INC,cusip_link
31881,30241L10,FEIC,914329.0,FEI CO,cusip_link
4900,35801010,FEIM,39020.0,FREQUENCY ELECTRONICS INC,ticker_fallback
4881,35351410,FELE,38725.0,FRANKLIN ELECTRIC CO INC,ticker_fallback
170639,34552U10,FELP,1540729.0,Foresight Energy LP,cusip_link
38829,31447E10,FEMY,1339005.0,FEMASYS INC,cusip_link
23630,31446L10,FENX,1615153.0,Fenix Parts Inc,cusip_link
100644,31488V10,FERG,2011641.0,Ferguson Enterprises Inc /DE/,cusip_link
171059,34984V20,FET,1401257.0,FORUM ENERGY TECHNOLOGIES INC,cusip_link
18487,56266210,FEYE,,,not_found
287462,36116M10,FF,1337298.0,FutureFuel Corp,cusip_link
4918,35936010,FFEX,,,not_found
22542,34963X20,FFI,851249.0,FORTUNE INDUSTRIES INC,cusip_link
39318,30735988,FFIE,,,not_found
121077,31561610,FFIV,1048695.0,"F5, INC.",ticker_fallback
182116,35845330,FFN,,,not_found
33549,45095830,FGMC,1906364.0,FG Merger II Corp.,ticker_fallback
37135,34417410,FHTX,1822462.0,Foghorn Therapeutics Inc.,ticker_fallback
13824,30325010,FICO,814547.0,FAIR ISAAC CORP,ticker_fallback
38770,30260D10,FIGS,1846576.0,"FIGS, Inc.",ticker_fallback
25357,31792310,FINL,,,not_found
186683,36112J10,FIO,1383729.0,FUSION-IO INC,cusip_link
41416,35953C10,FIP,1899883.0,FTAI Infrastructure Inc,cusip_link
176556,83616T10,FIRE,1168195.0,SOURCEFIRE INC,cusip_link
165993,31620M10,FIS,1136893.0,FIDELITY NATIONAL INFORMATION SERVICES INC,cusip_link
18427,05501X10,FISH,1575599.0,AZURE MIDSTREAM PARTNERS LP,cusip_link
12635,33773810,FISV,798354.0,FISERV INC,ticker_fallback
23856,33812L10,FIT,1447599.0,FITBIT INC,cusip_link
171141,33829M10,FIVE,1177609.0,FIVE BELOW INC,cusip_link
19908,33830710,FIVN,1288847.0,"Five9, Inc.",ticker_fallback
64997,19990810,FIX,1035983.0,COMFORT SYSTEMS USA INC,ticker_fallback
33240,74696410,FIXX,,,not_found
24463,63501710,FIZZ,69891.0,NATIONAL BEVERAGE CORP,ticker_fallback
11584,34484910,FL,,,not_found
179840,34385P10,FLDM,1162194.0,STANDARD BIOTOOLS INC,cusip_link
28012,35966410,FLGT,1674930.0,"Fulgent Genetics, Inc.",ticker_fallback
28477,30244510,FLIR,,,not_found
28749,35967810,FLL,891482.0,FULL HOUSE RESORTS INC,ticker_fallback
34034,82983N10,FLMN,,,not_found
39751,34379V10,FLNC,1868941.0,Fluence Energy Inc,cusip_link
4809,34349810,FLO,1128928.0,FLOWERS FOODS INC,ticker_fallback
4807,34346810,FLOW,,,not_found
24611,78469X10,FLOW,,,not_found
4818,34341210,FLR,1124198.0,FLUOR CORP,ticker_fallback
4108,34354P10,FLS,30625.0,FLOWSERVE CORP,cusip_link
184700,21994810,FLT,,,not_found
11703,34405730,FLUX,1083743.0,"Flux Power Holdings, Inc.",ticker_fallback
122519,68243Q10,FLWS,1084869.0,1 800 FLOWERS COM INC,cusip_link
19511,33938J10,FLXN,1419600.0,FLEXION THERAPEUTICS INC,cusip_link
4771,33938210,FLXS,37472.0,FLEXSTEEL INDUSTRIES INC,ticker_fallback
38739,30249210,FLYW,1580560.0,Flywire Corp,ticker_fallback
38592,34392810,FLYX,1843973.0,FLYEXCLUSIVE INC.,ticker_fallback
4510,30249130,FMC,37785.0,FMC CORP,ticker_fallback
18469,35046510,FMI,,,not_found
185277,30555Q10,FMSA,1010858.0,FAIRMOUNT SANTROL HOLDINGS INC,cusip_link
36555,34633R10,FMTX,1538927.0,Forma Therapeutics Holdings Inc,cusip_link
39734,69913P10,FNA,1531978.0,Paragon 28 Inc,cusip_link
38389,31773D20,FNCH,,,not_found
22155,33975010,FND,1507079.0,"Floor & Decor Holdings, Inc.",ticker_fallback
32528,36100810,FNKO,1704711.0,"Funko, Inc.",ticker_fallback
179694,34520U10,FNRG,,,not_found
126417,31787A50,FNSR,1094739.0,FINISAR CORP,cusip_link
1408,07373010,FO,789073.0,BEAM INC,cusip_link
4622,31540510,FOE,,,not_found
189462,34417710,FOGO,,,not_found
179342,35582T10,FOH,93631.0,FREDERICK'S OF HOLLYWOOD GROUP INC /NY/,cusip_link
175008,03152W10,FOLD,1023024.0,BIOSANTE PHARMACEUTICALS INC,cusip_link
4826,34443740,FONR,,,not_found
38209,34630N10,FORA,1829280.0,Forian Inc,cusip_link
62262,34986240,FORD,,,not_found
39487,34631B10,FORG,1543916.0,ForgeRock Inc,cusip_link
148390,34637510,FORM,1039399.0,FORMFACTOR INC,ticker_fallback
64061,34656310,FORR,1023313.0,"FORRESTER RESEARCH, INC.",ticker_fallback
28118,34988V10,FOSL,883569.0,Fossil Group Inc,cusip_link
36494,82452J10,FOUR,1794669.0,Shift4 Payments Inc,cusip_link
34636,35137L10,FOXA,1754301.0,Fox Corp,cusip_link
18320,35138V10,FOXF,1424929.0,FOX FACTORY HOLDING CORP,ticker_fallback
41130,35166510,FOXX,2013807.0,Foxx Development Holdings Inc.,ticker_fallback
4517,65339F10,FPL,753308.0,NEXTERA ENERGY INC,cusip_link
106418,31657010,FPP,,,not_found
18430,33830X10,FPRX,1175505.0,FIVE PRIME THERAPEUTICS INC,cusip_link
29524,65290C10,FRAC,1688476.0,NEXTIER OILFIELD SOLUTIONS INC,cusip_link
187041,35179320,FRAN,,,not_found
4903,35843510,FRD,39092.0,FRIEDMAN INDUSTRIES INC,ticker_fallback
12403,35610810,FRED,,,not_found
35647,50094610,FREQ,,,not_found
343180,35834F10,FREY,1992243.0,FREYR Battery Inc /DE/,cusip_link
187833,31660B10,FRGI,1534992.0,FIESTA RESTAURANT GROUP INC,cusip_link
6331,36108610,FRM,,,not_found
148217,30556030,FRP,,,not_found
114421,34520320,FRPT,1611647.0,"Freshpet, Inc.",ticker_fallback
21798,35803910,FRPT,1611647.0,"Freshpet, Inc.",ticker_fallback
4911,35874810,FRS,,,not_found
39539,35805410,FRSH,1544522.0,Freshworks Inc.,ticker_fallback
20407,69881410,FRSH,1544522.0,Freshworks Inc.,ticker_fallback
23093,34960W10,FRTA,1678463.0,Forterra Inc,cusip_link
4843,34583810,FRX,,,not_found
160163,75734R10,FRZ,1268984.0,REDDY ICE HOLDINGS INC,cusip_link
40499,34988N10,FRZA,1901305.0,Forza X1 Inc,cusip_link
18364,33775620,FSCI,,,not_found
32557,34553D10,FSCT,1145057.0,FORESCOUT TECHNOLOGIES INC,cusip_link
15293,30263310,FSII,,,not_found
165979,36113E10,FSIN,710846.0,FUSHI INTERNATIONAL INC,cusip_link
175404,33643310,FSLR,1274494.0,"FIRST SOLAR, INC.",ticker_fallback
35120,31188V10,FSLY,1517413.0,Fastly Inc,cusip_link
33484,36116X10,FSNN,1071411.0,Fusion Connect Inc,cusip_link
37318,33813J10,FSR,,,not_found
37843,31187R10,FSRD,,,not_found
4608,31385510,FSS,277509.0,FEDERAL SIGNAL CORP /DE/,ticker_fallback
4860,35006010,FSTR,352825.0,FOSTER L B CO,ticker_fallback
345556,30315R10,FSTX,1566373.0,F-star Therapeutics Inc,cusip_link
12559,35952W10,FSYS,1340786.0,FUEL SYSTEMS SOLUTIONS INC,cusip_link
38673,30320C30,FTCI,1828161.0,"FTC Solar, Inc.",ticker_fallback
33951,35905A10,FTDR,1727263.0,frontdoor inc,cusip_link
28819,35952310,FTEK,846913.0,"FUEL TECH, INC.",ticker_fallback
142811,30249U10,FTI,1135152.0,FMC TECHNOLOGIES INC,cusip_link
28347,34338940,FTK,928054.0,FLOTEK INDUSTRIES INC/CN/,ticker_fallback
183377,34959E10,FTNT,1262039.0,FORTINET INC,cusip_link
18240,30283R40,FTNW,1122063.0,FTE Networks Inc,cusip_link
11257,35914P10,FTO,110430.0,FRONTIER OIL CORP /NEW/,cusip_link
43026,34965K10,FTRE,1965040.0,Fortrea Holdings Inc,cusip_link
33067,30283W30,FTSI,1529463.0,FTS International Inc,cusip_link
33696,34983P10,FTSV,1667633.0,Forty Seven Inc,cusip_link
26590,34959J10,FTV,1659166.0,Fortive Corp,cusip_link
175465,31567R20,FTWR,1010286.0,FIBERTOWER CORP,cusip_link
17001,35953D10,FUBO,1484769.0,fuboTV Inc /FL,cusip_link
18584,77311110,FUEL,,,not_found
64130,78453M20,FUEL,1024452.0,SMF ENERGY CORP,cusip_link
4926,35969410,FUL,39368.0,FULLER H B CO,ticker_fallback
35376,35961610,FULC,1680581.0,"Fulcrum Therapeutics, Inc.",ticker_fallback
13710,83001C10,FUN,1999001.0,Six Flags Entertainment Corporation/NEW,cusip_link
184961,36106P10,FURX,1484478.0,Furiex Pharmaceuticals Inc,cusip_link
32456,03958720,FUV,1558583.0,Arcimoto Inc,cusip_link
146500,33832D20,FVE,1159281.0,FIVE STAR SENIOR LIVING INC,cusip_link
14868,30603D10,FWM,1555492.0,FAIRWAY GROUP HOLDINGS CORP,cusip_link
27187,53122975,FWONK,1560385.0,Liberty Media Corp,ticker_fallback
39595,33748L10,FWRG,1789940.0,"First Watch Restaurant Group, Inc.",ticker_fallback
28460,30269510,FXEN,,,not_found
39061,30322L10,FXLV,1788717.0,F45 Training Holdings Inc,cusip_link
135484,35909D10,FYBR,20520.0,Frontier Communications Parent Inc,cusip_link
125601,36269P10,GAIA,1089872.0,"GAIA, INC",ticker_fallback
150221,36322520,GALT,1133416.0,GALECTIN THERAPEUTICS INC,ticker_fallback
340388,36468G10,GAME,1714562.0,"GameSquare Holdings, Inc.",ticker_fallback
38333,36269B10,GANX,1819411.0,"Gain Therapeutics, Inc.",ticker_fallback
5301,39006410,GAP,39911.0,GAP INC,ticker_fallback
7904,65408610,GAS,,,not_found
37293,36803610,GATO,,,not_found
140073,45826H10,GB,1114483.0,Integer Holdings Corp,cusip_link
12257,37957B10,GBIM,1245104.0,GLOBEIMMUNE INC,cusip_link
37212,39366L30,GBOX,,,not_found
25349,37890U10,GBT,1629137.0,Global Blood Therapeutics Inc,cusip_link
30463,39365710,GBX,923120.0,GREENBRIER COMPANIES INC,ticker_fallback
163678,30034T10,GCA,1318568.0,Everi Holdings Inc,cusip_link
144727,38724Q40,GCFB,1048620.0,GRANITE CITY FOOD & BREWERY LTD,cusip_link
23821,36473H10,GCI,1635718.0,Gannett Media Corp,cusip_link
4988,87901J10,GCI,39899.0,TEGNA INC,cusip_link
5109,37153210,GCO,18498.0,GENESCO INC,ticker_fallback
65244,37956X10,GCOM,1031028.0,GLOBECOMM SYSTEMS INC,cusip_link
26812,36164Y10,GCP,1644440.0,GCP Applied Technologies Inc,cusip_link
39903,36170N10,GCTS,1851961.0,GCT Semiconductor Holding Inc,cusip_link
5046,36955010,GD,40533.0,GENERAL DYNAMICS CORP,ticker_fallback
23071,38023710,GDDY,1609711.0,GoDaddy Inc.,ticker_fallback
30098,45687V10,GDI,1699150.0,Ingersoll Rand Inc,cusip_link
184392,39304D10,GDOT,1386278.0,GREEN DOT CORP,cusip_link
8387,38241084,GDP,,,not_found
37023,38246G10,GDRX,1809519.0,GoodRx Holdings Inc,cusip_link
36293,39813G10,GDYN,1743725.0,GRID DYNAMICS HOLDINGS INC,cusip_link
5047,36960430,GE,40545.0,GENERAL ELECTRIC CO,ticker_fallback
5338,39762410,GEF,43920.0,"GREIF, INC",ticker_fallback
41818,36266G10,GEHC,1932393.0,GE HealthCare Technologies Inc,cusip_link
64063,37192710,GEL,1022321.0,GENESIS ENERGY LP,ticker_fallback
23109,37185X10,GEN,1351051.0,Genesis Healthcare Inc,cusip_link
7185,36867810,GENC,64472.0,GENCOR INDUSTRIES INC,ticker_fallback
43059,36870C10,GENK,1891856.0,GEN Restaurant Group Inc,cusip_link
12233,37291710,GENZ,,,not_found
30536,36162J10,GEO,923796.0,GEO GROUP INC,ticker_fallback
177206,37247610,GEOI,,,not_found
114748,37250W10,GEOY,1040570.0,GEOEYE INC,cusip_link
63405,37416310,GERN,886744.0,GERON CORP,ticker_fallback
63447,40161710,GES,,,not_found
38126,37427G10,GETR,1839608.0,Getaround Inc,cusip_link
36758,37427510,GETY,1898496.0,"Getty Images Holdings, Inc.",ticker_fallback
45169,36828A10,GEV,1996810.0,GE Vernova Inc,cusip_link
192856,87159A10,GEVA,911326.0,SYNAGEVA BIOPHARMA CORP,cusip_link
186437,37439640,GEVO,1392380.0,"Gevo, Inc.",ticker_fallback
5987,39843310,GFF,50725.0,GRIFFON CORP,ticker_fallback
166789,36982210,GFN,,,not_found
12895,05463D10,GGC,805264.0,AXIALL CORP/DE/,cusip_link
5252,38410910,GGG,42888.0,GRACO INC,ticker_fallback
116387,37249T10,GGR,896726.0,GEOGLOBAL RESOURCES INC,cusip_link
175834,37946S10,GGS,1311486.0,Global Geophysical Services Inc,cusip_link
34102,40131M10,GH,1576280.0,Guardant Health Inc,cusip_link
164609,37244C10,GHDX,1131324.0,GENOMIC HEALTH INC,cusip_link
5254,38455610,GHM,716314.0,GRAHAM CORP,ticker_fallback
35018,40145Q50,GHSI,1642375.0,Guardion Health Sciences Inc,cusip_link
23889,29272U10,GI,1623919.0,EndoChoice Holdings Inc,cusip_link
178958,40273810,GIA,,,not_found
64568,40230710,GIFI,,,not_found
182012,37518Q10,GIG,1432150.0,GigPeak Inc,cusip_link
19402,36237H10,GIII,821002.0,G III APPAREL GROUP LTD /DE/,cusip_link
24856,37555810,GILD,882095.0,"GILEAD SCIENCES, INC.",ticker_fallback
12803,37518B10,GIMO,1484504.0,GIGAMON INC,cusip_link
5071,37033410,GIS,40704.0,GENERAL MILLS INC,ticker_fallback
23990,37732210,GKOS,1192448.0,GLAUKOS Corp,ticker_fallback
4936,36126810,GKSR,,,not_found
166142,18145M10,GLA,914139.0,PARKERVISION INC,cusip_link
27816,37933610,GLBL,,,not_found
24597,88104M10,GLBL,1620702.0,TERRAFORM GLOBAL INC,cusip_link
5210,38101010,GLDC,,,not_found
148223,39060710,GLDD,,,not_found
5379,40262950,GLF,,,not_found
13664,36164V30,GLIBA,808461.0,GCI LIBERTY INC,cusip_link
163935,37946R10,GLP,1323468.0,GLOBAL PARTNERS LP,cusip_link
20399,37960610,GLRI,,,not_found
36558,39687910,GLSI,1799788.0,"Greenwich LifeSciences, Inc.",ticker_fallback
37310,36322Q20,GLTO,,,not_found
39057,61225M10,GLUE,1826457.0,Monte Rosa Therapeutics Inc,cusip_link
176782,37989010,GLUU,,,not_found
3532,21935010,GLW,24741.0,CORNING INC /NY,ticker_fallback
5073,37045V10,GM,1467858.0,General Motors Co,cusip_link
145049,36467W10,GME,1326380.0,GAMESTOP CORP,cusip_link
171002,37957720,GMED,1237831.0,GLOBUS MEDICAL INC,ticker_fallback
182172,38109830,GMGI,,,not_found
122212,37037310,GMO,,,not_found
22583,36251C10,GMS,1600438.0,GMS Inc,cusip_link
4941,36144810,GMT,,,not_found
65911,36466D10,GMTC,1045014.0,GAMETECH INTERNATIONAL INC,cusip_link
38027,25460410,GMTX,,,not_found
142339,38011M60,GMXR,,,not_found
185645,36191G10,GNC,,,not_found
19425,37242740,GNCA,,,not_found
190590,37228420,GNE,1528356.0,Genie Energy Ltd.,ticker_fallback
166402,37947B10,GNET,1344907.0,GLOBAL TRAFFIC NETWORK INC,cusip_link
41538,36870H10,GNLX,1231457.0,GENELUX Corp,cusip_link
184542,37230910,GNMK,,,not_found
37619,38113L10,GNOG,1768012.0,Golden Nugget Online Gaming Inc,cusip_link
185346,20454K10,GNOM,1361103.0,COMPLETE GENOMICS INC,cusip_link
183736,36873610,GNRC,1474735.0,GENERAC HOLDINGS INC.,ticker_fallback
36016,39539210,GNRS,,,not_found
5116,37190110,GNTX,355811.0,GENTEX CORP,ticker_fallback
183524,37229T50,GNUS,,,not_found
111965,37246C40,GNVC,934473.0,GENVEC INC,cusip_link
189579,39874R10,GO,1771515.0,Grocery Outlet Holding Corp,cusip_link
36399,28252C20,GOED,,,not_found
37576,13803R30,GOEV,,,not_found
170384,38046C10,GOGO,1537054.0,GOGO INC,cusip_link
12708,37291030,GOK,,,not_found
27575,00509810,GOLF,1672013.0,Acushnet Holdings Corp,cusip_link
157117,38168Y10,GOLF,1202273.0,GOLFSMITH INTERNATIONAL HOLDINGS INC,cusip_link
160329,02079K30,GOOG,1652044.0,Alphabet Inc,cusip_link
175503,38068T10,GORO,1160791.0,GOLD RESOURCE CORP,cusip_link
34578,38341P10,GOSS,1728117.0,"Gossamer Bio, Inc.",ticker_fallback
24966,37367860,GOVX,832489.0,"GeoVax Labs, Inc.",ticker_fallback
43120,36466210,GPAK,,,not_found
5125,37246010,GPC,40987.0,GENUINE PARTS CO,ticker_fallback
65718,39890510,GPI,1031203.0,GROUP 1 AUTOMOTIVE INC,ticker_fallback
29964,36467A10,GPIC,918580.0,GAMING PARTNERS INTERNATIONAL CORP,cusip_link
25389,38868910,GPK,1408075.0,GRAPHIC PACKAGING HOLDING CO,ticker_fallback
141913,37940X10,GPN,1123360.0,GLOBAL PAYMENTS INC,cusip_link
26069,40263550,GPOR,874499.0,GULFPORT ENERGY CORP,ticker_fallback
24073,39322110,GPP,,,not_found
165880,37248H30,GPR,1116927.0,GEOPETRO RESOURCES CO,cusip_link
183838,40068520,GPRC,,,not_found
181269,39322210,GPRE,1309402.0,Green Plains Inc.,ticker_fallback
14186,36866T10,GPRO,820237.0,GEN PROBE INC,cusip_link
20644,38268T10,GPRO,1500435.0,GoPro Inc,cusip_link
4990,36476010,GPS,,,not_found
7759,36225V10,GPX,70415.0,GP STRATEGIES CORP,cusip_link
5229,38238810,GR,,,not_found
5250,38388F10,GRA,1045309.0,W R GRACE & CO,cusip_link
45458,38474710,GRAL,1699031.0,"GRAIL, Inc.",ticker_fallback
37062,38942Q20,GRAY,1534133.0,CalciMedica Inc,cusip_link
5142,37373010,GRB,,,not_found
22047,39270910,GRBK,1373670.0,"Green Brick Partners, Inc.",ticker_fallback
5237,38308210,GRC,42682.0,GORMAN RUPP CO,ticker_fallback
37608,39850110,GRDI,,,not_found
43421,40145W10,GRDN,1802255.0,Guardian Pharmacy Services Inc,cusip_link
39564,39531G30,GREE,1844971.0,Greenidge Generation Holdings Inc.,ticker_fallback
179186,39530A10,GRH,1410056.0,GreenHunter Resources Inc,cusip_link
148221,38470110,GRM,,,not_found
37744,39536G10,GRNA,1822691.0,GreenLight Biosciences Holdings PBC,cusip_link
37428,39854F10,GRND,1820144.0,Grindr Inc.,ticker_fallback
22879,39540F30,GRNQ,1597846.0,Greenpro Capital Corp.,ticker_fallback
36951,38743210,GRNT,1928446.0,"Granite Ridge Resources, Inc.",ticker_fallback
32407,39878L50,GROM,1662574.0,Grom Social Enterprises Inc,cusip_link
38109,39957D20,GROV,1841761.0,Grove Collaborative Holdings Inc,cusip_link
39063,52635N10,GRPH,1815776.0,LENZ Therapeutics Inc,cusip_link
187363,39947320,GRPN,1490281.0,"Groupon, Inc.",ticker_fallback
25424,44109J10,GRSH,1644406.0,Hostess Brands Inc,cusip_link
34082,39868T10,GRTS,1656634.0,Gritstone Oncology Inc,cusip_link
35768,36338D10,GRTX,1563577.0,Galera Therapeutics Inc,cusip_link
19906,40011010,GRUB,,,not_found
38661,39959A20,GRVI,,,not_found
28515,39986L10,GRWG,1604868.0,GrowGeneration Corp,cusip_link
147340,37940G10,GSB,1112920.0,GLOBALSCAPE INC,cusip_link
187644,36191X10,GSE,1275712.0,GSE HOLDING INC,cusip_link
160961,37085320,GSI,,,not_found
14386,36238G10,GSIC,828750.0,GSI COMMERCE INC,cusip_link
160213,36241U10,GSIT,1126741.0,GSI TECHNOLOGY INC,cusip_link
181745,12637A10,GSJK,1449488.0,CSI Compressco LP,cusip_link
33531,39572G10,GSKY,1712923.0,GreenSky Inc,cusip_link
274165,37954N20,GSM,1383571.0,GLOBE SPECIALTY METALS INC,cusip_link
178921,36729W20,GST,1431372.0,GASTAR EXPLORATION INC,cusip_link
139225,36722010,GSX,,,not_found
5234,38255010,GT,42582.0,GOODYEAR TIRE & RUBBER CO /OH/,ticker_fallback
164046,38500T20,GTE,1273441.0,GRAN TIERRA ENERGY INC,cusip_link
183555,37950B10,GTEC,1471038.0,SOTERA DEFENSE SOLUTIONS INC,cusip_link
31294,3621LQ10,GTHX,,,not_found
22543,38214087,GTIM,825324.0,Good Times Restaurants Inc.,ticker_fallback
130200,37247A10,GTIV,1096142.0,GENTIVA HEALTH SERVICES INC,cusip_link
39687,37637K10,GTLB,1653482.0,Gitlab Inc,cusip_link
25964,16115Q30,GTLS,892553.0,CHART INDUSTRIES INC,cusip_link
5284,38937510,GTN,43196.0,"GRAY MEDIA, INC",ticker_fallback
24491,36238K10,GTSI,850483.0,GTSI CORP,cusip_link
163768,36239310,GTT,,,not_found
34051,36650510,GTX,1735707.0,Garrett Motion Inc.,ticker_fallback
28368,36240910,GTYH,,,not_found
176255,40169210,GUID,,,not_found
43888,35168W10,GUTS,1572616.0,Fractyl Health Inc,cusip_link
5218,38137010,GV,1892274.0,Visionary Holdings Inc.,ticker_fallback
21429,38732810,GVA,861459.0,GRANITE CONSTRUCTION INC,ticker_fallback
61077,36227K20,GVP,944480.0,GSE SYSTEMS INC,cusip_link
187686,39679B10,GWAY,1080747.0,GREENWAY MEDICAL TECHNOLOGIES INC,cusip_link
39875,26916J20,GWH,1819438.0,"ESS Tech, Inc.",ticker_fallback
63123,37155910,GWR,,,not_found
190455,40171V10,GWRE,1528396.0,GUIDEWIRE SOFTWARE INC,cusip_link
186169,37946310,GWRS,1434728.0,"Global Water Resources, Inc.",ticker_fallback
5256,38480210,GWW,277135.0,"W.W. GRAINGER, INC.",ticker_fallback
178738,37243V10,GXDX,1138412.0,GENOPTIX INC,cusip_link
39319,36262G10,GXO,1852244.0,GXO Logistics Inc,cusip_link
6334,39116410,GXP,,,not_found
5018,00780010,GY,40888.0,AEROJET ROCKETDYNE HOLDINGS INC,cusip_link
183366,44857910,H,1468174.0,Hyatt Hotels Corp,ticker_fallback
60902,41987910,HA,,,not_found
21983,40449J10,HABT,,,not_found
24021,40502410,HAE,313143.0,HAEMONETICS CORP,ticker_fallback
29609,40521710,HAIN,910406.0,HAIN CELESTIAL GROUP INC,ticker_fallback
5439,40621610,HAL,45012.0,HALLIBURTON CO,ticker_fallback
151630,40637H10,HALO,1159036.0,HALOZYME THERAPEUTICS INC,cusip_link
24316,61174X10,HANS,865752.0,Monster Beverage Corp,cusip_link
12788,41308610,HAR,,,not_found
34587,41358P20,HARP,1708493.0,Harpoon Therapeutics Inc,cusip_link
5518,41805610,HAS,46080.0,"HASBRO, INC.",ticker_fallback
111532,41836510,HAST,,,not_found
31748,41913110,HAUP,,,not_found
17550,09238E10,HAWK,1750704.0,"HawkEye 360, Inc.",ticker_fallback
183380,81201R10,HAWK,1452384.0,SEAHAWK DRILLING INC,cusip_link
23587,42087720,HAYN,,,not_found
38125,42129810,HAYW,1834622.0,"Hayward Holdings, Inc.",ticker_fallback
32352,40701T10,HBB,1709164.0,Hamilton Beach Brands Holding Co,cusip_link
146071,42628610,HBE,,,not_found
175319,41034510,HBI,,,not_found
141469,41690610,HBIO,1123494.0,HARVARD BIOSCIENCE INC,ticker_fallback
22260,40412C10,HCA,860730.0,HCA Healthcare Inc,cusip_link
35391,42225T10,HCAT,1636422.0,Health Catalyst Inc,cusip_link
30397,93627C10,HCC,1691303.0,WARRIOR MET COAL INC,cusip_link
179597,42726M10,HCCI,1403431.0,HERITAGE-CRYSTAL CLEAN INC,cusip_link
36349,41150T30,HCDI,,,not_found
111000,40460910,HCKT,1057379.0,"HACKETT GROUP, INC.",ticker_fallback
12432,42833710,HCLP,,,not_found
185980,42003110,HCOM,,,not_found
39391,41810010,HCP,,,not_found
5539,42190610,HCSG,731012.0,HEALTHCARE SERVICES GROUP INC,ticker_fallback
43935,42227T10,HCWC,1948864.0,HEALTHY CHOICE WELLNESS CORP,cusip_link
5680,43707610,HD,354950.0,"HOME DEPOT, INC.",ticker_fallback
18654,41232430,HDNG,,,not_found
22178,44089410,HDP,,,not_found
17812,40416M10,HDS,1573097.0,HD Supply Holdings Inc,cusip_link
30899,44414410,HDSN,925528.0,HUDSON TECHNOLOGIES INC /NY,ticker_fallback
63383,44895420,HDY,,,not_found
5526,41987010,HE,354707.0,HAWAIIAN ELECTRIC INDUSTRIES INC,ticker_fallback
19602,90045020,HEAR,,,not_found
177031,83172F20,HEAT,1384135.0,SMARTHEAT INC,cusip_link
165856,40403010,HEES,,,not_found
5567,42280610,HEI,46619.0,HEICO CORP,ticker_fallback
264509,43576310,HEP,,,not_found
164607,42709330,HERO,,,not_found
1380,42809H10,HES,4447.0,HESS CORP,cusip_link
21833,42810310,HESM,1789832.0,Hess Midstream LP,ticker_fallback
27873,29267A20,HEV,895642.0,ENER1 INC,cusip_link
147658,42822Q10,HEW,1168478.0,HEWITT ASSOCIATES INC,cusip_link
34030,40417F10,HFFG,1680873.0,HF Foods Group Inc,cusip_link
177882,42833L10,HGG,1396279.0,HHGREGG INC,cusip_link
16456,41043F20,HGR,722723.0,HANGER ORTHOPEDIC GROUP INC,cusip_link
64360,42218Q10,HGRD,1027915.0,HEALTH GRADES INC,cusip_link
29312,44490310,HGSI,,,not_found
5697,43910420,HH,,,not_found
153128,44378720,HHGP,,,not_found
12545,41619620,HHS,45919.0,HARTE HANKS INC,ticker_fallback
179657,43157110,HI,,,not_found
63763,42856710,HIBB,,,not_found
186310,44641310,HII,1501585.0,"HUNTINGTON INGALLS INDUSTRIES, INC.",ticker_fallback
175055,43146610,HIL,,,not_found
65413,25848T10,HILL,1042783.0,DOT HILL SYSTEMS CORP,cusip_link
39755,43270530,HILS,,,not_found
37851,43300010,HIMS,1773751.0,"Hims & Hers Health, Inc.",ticker_fallback
25623,42840B10,HITK,887497.0,HI TECH PHARMACAL CO INC,cusip_link
163927,43365Y10,HITT,1130866.0,HITTITE MICROWAVE CORP,cusip_link
19898,00778610,HIVE,1372414.0,AEROHIVE NETWORKS INC,cusip_link
32396,29415J10,HJLI,1661053.0,enVVeno Medical Corp,cusip_link
5560,42270410,HL,719413.0,HECLA MINING CO/DE/,ticker_fallback
39435,42309B60,HLBZ,,,not_found
177284,42326R10,HLCS,1274563.0,HELICOS BIOSCIENCES CORP,cusip_link
38015,42329E20,HLGN,1840292.0,Heliogen Inc,cusip_link
31843,41316010,HLIT,851310.0,HARMONIC INC.,ticker_fallback
39265,43538H10,HLLY,1822928.0,Holley Inc,cusip_link
66871,43163610,HLMN,1822492.0,Hillman Solutions Corp.,ticker_fallback
12589,29261A10,HLS,785161.0,Encompass Health Corp,cusip_link
5643,43300A20,HLT,1585689.0,Hilton Worldwide Holdings Inc,cusip_link
39563,22979010,HLTH,,,not_found
41118,43157M10,HLVX,1888012.0,HilleVax Inc,cusip_link
65006,42330P10,HLX,866829.0,HELIX ENERGY SOLUTIONS GROUP INC,cusip_link
176235,42279M10,HLYS,1373980.0,HEELYS INC,cusip_link
12338,42193310,HMA,,,not_found
16738,44157R10,HMHC,1580156.0,Houghton Mifflin Harcourt Co,cusip_link
65247,42327L30,HMNA,1040792.0,Helios & Matheson Analytics Inc,cusip_link
17687,42365Q10,HMTV,1567345.0,HEMISPHERE MEDIA GROUP INC,cusip_link
5690,40425110,HNI,48287.0,HNI CORP,ticker_fallback
15291,41754V20,HNR,845289.0,HARVEST NATURAL RESOURCES INC,cusip_link
37955,40472A10,HNRA,1842556.0,HNR Acquisition Corp,cusip_link
175978,41130720,HNSN,,,not_found
38635,43833310,HNST,1530979.0,"Honest Company, Inc.",ticker_fallback
5667,40394910,HOC,,,not_found
122211,43903810,HOFT,1077688.0,HOOKER FURNISHINGS Corp,ticker_fallback
36701,40619L20,HOFV,,,not_found
12389,41282210,HOG,793952.0,"HARLEY-DAVIDSON, INC.",ticker_fallback
162517,98952K10,HOGS,1277092.0,ZHONGPIN INC,cusip_link
163975,43471110,HOKU,,,not_found
20904,43644010,HOLX,,,not_found
26144,04650Y10,HOME,1646228.0,At Home Group Inc,cusip_link
1300,43851610,HON,773840.0,HONEYWELL INTERNATIONAL INC,ticker_fallback
61192,22412210,HOOK,,,not_found
35014,43906K20,HOOK,,,not_found
5723,85590A40,HOT,48595.0,STARWOOD HOTELS & RESORTS,cusip_link
34566,44148G20,HOTH,1711786.0,Hoth Therapeutics Inc,cusip_link
63621,44133910,HOTT,,,not_found
39981,44170P10,HOUR,1874875.0,"Hour Loop, Inc",ticker_fallback
5750,44248740,HOV,357294.0,HOVNANIAN ENTERPRISES INC,ticker_fallback
38625,95075A10,HOWL,1785530.0,Werewolf Therapeutics Inc,cusip_link
5581,42345210,HP,46765.0,"Helmerich & Payne, Inc.",ticker_fallback
41468,42371L20,HPCO,,,not_found
26156,42824C10,HPE,1645590.0,Hewlett Packard Enterprise Co,cusip_link
180249,43113X10,HPJ,1368308.0,Highpower International Inc,cusip_link
36897,43114Q10,HPK,1792849.0,HighPeak Energy Inc,cusip_link
127179,41454910,HPOL,,,not_found
5606,40434L10,HPQ,47217.0,HP INC,cusip_link
171097,44915N10,HPTX,1386858.0,HYPERION THERAPEUTICS INC,cusip_link
35481,43353510,HQI,1140102.0,"HireQuest, Inc.",ticker_fallback
23079,40426A20,HQS,857073.0,HQ SUSTAINABLE MARITIME INDUSTRIES INC,cusip_link
2269,09367110,HRB,12659.0,H&R BLOCK INC,cusip_link
156859,41145W10,HRBN,1266719.0,HARBIN ELECTRIC INC,cusip_link
5639,43147510,HRC,,,not_found
11670,84790A10,HRG,109177.0,Spectrum Brands Holdings Inc,cusip_link
26749,42704L10,HRI,1364479.0,HERC HOLDINGS INC,cusip_link
5709,44045210,HRL,48465.0,HORMEL FOODS CORP /DE/,ticker_fallback
5594,42739810,HRLY,,,not_found
36847,41319710,HRMY,1802665.0,"Harmony Biosciences Holdings, Inc.",ticker_fallback
5492,50243110,HRS,,,not_found
39831,43353710,HRT,,,not_found
36776,68572M10,HSAQ,1814114.0,Orchestra BioMed Holdings Inc,cusip_link
5496,41586410,HSC,,,not_found
41270,42254E30,HSCS,1468492.0,HeartSciences Inc.,ticker_fallback
61494,80640710,HSIC,1000228.0,HENRY SCHEIN INC,ticker_fallback
120048,42281910,HSII,,,not_found
65011,42805E30,HSKA,1038133.0,HESKA CORP,cusip_link
180402,40430310,HSNI,,,not_found
160255,44106010,HSP,,,not_found
133766,42222N10,HSTM,1095565.0,HEALTHSTREAM INC,cusip_link
36525,43358Y20,HSTO,,,not_found
178494,75955K30,HSWI,1368365.0,REMARK HOLDINGS INC,cusip_link
5597,42786610,HSY,47111.0,HERSHEY CO,ticker_fallback
17910,42237K50,HTBX,1476963.0,Scorpius Holdings Inc,cusip_link
5791,44840710,HTCH,,,not_found
6995,29402J10,HTCO,1928948.0,High-Trend International Group,ticker_fallback
40534,42240Q10,HTCR,1892322.0,"HeartCore Enterprises, Inc.",ticker_fallback
22713,40434H30,HTGM,,,not_found
12840,42234710,HTLD,799233.0,HEARTLAND EXPRESS INC,ticker_fallback
157921,90338S20,HTM,,,not_found
2589,42222L10,HTRN,1018871.0,HEALTHTRONICS SURGICAL SERVICES INC,cusip_link
271794,42236810,HTWR,,,not_found
5600,42806J70,HTZ,1657853.0,HERTZ GLOBAL HOLDINGS INC,cusip_link
5764,44351060,HUB,,,not_found
62378,44332010,HUBG,940942.0,"Hub Group, Inc.",ticker_fallback
21847,44357310,HUBS,1404655.0,HUBSPOT INC,ticker_fallback
166208,44439810,HUGH,,,not_found
39525,44486Q10,HUMA,1818382.0,Humacyte Inc,cusip_link
162401,44701110,HUN,1307954.0,Huntsman CORP,ticker_fallback
5788,44732410,HURC,315374.0,HURCO COMPANIES INC,ticker_fallback
161997,44746210,HURN,1289848.0,Huron Consulting Group Inc.,ticker_fallback
33195,44812J10,HUT,1964789.0,Hut 8 Corp,cusip_link
5523,41959610,HVT,216085.0,HAVERTY FURNITURE COMPANIES INC,ticker_fallback
61576,42210P10,HW,1003344.0,HEADWATERS INC,cusip_link
24396,88870R10,HWAY,704415.0,TIVITY HEALTH INC,cusip_link
174119,44244K10,HWCC,1356949.0,HOUSTON WIRE & CABLE CO,cusip_link
5442,40636440,HWG,,,not_found
66050,42008910,HWK,,,not_found
5530,42026110,HWKN,46250.0,HAWKINS INC,ticker_fallback
5608,42829110,HXL,717605.0,HEXCEL CORP /DE/,ticker_fallback
160681,44917210,HY,1173514.0,"HYSTER-YALE, INC.",ticker_fallback
65527,44913M10,HYC,1045769.0,HYPERCOM CORP,cusip_link
21352,05350V10,HYH,1606498.0,Avanos Medical Inc,cusip_link
37182,44910910,HYLN,1759631.0,Hyliion Holdings Corp.,ticker_fallback
177405,44862P20,HYMC,1718405.0,HYCROFT MINING HOLDING CORP,ticker_fallback
37799,44916K10,HYPR,1833769.0,Hyperfine Inc,cusip_link
33624,44916T10,HYRE,1713832.0,HyreCar Inc,cusip_link
39273,44951Y20,HYZN,,,not_found
23540,44052W10,HZN,1637655.0,Horizon Global Corp,cusip_link
111103,56790810,HZO,1057060.0,MARINEMAX INC,ticker_fallback
33750,44925310,IAA,,,not_found
36691,44891N20,IAC,1800227.0,IAC Inc,cusip_link
61181,45798520,IART,917520.0,INTEGRA LIFESCIENCES HOLDINGS CORP,ticker_fallback
39069,45828L10,IAS,1842718.0,INTEGRAL AD SCIENCE HOLDING CORP,cusip_link
180683,45103370,IBIO,1420720.0,"iBio, Inc.",ticker_fallback
6066,45920010,IBM,51143.0,INTERNATIONAL BUSINESS MACHINES CORP,ticker_fallback
43541,45259L20,IBO,1834105.0,IMPACT BIOMEDICAL INC.,ticker_fallback
19516,45780R10,IBP,1580905.0,Installed Building Products Inc,cusip_link
347007,45256X10,IBRX,1326110.0,"ImmunityBio, Inc.",ticker_fallback
45223,45105110,IBTA,1538379.0,"Ibotta, Inc.",ticker_fallback
12874,44934S20,ICAD,749660.0,ICAD INC,cusip_link
13235,45252530,ICCC,811641.0,IMMUCELL CORP /DE/,ticker_fallback
21165,45341560,ICD,,,not_found
18115,15117V10,ICEL,1482080.0,CELLULAR DYNAMICS INTERNATIONAL INC,cusip_link
174637,44925C10,ICFI,1362004.0,ICF International Inc,cusip_link
266316,45104P50,ICGN,,,not_found
177576,45848320,ICLK,,,not_found
162283,45928H10,ICO,1320934.0,INTERNATIONAL COAL GROUP INC,cusip_link
152170,44930M50,ICOP,,,not_found
14320,45845P10,ICPT,1270073.0,INTERCEPT PHARMACEUTICALS INC,cusip_link
37783,81256L20,ICU,1831868.0,SeaStar Medical Holding Corp,cusip_link
25110,44930G10,ICUI,883984.0,ICU MEDICAL INC/DE,cusip_link
39358,45114M10,ICVX,1786255.0,Icosavax Inc,cusip_link
178805,44934T10,ICXT,1334303.0,ICX TECHNOLOGIES INC,cusip_link
63959,50212A10,ID,1018332.0,L-1 IDENTITY SOLUTIONS INC,cusip_link
37426,70214110,ID,,,not_found
5870,45110710,IDA,1057877.0,IDACORP INC,ticker_fallback
183799,34380C20,IDI,,,not_found
148169,45166R20,IDIX,1093649.0,IDENIX PHARMACEUTICALS INC,cusip_link
126020,45817G20,IDN,1040896.0,"Intellicheck, Inc.",ticker_fallback
66246,64582720,IDR,1030192.0,"Idaho Strategic Resources, Inc.",ticker_fallback
61899,00445F10,IDRA,861838.0,Aceragen Inc,cusip_link
61925,45631410,IDSA,,,not_found
121759,73931J10,IDSY,1774170.0,PowerFleet Inc,cusip_link
62396,44894750,IDT,1005731.0,IDT CORP,ticker_fallback
6003,45811810,IDTI,,,not_found
24197,45168D10,IDXX,874716.0,IDEXX LABORATORIES INC /DE,cusip_link
35136,45166A10,IDYA,1676725.0,IDEAYA Biosciences Inc,cusip_link
41293,46578C10,IE,1879016.0,Ivanhoe Electric Inc,cusip_link
33279,45686J10,IEA,1652362.0,Infrastructure & Energy Alternatives Inc,cusip_link
5831,44949L10,IEC,49728.0,IEC ELECTRONICS CORP,cusip_link
13709,45110010,IEP,813762.0,ICAHN ENTERPRISES L.P.,ticker_fallback
66371,44951W10,IESC,1048268.0,IES Holdings Inc,cusip_link
15267,45167R10,IEX,832101.0,IDEX CORP /DE/,cusip_link
6078,45950610,IFF,51253.0,INTERNATIONAL FLAVORS & FRAGRANCES INC,ticker_fallback
174066,45668X20,IFLG,1315320.0,INFOLOGIX INC,cusip_link
30262,44953810,IFMK,,,not_found
6034,45866530,IFSIA,,,not_found
5888,87960W20,IG,352998.0,Teligent Inc,cusip_link
166491,45408X30,IGC,1326205.0,India Globalization Capital Inc,cusip_link
35639,44958510,IGMS,,,not_found
6097,45990210,IGT,,,not_found
64165,45169U10,IGTE,1024732.0,IGATE CORP,cusip_link
3105,45174J50,IHRT,1400891.0,iHeartMedia Inc,cusip_link
111629,22655210,IIG,,,not_found
176251,45675Y10,III,1371489.0,INFORMATION SERVICES GROUP INC,cusip_link
4498,45774W10,IIIN,764401.0,INSTEEL INDUSTRIES INC,cusip_link
33638,46571Y10,IIIV,1728688.0,i3 Verticals Inc,cusip_link
9590,46121H10,IIN,88790.0,INTRICON CORP,cusip_link
14561,19247G10,IIVI,820318.0,COHERENT CORP,cusip_link
160797,45173E20,IKAN,,,not_found
36787,45719W20,IKT,1750149.0,Inhibikase Therapeutics Inc,cusip_link
184676,46118H10,IL,,,not_found
65930,45873810,ILI,,,not_found
138205,45232710,ILMN,1110803.0,"ILLUMINA, INC.",ticker_fallback
63919,45715310,IM,,,not_found
146156,01449J10,IMA,1145460.0,ALERE INC,cusip_link
34163,44967K30,IMAC,,,not_found
21008,45252L10,IMDZ,1437786.0,IMMUNE DESIGN CORP,cusip_link
17101,45253H10,IMGN,855654.0,ImmunoGen Inc,cusip_link
39203,45250K10,IMGO,1623715.0,Imago BioSciences Inc,cusip_link
187722,45882D10,IMI,,,not_found
12972,45703010,IMKTA,50493.0,INGLES MARKETS INC,ticker_fallback
126318,45252110,IMMR,1058811.0,IMMERSION CORP,ticker_fallback
5902,45290710,IMMU,,,not_found
39677,45258H10,IMMX,1873835.0,Immix Biopharma Inc,cusip_link
176636,41585810,IMMY,,,not_found
37035,45257U10,IMNM,1472012.0,Immunome Inc.,ticker_fallback
38674,45258K10,IMPL,1445499.0,IMPEL NEUROPHARMA INC,cusip_link
20884,45323J10,IMPR,1328015.0,Imprivata Inc,cusip_link
187490,45321L10,IMPV,,,not_found
36204,29337E10,IMRA,1672619.0,Enliven Therapeutics Inc,cusip_link
39189,45254E10,IMRX,1790340.0,Immuneering Corp,cusip_link
63800,44970B10,IMS,1595262.0,IMS Health Holdings Inc,cusip_link
331856,4525EP10,IMUX,1280776.0,IMMUNIC INC,cusip_link
35982,45258J10,IMVT,1764013.0,Immunovant Inc,cusip_link
65676,45878610,IN,,,not_found
124358,45885A40,INAP,1056386.0,Internap Corp,cusip_link
35306,45720L10,INBX,1739614.0,Inhibrx Inc,cusip_link
45388,45720N10,INBX,2007919.0,Inhibrx Biosciences Inc,cusip_link
22039,87166B10,INCR,1610950.0,Syneos Health Inc,cusip_link
29127,45337C10,INCY,879169.0,INCYTE GENOMICS INC,cusip_link
38995,45569U10,INDI,1841925.0,indie Semiconductor Inc,cusip_link
32098,20670410,INDU,,,not_found
178850,46060810,INET,,,not_found
120134,45666Q10,INFA,1080099.0,INFORMATICA LLC,cusip_link
39810,45674M10,INFA,1868778.0,Informatica Inc,cusip_link
175533,45665G30,INFI,1113148.0,INFINITY PHARMACEUTICALS INC,cusip_link
177257,45667G10,INFN,1138639.0,INFINERA Corp,cusip_link
174428,45685K10,INFU,1337013.0,InfuSystem Holdings Inc,cusip_link
50831,45715210,INGM,1897762.0,Ingram Micro Holding Corp,ticker_fallback
19274,45780L10,INGN,1294133.0,Inogen Inc,cusip_link
264270,45719T10,INHX,1274913.0,INHIBITEX INC,cusip_link
124038,45841V10,ININ,,,not_found
170756,45825X20,INLX,1081745.0,"INTELLINETICS, INC.",ticker_fallback
34078,45782T10,INMB,1711754.0,Inmune Bio Inc,cusip_link
25789,45810N30,INMD,885988.0,INTEGRAMED AMERICA INC,cusip_link
33048,65440520,INNT,,,not_found
38174,45784A10,INNV,1834376.0,InnovAge Holding Corp,cusip_link
66697,45773H40,INO,1055726.0,INOVIO PHARMACEUTICALS INC,cusip_link
110387,45767M10,INOC,1051114.0,INNOTRAC CORP,cusip_link
28717,45764220,INOD,903651.0,INNODATA INC,ticker_fallback
22708,45781D10,INOV,1619954.0,Inovalon Holdings Inc,cusip_link
6130,46059310,INPH,,,not_found
6013,45816D10,INS,320340.0,INTELLIGENT SYSTEMS CORP,cusip_link
29666,45782N10,INSE,1615063.0,Inspired Entertainment Inc,cusip_link
136186,45766930,INSM,1104506.0,INSMED Inc,ticker_fallback
33435,45773010,INSP,1609550.0,"Inspire Medical Systems, Inc.",ticker_fallback
39312,45779010,INST,,,not_found
26321,45781U10,INST,1355754.0,INSTRUCTURE INC,cusip_link
5978,00770F10,INSU,353020.0,AEGION CORP,cusip_link
122263,74273Y10,INSW,1077370.0,Prism Technologies Group Inc,cusip_link
179731,45824V20,INSY,1516479.0,INSYS THERAPEUTICS INC,cusip_link
12471,98147510,INT,,,not_found
39070,45827U10,INTA,1565687.0,Intapp Inc,cusip_link
6008,45814010,INTC,50863.0,INTEL CORP,ticker_fallback
7632,45868510,INTG,69422.0,INTERGROUP CORP,ticker_fallback
39991,45828J10,INTS,1567264.0,INTENSITY THERAPEUTICS INC,cusip_link
64915,46114710,INTT,1036262.0,INTEST CORP,ticker_fallback
27928,46120210,INTU,896878.0,INTUIT INC.,ticker_fallback
157862,46098130,INTX,,,not_found
140529,45777T10,INV,1098482.0,Innovaro Inc,cusip_link
65552,45170X20,INVE,1036044.0,Identiv Inc,cusip_link
185180,46123D20,INVN,1294924.0,InvenSense Inc,cusip_link
174541,45773Y10,INWK,1350381.0,INNERWORKINGS INC,cusip_link
65045,46185W10,INXI,1020017.0,INX INC,cusip_link
36769,45790W10,INZY,1693011.0,Inozyme Pharma Inc,cusip_link
23810,46204420,IO,,,not_found
39899,44977810,IOBT,,,not_found
31653,04625J40,IONM,,,not_found
39800,46222L10,IONQ,1824920.0,IonQ Inc,cusip_link
110566,45768S10,IOSP,1054905.0,INNOSPEC INC,cusip_link
40292,79589L10,IOT,1642896.0,Samsara Inc,cusip_link
26187,00687D10,IOTS,1395848.0,ADESTO TECHNOLOGIES Corp,cusip_link
6104,46014610,IP,51434.0,INTERNATIONAL PAPER CO /NEW/,ticker_fallback
14309,45833410,IPAR,822663.0,INTERPARFUMS INC,ticker_fallback
153728,46261V30,IPAS,,,not_found
179299,44984A10,IPCM,1410471.0,IPC Healthcare Inc,cusip_link
6136,46069010,IPG,,,not_found
175955,44980X10,IPGP,1111928.0,IPG PHOTONICS CORP,cusip_link
185112,45772F10,IPHI,1160958.0,INPHI CORP,cusip_link
174567,45774N10,IPHS,1364099.0,Innophos Holdings Inc,cusip_link
179843,46121Y20,IPI,1421461.0,Intrepid Potash Inc,cusip_link
33064,46263D10,IPIC,,,not_found
38920,15673T10,IPSC,1850119.0,Century Therapeutics Inc,cusip_link
14503,45309620,IPSU,,,not_found
108778,46261R10,IPT,1078383.0,IPARTY CORP,cusip_link
18509,45162220,IPWR,1507957.0,Ideal Power Inc.,ticker_fallback
164416,46272610,IRBT,,,not_found
183640,46269C10,IRDM,1418819.0,Iridium Communications Inc,cusip_link
6109,46025410,IRF,,,not_found
187737,45173010,IRG,,,not_found
6110,46270W10,IRIS,319240.0,IRIS INTERNATIONAL INC,cusip_link
62168,46268410,IRIX,1006045.0,IRIDEX CORP,ticker_fallback
20945,46266A10,IRMD,1325618.0,IRADIMED CORP,cusip_link
39535,46323Q10,IRNT,1777946.0,IronNet Inc,cusip_link
28367,45005610,IRTC,1388658.0,"iRhythm Holdings, Inc.",ticker_fallback
184256,46333X10,IRWD,1446847.0,IRONWOOD PHARMACEUTICALS INC,cusip_link
6116,46033520,ISCA,,,not_found
6115,46032120,ISH,,,not_found
130762,46069S10,ISIL,1096324.0,INTERSIL COMMUNICATIONS INC,cusip_link
24040,46222210,ISIS,,,not_found
25314,46459210,ISLE,,,not_found
176279,46432L10,ISLN,1373671.0,ISILON SYSTEMS INC,cusip_link
31775,05330610,ISNS,,,not_found
39307,46500510,ISO,,,not_found
37671,45032V20,ISPC,1558569.0,iSpecimen Inc.,ticker_fallback
138466,45773310,ISPH,,,not_found
37362,45791E20,ISPO,,,not_found
41957,46501C10,ISPR,1948455.0,Ispire Technology Inc,cusip_link
12818,46489V30,ISR,728387.0,Perspective Therapeutics Inc,cusip_link
136725,46120E60,ISRG,1035267.0,INTUITIVE SURGICAL INC,cusip_link
6194,46514140,ISRL,,,not_found
135844,45769N10,ISSC,836690.0,INNOVATIVE SOLUTIONS & SUPPORT INC,cusip_link
31488,45812P10,ISSI,854701.0,INTEGRATED SILICON SOLUTION INC,cusip_link
138662,45031X20,ISTA,930553.0,ISTA PHARMACEUTICALS INC,cusip_link
22059,45810H10,ISYS,718130.0,INTEGRAL SYSTEMS INC /MD/,cusip_link
12441,36665110,IT,749251.0,GARTNER INC,ticker_fallback
19412,46116X10,ITCI,1567514.0,INTRA-CELLULAR THERAPIES INC,cusip_link
8087,46564T10,ITI,350868.0,ITERIS INC,cusip_link
133246,45884X10,ITMN,1087432.0,INTERMUNE INC,cusip_link
36679,46565G10,ITOS,1808865.0,iTeos Therapeutics Inc,cusip_link
29133,46574110,ITRI,780571.0,"ITRON, INC.",ticker_fallback
5860,45073V10,ITT,216228.0,ITT INC,cusip_link
5878,45230810,ITW,49826.0,ILLINOIS TOOL WORKS INC,ticker_fallback
24934,45670G10,IUSA,879437.0,INFOGROUP INC,cusip_link
61587,46114810,IVAC,,,not_found
6158,46120310,IVC,,,not_found
128098,29490B10,IVD,,,not_found
178882,46583A30,IVDA,1397183.0,Iveda Solutions Inc,cusip_link
23704,46187J20,IVTY,1393020.0,Invuity Inc,cusip_link
162336,46259420,IWA,,,not_found
284719,45333F10,IXHL,1873875.0,Incannex Healthcare Inc.,ticker_fallback
114370,46600W10,IXYS,945699.0,IXYS CORP /DE/,cusip_link
187357,46604H20,IZEA,1495231.0,IZEA Worldwide Inc,cusip_link
13092,46636710,JACK,807882.0,JACK IN THE BOX INC,ticker_fallback
29565,47009K10,JAG,1685715.0,Jagged Peak Energy Inc,cusip_link
27980,47110910,JAH,,,not_found
62745,47012E40,JAKK,1009829.0,JAKKS PACIFIC INC,cusip_link
36717,47074L10,JAMF,1721947.0,Jamf Holding Corp,cusip_link
38857,47103J10,JANX,1817713.0,Janux Therapeutics Inc,cusip_link
4523,47758P30,JAS,34151.0,JO-ANN STORES INC,cusip_link
143892,47189410,JAV,,,not_found
11538,46609J10,JAX,1617227.0,J Alexander's Holdings Inc,cusip_link
5783,44565810,JBHT,728535.0,HUNT J B TRANSPORT SERVICES INC,ticker_fallback
38961,47103N10,JBI,1839839.0,Janus International Group Inc,cusip_link
28195,46631310,JBL,898293.0,JABIL INC,ticker_fallback
147305,47714310,JBLU,1158463.0,JETBLUE AIRWAYS CORP,ticker_fallback
24755,80042210,JBSS,880117.0,SANFILIPPO JOHN B & SON INC,ticker_fallback
180466,47783910,JBT,,,not_found
122172,48123V10,JCOM,1084048.0,ZIFF DAVIS INC,cusip_link
62399,46612K10,JDAS,1006892.0,JDA SOFTWARE GROUP INC,cusip_link
29241,92555010,JDSU,,,not_found
6216,46982L10,JEC,52988.0,JACOBS SOLUTIONS INC,cusip_link
27386,47580P10,JELD,1674335.0,JELD-WEN Holding Inc,cusip_link
41688,00548H10,JEWL,1884072.0,Adamas One Corp,cusip_link
108753,47737R10,JGBO,1091164.0,JIANGBO PHARMACEUTICALS INC,cusip_link
30435,46620W20,JILL,1687932.0,"J.Jill, Inc.",ticker_fallback
187969,47760A10,JIVE,1462633.0,JIVE SOFTWARE INC,cusip_link
12825,46603210,JJSF,785956.0,J&J SNACK FOODS CORP,ticker_fallback
11811,42628110,JKHY,779152.0,JACK HENRY & ASSOCIATES INC,ticker_fallback
164255,47023A30,JMBA,1316898.0,JAMBA INC,cusip_link
23354,48114A10,JMG,1622893.0,Journal Media Group Inc,cusip_link
29684,48111610,JNCE,,,not_found
6266,47816010,JNJ,200406.0,JOHNSON & JOHNSON,ticker_fallback
121718,48203R10,JNPR,1043604.0,JUNIPER NETWORKS INC,cusip_link
24032,48020T10,JNY,874016.0,JONES GROUP INC,cusip_link
38081,47768J10,JOAN,1834585.0,JOANN Inc,cusip_link
5050,36165A10,JOB,40570.0,GEE Group Inc,cusip_link
39405,G6516310,JOBY,1819848.0,Joby Aviation Inc,cusip_link
12544,79014810,JOE,745308.0,ST JOE Co,ticker_fallback
18109,48019R30,JONE,1573166.0,Jones Energy Inc,cusip_link
30138,48083810,JOSB,,,not_found
13906,47916710,JOUT,788329.0,JOHNSON OUTDOORS INC,ticker_fallback
13003,48116510,JOYG,,,not_found
20537,46643C10,JPEP,1523404.0,JP Energy Partners LP,cusip_link
160838,47035520,JRCC,,,not_found
12478,48113010,JRN,,,not_found
33476,47632P10,JRSH,1696558.0,Jerash Holdings (US) Inc,cusip_link
108693,48023P10,JSDA,1083522.0,JONES SODA CO,cusip_link
39740,47187120,JSPR,1788028.0,"Jasper Therapeutics, Inc.",ticker_fallback
39412,47714H30,JTAI,1861622.0,Jet.AI Inc.,ticker_fallback
264507,46820210,JTX,,,not_found
22230,48205A10,JUNO,1594864.0,Juno Therapeutics Inc,cusip_link
160742,19217610,JVA,1007019.0,COFFEE HOLDING CO INC,ticker_fallback
11499,96822320,JW,,,not_found
7922,65566410,JWN,,,not_found
6375,48783610,K,,,not_found
148234,03920910,KAD,1071941.0,ARCADIA RESOURCES INC,cusip_link
25922,48282T10,KAI,886346.0,KADANT INC,cusip_link
32018,48311920,KALA,1479419.0,"KALA BIO, Inc.",ticker_fallback
24293,48300770,KALU,811596.0,KAISER ALUMINUM CORP,ticker_fallback
29251,48349710,KALV,1348911.0,"KalVista Pharmaceuticals, Inc.",ticker_fallback
6326,48354810,KAMN,,,not_found
43442,48301N10,KAPA,1962011.0,"Kairos Pharma, LTD.",ticker_fallback
183581,48238T10,KAR,1395942.0,KAR AUCTION SERVICES INC,cusip_link
164146,48310440,KAVL,1762239.0,"Kaival Brands Innovations Group, Inc.",ticker_fallback
6433,49427410,KBALB,,,not_found
12689,48666K10,KBH,795266.0,KB HOME,cusip_link
15489,44486320,KBIO,,,not_found
36735,50116V10,KBNT,1729750.0,Kubient Inc,cusip_link
174310,48242W10,KBR,1357615.0,KBR INC,cusip_link
30277,19329410,KCP,,,not_found
39963,50155Q10,KD,1867072.0,Kyndryl Holdings Inc,cusip_link
43457,49457M10,KDLY,,,not_found
27476,48283N10,KDMN,1557142.0,Kadmon Holdings Inc,cusip_link
6357,48658710,KDN,,,not_found
37168,16961L10,KDNY,1435049.0,ADURO BIOTECH INC,cusip_link
28877,49271V10,KDP,1418135.0,Keurig Dr Pepper Inc,cusip_link
20692,49428J10,KE,1606757.0,Kimball Electronics Inc,cusip_link
6370,48758410,KEI,,,not_found
6379,48815220,KELYA,55135.0,KELLY SERVICES INC,ticker_fallback
6410,49285410,KEQU,55529.0,KEWAUNEE SCIENTIFIC CORP /DE/,ticker_fallback
138126,49251510,KERX,,,not_found
6461,49726610,KEX,56047.0,KIRBY CORP,ticker_fallback
124196,49330810,KEYN,,,not_found
185006,49372210,KEYP,,,not_found
20232,49338L10,KEYS,1601046.0,Keysight Technologies Inc,cusip_link
185119,49372310,KEYW,,,not_found
61179,49373210,KFRC,930420.0,KFORCE INC,ticker_fallback
142953,60920710,KFT,,,not_found
118267,50064320,KFY,56679.0,KORN FERRY,ticker_fallback
112033,49558210,KG,2055116.0,Kestrel Group Ltd,ticker_fallback
42856,50012A10,KGS,1767042.0,Kodiak Gas Services Inc,cusip_link
5568,50075410,KHC,1637459.0,Kraft Heinz Co,ticker_fallback
9289,49375T10,KID,739878.0,KID BRANDS INC,cusip_link
27555,68752L10,KIDS,1425450.0,ORTHOPEDIATRICS CORP,cusip_link
19143,49457710,KIN,,,not_found
38100,65345M10,KIND,1846069.0,Nextdoor Holdings Inc,cusip_link
186898,49721710,KIOR,,,not_found
184660,49726K10,KIPS,1460198.0,Kips Bay Medical Inc,cusip_link
148391,49749810,KIRK,,,not_found
141240,48247020,KITD,,,not_found
20643,49803L10,KITE,1510580.0,Kite Pharma Inc,cusip_link
6304,48248010,KLAC,319201.0,KLA CORP,ticker_fallback
39913,49456W10,KLC,1873529.0,"KinderCare Learning Companies, Inc.",ticker_fallback
34640,48334710,KLDO,,,not_found
43236,92942W10,KLG,1959348.0,WK Kellogg Co,cusip_link
6509,50124210,KLIC,56978.0,KULICKE & SOFFA INDUSTRIES INC,ticker_fallback
35909,48337920,KLR,,,not_found
38491,48346710,KLTR,1432133.0,KALTURA INC,ticker_fallback
34055,48253L20,KLXE,1738827.0,KLX Energy Services Holdings Inc,cusip_link
22343,48253910,KLXI,,,not_found
6435,49436810,KMB,55785.0,KIMBERLY CLARK CORP,ticker_fallback
64848,48256410,KMGB,,,not_found
6310,49456B10,KMI,1506307.0,"KINDER MORGAN, INC.",ticker_fallback
25627,49455010,KMP,,,not_found
23339,48844520,KMPH,,,not_found
143640,49455U10,KMR,1135017.0,KINDER MORGAN MANAGEMENT LLC,cusip_link
6386,48917010,KMT,55242.0,KENNAMETAL INC,ticker_fallback
64410,14313010,KMX,1170010.0,CARMAX INC,ticker_fallback
19518,49926D10,KN,1587523.0,Knowles Corp,cusip_link
38447,49926T10,KNBE,1664998.0,KnowBe4 Inc,cusip_link
17239,49458010,KND,,,not_found
65317,48880L10,KNDL,1039151.0,KENDLE INTERNATIONAL INC,cusip_link
42950,49889410,KNF,1955520.0,Knife River Corp,ticker_fallback
64745,49890420,KNL,,,not_found
148476,49918380,KNOL,,,not_found
127094,98377210,KNOT,,,not_found
61703,49005710,KNSY,,,not_found
37486,49705R10,KNTE,1797768.0,Kinnate Biopharma Inc,cusip_link
163771,48887910,KNXA,,,not_found
3144,19121610,KO,21344.0,COCA COLA CO,ticker_fallback
34118,50015M10,KOD,1468748.0,Kodiak Sciences Inc,cusip_link
4194,27746140,KODK,31235.0,EASTMAN KODAK CO,ticker_fallback
164290,50047H20,KONA,1265572.0,KONA GRILL INC,cusip_link
13794,88362L20,KOOL,,,not_found
163113,50060P10,KOP,1315257.0,Koppers Holdings Inc,cusip_link
25166,50060010,KOPN,771266.0,KOPIN CORP,ticker_fallback
39804,50066V30,KORE,1855457.0,"KORE Group Holdings, Inc.",ticker_fallback
186276,50068810,KOS,1509991.0,Kosmos Energy Ltd.,ticker_fallback
6497,50069210,KOSS,56701.0,KOSS CORP,ticker_fallback
6502,50104410,KR,56873.0,KROGER CO,ticker_fallback
166230,50077C10,KRA,1321646.0,KRATON PERFORMANCE POLYMERS INC,cusip_link
36465,49763420,KRBP,,,not_found
12978,50076Q10,KRFT,1545158.0,KRAFT FOODS GROUP INC,cusip_link
157354,50105F10,KRO,1257640.0,KRONOS WORLDWIDE INC,cusip_link
37102,50107A10,KRON,1741830.0,Kronos Bio Inc,cusip_link
36328,49232710,KROS,1664710.0,"Keros Therapeutics, Inc.",ticker_fallback
29760,49435R10,KRP,1657788.0,Kimbell Royalty Partners LP,cusip_link
35674,48563L10,KRT,1758021.0,Karat Packaging Inc,cusip_link
35290,48576A10,KRTX,1771917.0,Karuna Therapeutics Inc,cusip_link
35423,50127010,KRUS,1772177.0,"KURA SUSHI USA, INC.",ticker_fallback
32348,50114710,KRYS,1711279.0,"Krystal Biotech, Inc.",ticker_fallback
164680,48562P10,KS,1325281.0,KAPSTONE PAPER & PACKAGING CORP,cusip_link
40672,49907V20,KSCP,1600983.0,"Knightscope, Inc.",ticker_fallback
155133,48268Y10,KSP,1178575.0,K-SEA TRANSPORTATION PARTNERS LP,cusip_link
25283,50025510,KSS,885639.0,KOHLS Corp,ticker_fallback
6335,48517030,KSU,,,not_found
61984,48268R10,KSW,1004125.0,KSW INC,cusip_link
22205,48268610,KSWS,,,not_found
35035,50050N10,KTB,1760965.0,Kontoor Brands Inc,cusip_link
6416,49314410,KTCC,719733.0,KEY TRONIC CORP,ticker_fallback
28641,49314310,KTEC,,,not_found
126056,50077B20,KTOS,1069258.0,KRATOS DEFENSE & SECURITY SOLUTIONS INC,cusip_link
39089,70261F20,KTTA,1841330.0,Pasithea Therapeutics Corp,cusip_link
20003,48273J10,KTWO,1499807.0,K2M GROUP HOLDINGS INC,cusip_link
177677,16941X10,KUN,,,not_found
26081,50127T10,KURA,1422143.0,Kura Oncology Inc,cusip_link
6315,48274020,KV,,,not_found
62549,48273810,KVHI,1007587.0,KVH INDUSTRIES INC \DE\,ticker_fallback
41897,49177J10,KVUE,1944048.0,Kenvue Inc,cusip_link
43288,49845K10,KVYO,1835830.0,Klaviyo Inc,cusip_link
118795,74837R10,KWK,1060990.0,QUICKSILVER RESOURCES INC,cusip_link
8850,74731610,KWR,81362.0,QUAKER CHEMICAL CORP,ticker_fallback
186473,48657710,KYAK,,,not_found
36819,50157510,KYMR,1815442.0,"Kymera Therapeutics, Inc.",ticker_fallback
5241,50157010,KYTH,,,not_found
43843,50197610,KYTX,1994702.0,"Kyverna Therapeutics, Inc.",ticker_fallback
33631,49372L20,KZR,,,not_found
13782,62538310,LABL,,,not_found
37924,51506920,LABP,,,not_found
117036,38101310,LACO,,,not_found
64175,53679710,LAD,1023128.0,LITHIA MOTORS INC,ticker_fallback
12597,51179510,LAKE,798081.0,LAKELAND INDUSTRIES INC,ticker_fallback
6573,51384710,LANC,,,not_found
40645,51807Q10,LASE,1807887.0,Laser Photonics Corp,ticker_fallback
33420,65487K10,LASR,1124796.0,NLIGHT INC,cusip_link
26305,51861320,LAUR,912766.0,"LAUREATE EDUCATION, INC.",ticker_fallback
143668,55918110,LAVA,,,not_found
39199,12632710,LAW,1625641.0,"CS Disco, Inc.",ticker_fallback
6617,52077610,LAWS,,,not_found
25680,52105010,LAYN,,,not_found
37490,55042430,LAZR,,,not_found
6534,50247010,LB,1995807.0,LandBridge Co LLC,ticker_fallback
180057,46226010,LBIO,,,not_found
164275,53012L10,LBMH,17485.0,LIBERATOR MEDICAL HOLDINGS INC,cusip_link
38284,54300N10,LBPH,1832168.0,Longboard Pharmaceuticals Inc,cusip_link
21227,53030730,LBRDK,1611983.0,Liberty Broadband Corp,ticker_fallback
30284,53115L10,LBRT,1694028.0,Liberty Energy Inc,cusip_link
28462,52989810,LBY,,,not_found
32280,85571Q10,LCAPA,1507934.0,STARZ,cusip_link
61900,50180330,LCAV,,,not_found
1382,90341W10,LCC,701345.0,US AIRWAYS GROUP INC,cusip_link
22632,51601220,LCI,,,not_found
4077,51807U10,LCRD,30140.0,LASERCARD CORP,cusip_link
61398,52324W10,LCRY,943580.0,LECROY CORP,cusip_link
24099,53222Q10,LCUT,874396.0,LIFETIME BRANDS INC,cusip_link
6845,55081910,LDL,,,not_found
14169,51476K10,LDR,825410.0,LANDAUER INC,cusip_link
18625,50185U10,LDRH,1348324.0,LDR HOLDING CORP,cusip_link
66300,50575420,LDSH,,,not_found
19581,51509F10,LE,799288.0,LANDS' END INC,cusip_link
16477,52186520,LEA,842162.0,LEAR CORP,ticker_fallback
114484,52186330,LEAP,,,not_found
6737,53390010,LECO,59527.0,LINCOLN ELECTRIC HOLDINGS INC,ticker_fallback
161814,57056R10,LEDR,1298978.0,MARKET LEADER INC,cusip_link
185380,81664520,LEDS,1333822.0,SemiLEDs Corp,ticker_fallback
6639,52376840,LEE,58361.0,"LEE ENTERPRISES, Inc",ticker_fallback
6649,52466010,LEG,58492.0,LEGGETT & PLATT INC,ticker_fallback
33733,52472M10,LEGH,1436208.0,Legacy Housing Corp,cusip_link
108319,13200M60,LEI,,,not_found
6669,52605710,LEN,920760.0,LENNAR CORP /NEW/,ticker_fallback
16476,52736R10,LEVI,94845.0,LEVI STRAUSS & CO,cusip_link
19168,24549610,LEVY,,,not_found
27054,53046P10,LEXEA,1669600.0,Liberty Expedia Holdings Inc,cusip_link
148410,52186N10,LF,1138951.0,LEAPFROG ENTERPRISES INC,cusip_link
37164,03940F10,LFG,,,not_found
25472,53216B10,LFMD,948320.0,LifeMD Inc,cusip_link
38834,53228F10,LFST,1845257.0,LifeStance Health Group Inc,cusip_link
25747,53700810,LFUS,889331.0,LITTELFUSE INC /DE,ticker_fallback
25027,53222K20,LFVN,849146.0,Lifevantage Corp,cusip_link
6547,84857L10,LG,1126956.0,SPIRE INC,cusip_link
166436,52470610,LGCY,1836754.0,Legacy Education Inc.,ticker_fallback
18629,50187T10,LGIH,1580670.0,LGI HOMES INC,cusip_link
6848,50186A10,LGL,61004.0,LGL GROUP INC,cusip_link
25937,53220K50,LGND,886163.0,LIGAND PHARMACEUTICALS INC,ticker_fallback
15212,22758A10,LGP,1538849.0,CrossAmerica Partners LP,cusip_link
37807,54303L20,LGVN,1721484.0,Longeveron Inc.,ticker_fallback
14960,50492210,LH,920148.0,LABCORP HOLDINGS INC.,ticker_fallback
162404,50187A10,LHCG,1303313.0,LHC GROUP INC,cusip_link
37840,54948U10,LHDX,1652724.0,Lucira Health Inc,cusip_link
39448,00818320,LIDR,1818644.0,AEye Inc,cusip_link
332179,53220610,LIF,1581760.0,"Life360, Inc.",ticker_fallback
23627,00212020,LIFE,1339970.0,aTYR PHARMA INC,cusip_link
118577,53217V10,LIFE,1073431.0,LIFE TECHNOLOGIES CORP,cusip_link
122380,52610710,LII,1069202.0,LENNOX INTERNATIONAL INC,ticker_fallback
148531,53277110,LIN,1707925.0,LINDE PLC,ticker_fallback
163668,53353510,LINC,1286613.0,LINCOLN EDUCATIONAL SERVICES CORP,ticker_fallback
24351,53521910,LIND,1512499.0,"LINDBLAD EXPEDITIONS HOLDINGS, INC.",ticker_fallback
123016,53625210,LIOX,,,not_found
41448,53630L20,LIPO,1347242.0,LIPELLA PHARMACEUTICALS INC.,ticker_fallback
17810,53633A10,LIQD,1562594.0,LIQUID HOLDINGS GROUP INC,cusip_link
188355,53632A30,LIQT,1307579.0,LIQTECH INTERNATIONAL INC,cusip_link
23249,55024U10,LITE,1633978.0,Lumentum Holdings Inc,cusip_link
66261,53814230,LIVE,1045742.0,LIVE VENTURES Inc,ticker_fallback
182491,53235210,LIWA,,,not_found
178291,53931930,LIXT,1335105.0,"LIXTE BIOTECHNOLOGY HOLDINGS, INC.",ticker_fallback
6768,48586510,LIZ,,,not_found
155394,50188920,LKQX,,,not_found
27802,50218P10,LKSD,,,not_found
178806,55003T10,LL,1396033.0,LL Flooring Holdings Inc,cusip_link
38132,88105P10,LLAP,1649015.0,TERRAN ORBITAL Corp,cusip_link
161897,50162D10,LLEN,1137083.0,L & L ENERGY INC,cusip_link
110685,50241310,LLL,,,not_found
177315,53261M20,LLNW,,,not_found
12216,53567810,LLTC,,,not_found
6730,53245710,LLY,59478.0,ELI LILLY & Co,ticker_fallback
174390,52555820,LMAT,1158895.0,LEMAITRE VASCULAR INC,ticker_fallback
24901,50207450,LMFA,1640384.0,"LM FUNDING AMERICA, INC.",ticker_fallback
112034,50207910,LMIA,,,not_found
29962,53274610,LMNR,1342423.0,Limoneira CO,ticker_fallback
133504,55027E10,LMNX,1033905.0,LUMINEX CORP,cusip_link
190959,55028310,LMOS,,,not_found
35358,53952P10,LMPX,1731727.0,LMP Automotive Holdings Inc,cusip_link
6774,53983010,LMT,936468.0,LOCKHEED MARTIN CORP,ticker_fallback
6574,83355110,LNCE,,,not_found
15452,53578210,LNCO,,,not_found
25062,53279110,LNCR,,,not_found
62169,51476610,LNDC,,,not_found
28998,54021110,LNET,,,not_found
29453,16411R20,LNG,3570.0,Cheniere Energy Inc,cusip_link
186342,53578A10,LNKD,1271024.0,LINKEDIN CORP,cusip_link
14954,53555510,LNN,836157.0,LINDSAY CORP,ticker_fallback
36929,52634L10,LNSR,1320350.0,LENSAR Inc,cusip_link
11554,01880210,LNT,352541.0,ALLIANT ENERGY CORP,cusip_link
21004,51654410,LNTH,1521036.0,"Lantheus Holdings, Inc.",ticker_fallback
127282,36846Q20,LNUX,1096199.0,Geeknet Inc,cusip_link
28765,51508L10,LNY,908652.0,LANDRYS SEAFOOD RESTAURANTS INC,cusip_link
147175,54414710,LO,,,not_found
45265,53947R10,LOAR,2000178.0,Loar Holdings Inc,cusip_link
14032,53224V10,LOCK,1383871.0,LIFELOCK INC,cusip_link
37856,53960E20,LOCL,1840780.0,Local Bounti Corporation/DE,ticker_fallback
160798,53954W10,LOCM,1259550.0,LOCAL CORP,cusip_link
21124,26860310,LOCO,1606366.0,"El Pollo Loco Holdings, Inc.",ticker_fallback
14938,54140210,LOGC,2064307.0,ContextLogic Holdings Inc.,ticker_fallback
34266,54142F10,LOGC,1664106.0,LogicBio Therapeutics Inc,cusip_link
179666,54142L10,LOGM,1420302.0,LOGMEIN INC,cusip_link
12789,53945110,LOJN,,,not_found
25332,54351810,LOOP,1504678.0,"Loop Industries, Inc.",ticker_fallback
180083,38526M10,LOPE,1434588.0,GRAND CANYON EDUCATION INC,cusip_link
62640,54388110,LORL,,,not_found
37861,14255210,LOTZ,,,not_found
238157,84651P10,LOV,1314475.0,SPARK NETWORKS INC,cusip_link
33425,54738L10,LOVE,1701758.0,Lovesac Co,cusip_link
6829,54866110,LOW,60667.0,LOWES COMPANIES INC,ticker_fallback
21016,54886210,LOXO,,,not_found
18424,53630X20,LPCN,1535955.0,Lipocine Inc.,ticker_fallback
147898,53630M10,LPDX,1168197.0,LIPOSCIENCE INC,cusip_link
181036,54335410,LPH,,,not_found
187961,51680620,LPI,,,not_found
120297,53219L10,LPNT,1074772.0,LIFEPOINT HOSPITALS INC,cusip_link
186087,54222A10,LPR,1506932.0,LONE PINE RESOURCES INC,cusip_link
36598,68373J10,LPRO,1806201.0,Open Lending Corp,cusip_link
62217,53225780,LPTH,889971.0,LIGHTPATH TECHNOLOGIES INC,ticker_fallback
39874,54352F20,LPTV,1643988.0,Loop Media Inc,cusip_link
29914,52187K20,LPTX,1509745.0,LEAP THERAPEUTICS INC,cusip_link
6821,54634710,LPX,60519.0,LOUISIANA-PACIFIC CORP,ticker_fallback
33810,53635D20,LQDA,1330436.0,Liquidia Technologies Inc,cusip_link
166213,53635B10,LQDT,1235468.0,LIQUIDITY SERVICES INC,cusip_link
22373,36872P10,LRAD,924383.0,Genasys Inc,cusip_link
6565,51280730,LRCX,707549.0,LAM RESEARCH CORP,ticker_fallback
187167,50214A10,LRE,1519632.0,LRR ENERGY LP,cusip_link
36536,51712510,LRMR,1374690.0,"Larimar Therapeutics, Inc.",ticker_fallback
178976,86333M10,LRN,1157408.0,Stride Inc,cusip_link
16597,51841510,LSCC,855658.0,LATTICE SEMICONDUCTOR CORP,ticker_fallback
37713,51509P10,LSEA,,,not_found
36989,50736T10,LSF,1650696.0,Laird Superfood Inc,cusip_link
50260,51216F10,LSH,1996192.0,Lakeside Holding Ltd,ticker_fallback
6529,50216110,LSI,,,not_found
21440,51509810,LSTR,853816.0,LANDSTAR SYSTEM INC,ticker_fallback
183812,53032230,LSTZA,,,not_found
140982,53224K30,LTBR,1084554.0,LIGHTBRIDGE Corp,cusip_link
38953,51818V10,LTCH,1826000.0,Latch Inc,cusip_link
6733,07083010,LTD,701985.0,Bath & Body Works Inc,cusip_link
24175,54261410,LTEA,,,not_found
39648,53190C10,LTH,1869198.0,Life Time Group Holdings Inc,cusip_link
160183,53217R20,LTM,1076195.0,LIFE TIME FITNESS INC,cusip_link
61662,52201510,LTRE,,,not_found
36394,51654W10,LTRN,1763950.0,Lantern Pharma Inc,cusip_link
20699,53146510,LTRPA,,,not_found
138467,51654820,LTRX,1114925.0,LANTRONIX INC,ticker_fallback
6532,98400J10,LTXC,357020.0,Xcerra Corp,cusip_link
6831,54928210,LUB,,,not_found
39728,54948X10,LUCD,1799011.0,Lucid Diagnostics Inc,cusip_link
40414,45791D20,LUCY,1808377.0,Innovative Eyewear Inc,ticker_fallback
6836,54976410,LUFK,,,not_found
178015,55002110,LULU,1397187.0,lululemon athletica inc.,ticker_fallback
36333,55028X10,LUMO,1126234.0,LUMOS PHARMA INC,cusip_link
166583,55035110,LUNA,,,not_found
36260,74584810,LUNG,1127537.0,Pulmonx Corp,ticker_fallback
38258,46125A10,LUNR,1844452.0,Intuitive Machines Inc,cusip_link
9882,84474110,LUV,92380.0,SOUTHWEST AIRLINES CO,ticker_fallback
63424,85849510,LVB,,,not_found
35394,53918310,LVGO,,,not_found
13440,52729N30,LVLT,,,not_found
39053,53838L10,LVOX,1723648.0,LiveVox Holdings Inc,cusip_link
161844,51783410,LVS,1300514.0,LAS VEGAS SANDS CORP,ticker_fallback
36979,53838J10,LVWR,1898795.0,LiveWire Group Inc,cusip_link
28790,51327210,LW,1679273.0,"Lamb Weston Holdings, Inc.",ticker_fallback
15087,53191410,LWAY,814586.0,"Lifeway Foods, Inc.",ticker_fallback
106233,53227510,LWLG,1325964.0,"Lightwave Logic, Inc.",ticker_fallback
144135,52078P10,LWSN,1141517.0,LAWSON SOFTWARE AMERICAS INC,cusip_link
43385,52886X10,LXEO,1907108.0,Lexeo Therapeutics Inc,cusip_link
61552,52977110,LXK,,,not_found
133868,52887230,LXRX,1062822.0,"LEXICON PHARMACEUTICALS, INC.",ticker_fallback
6528,50216010,LXU,60714.0,"LSB INDUSTRIES, INC.",ticker_fallback
34873,55087P10,LYFT,1759509.0,Lyft Inc,cusip_link
39962,54911Q10,LYLT,1870997.0,Loyalty Ventures Inc,cusip_link
6527,50216C10,LYTS,763532.0,LSI INDUSTRIES INC,cusip_link
165746,53803410,LYV,1335258.0,"Live Nation Entertainment, Inc.",ticker_fallback
39225,52466B10,LZ,1286139.0,LEGALZOOMCOM INC,cusip_link
6830,54927110,LZ,1286139.0,"LEGALZOOM.COM, INC.",ticker_fallback
6543,50533610,LZB,57131.0,LA-Z-BOY INC,ticker_fallback
111581,29089V20,LZR,1021097.0,EMERGENT GROUP INC/NY,cusip_link
4611,55616P10,M,794367.0,MACY'S INC,cusip_link
160225,57636Q10,MA,1141391.0,MASTERCARD INC,cusip_link
29170,55433520,MACE,,,not_found
187631,59032820,MACK,,,not_found
12581,55942440,MAG,,,not_found
41132,55264110,MAIA,1878313.0,"MAIA Biotechnology, Inc.",ticker_fallback
179380,56087910,MAKO,1784930.0,Mako Mining Corp.,ticker_fallback
31674,69323K10,MALL,937941.0,PC MALL INC,cusip_link
6963,56037710,MAM,,,not_found
45070,57628N10,MAMO,1952853.0,Massimo Group,cusip_link
165911,55277Q20,MAMS,832488.0,MAM SOFTWARE GROUP INC,cusip_link
14370,56418H10,MAN,62072.0,MANPOWER INC,cusip_link
109826,56275010,MANH,1056696.0,MANHATTAN ASSOCIATES INC,ticker_fallback
146171,56456310,MANT,,,not_found
178531,56509R10,MAPP,1297401.0,DREAMWORKS ANIMATION SKG INC,cusip_link
39025,92971A10,MAPS,1779474.0,WM TECHNOLOGY INC,cusip_link
28930,57190320,MAR,1048286.0,MARRIOTT INTERNATIONAL INC /MD/,ticker_fallback
4384,56578810,MARA,1507605.0,"MARA Holdings, Inc.",ticker_fallback
7085,57459910,MAS,62996.0,MASCO CORP /DE/,ticker_fallback
177881,57479510,MASI,937556.0,MASIMO CORP,ticker_fallback
37480,65443P10,MASS,1555279.0,908 Devices Inc,cusip_link
7116,57708110,MAT,63276.0,MATTEL INC /DE/,ticker_fallback
29278,57290110,MATK,,,not_found
30477,57712810,MATW,63296.0,MATTHEWS INTERNATIONAL CORP,ticker_fallback
37148,58450V10,MAX,1818383.0,MediaAlpha Inc,cusip_link
137609,57778K10,MAXR,1121142.0,Maxar Technologies Inc,cusip_link
127481,57777610,MAXY,,,not_found
23935,60255W10,MB,1458962.0,MINDBODY Inc,cusip_link
41835,57638P10,MBC,1941365.0,MasterBrand Inc,cusip_link
18270,57165B10,MBII,1441693.0,MARRONE BIO INNOVATIONS INC,cusip_link
175490,98585K85,MBLX,,,not_found
41640,60741F10,MBLY,1910139.0,Mobileye Global Inc,cusip_link
108740,62544X20,MBND,732412.0,MULTIBAND CORP,cusip_link
29293,59503A20,MBOT,883975.0,Microbot Medical Inc,cusip_link
155614,59608710,MBRK,,,not_found
19391,56117J10,MBUU,1590976.0,Malibu Boats Inc,cusip_link
50526,55287L10,MBX,1776111.0,MBX Biosciences Inc,cusip_link
129442,58446K10,MCCC,1098659.0,MEDIACOM COMMUNICATIONS CORP,cusip_link
7154,58013510,MCD,63908.0,MCDONALDS CORP,ticker_fallback
187810,59560V20,MCEP,,,not_found
22053,21075N20,MCF,1071993.0,CONTANGO OIL & GAS CO,cusip_link
37180,57906310,MCFE,,,not_found
24911,57637H10,MCFT,1638290.0,"MasterCraft Boat Holdings, Inc.",ticker_fallback
39068,58600110,MCG,,,not_found
27965,59501710,MCHP,827054.0,MICROCHIP TECHNOLOGY INC,ticker_fallback
157755,56624R10,MCHX,1224133.0,MARCHEX INC,cusip_link
7171,58155Q10,MCK,927653.0,MCKESSON CORP,cusip_link
139665,61536910,MCO,1059556.0,MOODYS CORP /DE/,ticker_fallback
7509,60875310,MCP,,,not_found
28704,60902710,MCRI,907242.0,MONARCH CASINO & RESORT INC,ticker_fallback
31147,59479310,MCRL,,,not_found
23569,59870L10,MCRN,1637913.0,Milacron Holdings Corp,cusip_link
7331,59490110,MCRS,,,not_found
7022,56633010,MCS,62234.0,MARCUS CORP,ticker_fallback
38936,60646V10,MCW,1853513.0,Mister Car Wash Inc,cusip_link
61325,58502B10,MD,893949.0,MEDNAX INC,cusip_link
349337,84757T10,MDAI,1833498.0,Spectral AI Inc,cusip_link
179027,58404510,MDAS,,,not_found
32526,60937P10,MDB,1441816.0,MongoDB Inc,cusip_link
6865,55267610,MDC,,,not_found
7205,58449L10,MDCI,748270.0,MEDICAL ACTION INDUSTRIES INC,cusip_link
138608,58468810,MDCO,,,not_found
64404,59214210,MDF,,,not_found
27716,55886810,MDGL,1157601.0,"MADRIGAL PHARMACEUTICALS, INC.",ticker_fallback
293754,00835P10,MDGN,1138776.0,Aevi Genomic Medicine LLC,cusip_link
35583,58450D10,MDIA,1784254.0,Mediaco Holding Inc,cusip_link
35374,58402110,MDLA,,,not_found
179648,58449C10,MDMD,1275791.0,MEDIAMIND TECHNOLOGIES INC,cusip_link
7260,58943310,MDP,,,not_found
181104,01988P10,MDRX,1124804.0,ALLSCRIPTS-MISYS HEALTHCARE SOLUTIONS INC,cusip_link
66438,59562610,MDS,,,not_found
182308,58471A10,MDSO,1453814.0,MEDIDATA SOLUTIONS INC,cusip_link
143605,58404W10,MDTH,1139463.0,MEDCATH CORP,cusip_link
6867,55269010,MDU,67716.0,MDU RESOURCES GROUP INC,ticker_fallback
37396,58406B20,MDVL,,,not_found
164266,58501N10,MDVN,1011835.0,MEDIVATION INC,cusip_link
22484,58504H10,MDVX,1591165.0,Medovex Corp,cusip_link
178157,60249610,MDXG,1376339.0,"MIMEDX GROUP, INC.",ticker_fallback
148281,56845T30,ME,1022345.0,MARINER ENERGY INC,cusip_link
160474,59117610,MEA,,,not_found
64595,58306220,MEAD,,,not_found
12236,58342110,MEAS,,,not_found
35099,57860510,MEC,1766368.0,"Mayville Engineering Company, Inc.",ticker_fallback
29517,58470H10,MED,910329.0,MEDIFAST INC,cusip_link
285536,60689B10,MEDH,1441567.0,MMODAL INC,cusip_link
19998,58506Q10,MEDP,1668397.0,Medpace Holdings Inc,cusip_link
25216,58494910,MEDQ,,,not_found
179507,80880X10,MEDS,,,not_found
24378,58494610,MEDW,,,not_found
141400,57620610,MEE,,,not_found
30950,58441K10,MEG,216539.0,MEDIA GENERAL INC,cusip_link
36718,61511110,MEG,,,not_found
7291,59152020,MEI,65270.0,METHODE ELECTRONICS INC,ticker_fallback
12005,59151710,MEIL,,,not_found
164293,86272A30,MELA,,,not_found
178081,58733R10,MELI,1099590.0,MERCADOLIBRE INC,cusip_link
179082,58626410,MEMS,,,not_found
163102,59518V10,MEND,1028318.0,MICRUS ENDOVASCULAR CORP,cusip_link
7251,58720010,MENT,,,not_found
19104,59564N10,MEP,1578685.0,MIDCOAST ENERGY PARTNERS LP,cusip_link
14563,58805610,MERC,1333274.0,MERCER INTERNATIONAL INC.,ticker_fallback
184057,59047Q10,MERU,1167294.0,MERU NETWORKS INC,cusip_link
29670,75134P60,METC,1687187.0,"Ramaco Resources, Inc.",ticker_fallback
163879,56030510,MFB,,,not_found
25783,57906410,MFE,,,not_found
160216,62541B10,MFLX,830916.0,MULTI FINELINE ELECTRONIX INC,cusip_link
19431,71416710,MFRI,,,not_found
161036,57722W10,MFRM,1419852.0,MATTRESS FIRM HOLDING CORP,cusip_link
26495,94909010,MFS,,,not_found
60887,55254110,MFW,,,not_found
180229,60649T10,MG,1436126.0,MISTRAS GROUP INC,cusip_link
40494,60737110,MGAM,1886362.0,"Mobile Global Esports, Inc.",ticker_fallback
62107,62545310,MGAM,1886362.0,"Mobile Global Esports, Inc.",ticker_fallback
6932,55277P10,MGEE,1161728.0,MGE ENERGY INC,cusip_link
30311,92790C10,MGEN,1590750.0,Viridian Therapeutics Inc\DE,cusip_link
2940,55907920,MGLN,,,not_found
14418,55295310,MGM,789570.0,MGM Resorts International,ticker_fallback
22650,60343210,MGN,1995075.0,Megan Holdings Ltd.,ticker_fallback
18658,55609910,MGNX,1125345.0,MACROGENICS INC,ticker_fallback
14891,55303J10,MGPI,835011.0,MGP INGREDIENTS INC,cusip_link
7161,58058910,MGRC,752714.0,MCGRATH RENTCORP,ticker_fallback
42945,60978610,MGRM,,,not_found
42220,56270V20,MGRX,1938046.0,"MANGOCEUTICALS, INC.",ticker_fallback
63337,55302P20,MGT,1001601.0,MGT CAPITAL INVESTMENTS INC,cusip_link
33500,25282810,MGTA,,,not_found
43792,59102M10,MGX,1785279.0,Metagenomi Inc,cusip_link
165924,61748W10,MHGC,1342126.0,MORGANS HOTEL GROUP CO,cusip_link
180822,57633B10,MHH,1437226.0,Mastech Holdings Inc,cusip_link
25119,60819010,MHK,851968.0,MOHAWK INDUSTRIES INC,ticker_fallback
12615,55305B10,MHO,799292.0,M I SCHOTTENSTEIN HOMES INC,cusip_link
7163,78409V10,MHP,64040.0,S&P Global Inc,cusip_link
7186,58405U10,MHS,1170650.0,MEDCO HEALTH SOLUTIONS INC,cusip_link
161120,55608B10,MIC,1289790.0,MACQUARIE INFRASTRUCTURE CO LLC,cusip_link
160555,55328R10,MICT,,,not_found
13570,59627810,MIDD,769520.0,MIDDLEBY Corp,ticker_fallback
7316,59408Q10,MIK,1593936.0,Michaels Companies Inc,cusip_link
7409,60107310,MIL,,,not_found
66228,60052710,MILL,,,not_found
137861,00951K10,MIMO,1823882.0,Airspan Networks Holdings Inc,cusip_link
31214,60256630,MIND,926423.0,"MIND TECHNOLOGY, INC",ticker_fallback
29734,60740F10,MINI,911109.0,MOBILE MINI INC,cusip_link
183666,60365W20,MINM,,,not_found
166200,60852M10,MIPI,1340752.0,MOLECULAR INSIGHT PHARMACEUTICALS INC,cusip_link
39935,60471A10,MIR,1809987.0,Mirion Technologies Inc,cusip_link
43186,60458C10,MIRA,1904286.0,MIRA PHARMACEUTICALS INC,cusip_link
35375,60474910,MIRM,1759425.0,"Mirum Pharmaceuticals, Inc.",ticker_fallback
38917,60471P10,MIRO,1527096.0,Miromatrix Medical Inc,cusip_link
174160,59509C10,MITI,1131907.0,MICROMET INC,cusip_link
36235,62464R10,MITQ,1770236.0,MOVING iMAGE TECHNOLOGIES INC,cusip_link
24937,56068V10,MJCO,1626853.0,Majesco,cusip_link
180833,58283910,MJN,,,not_found
7146,57978020,MKC,63754.0,MCCORMICK & CO INC,ticker_fallback
39250,57064N20,MKFG,,,not_found
119275,55306N10,MKSI,1049502.0,MKS INSTRUMENTS INC,cusip_link
186451,76124810,MKTG,,,not_found
17693,57063L10,MKTO,1490660.0,MARKETO INC,cusip_link
7275,59064R10,MLAB,724004.0,MESA LABORATORIES INC /CO,cusip_link
7401,60054410,MLHR,,,not_found
15343,62475610,MLI,89439.0,MUELLER INDUSTRIES INC,ticker_fallback
29733,57328410,MLM,916076.0,MARTIN MARIETTA MATERIALS INC,ticker_fallback
38748,58985J10,MLNK,1834494.0,MeridianLink Inc,cusip_link
29621,85809820,MLNK,,,not_found
196856,58549G20,MLNT,1461993.0,MELINTA THERAPEUTICS INC /NEW/,cusip_link
30558,60055120,MLR,924822.0,MILLER INDUSTRIES INC /TN/,ticker_fallback
41916,60317010,MLYS,1933414.0,"Mineralys Therapeutics, Inc.",ticker_fallback
170458,60040N10,MM,1372375.0,Millennial Media Inc,cusip_link
39108,59134N30,MMAT,,,not_found
186106,62009710,MMI,1578732.0,"Marcus & Millichap, Inc.",ticker_fallback
150201,57333110,MMLP,1176334.0,MARTIN MIDSTREAM PARTNERS L.P.,ticker_fallback
7435,88579Y10,MMM,66740.0,3M CO,cusip_link
17494,56146T10,MMMB,1520358.0,Mama's Creations Inc,cusip_link
142230,55908010,MMP,,,not_found
30234,58241110,MMR,,,not_found
64901,57793310,MMS,1032220.0,"MAXIMUS, INC.",ticker_fallback
21777,58988910,MMSI,856982.0,MERIT MEDICAL SYSTEMS INC,ticker_fallback
60942,56086P20,MMUS,920707.0,MAKEMUSIC INC,cusip_link
180937,87621420,MNGA,,,not_found
14163,57948930,MNI,,,not_found
160340,56400P70,MNKD,899460.0,MANNKIND CORP,cusip_link
21522,92941V30,MNLO,1566044.0,VYNE Therapeutics Inc,cusip_link
162892,58468P20,MNOV,1226616.0,MEDICINOVA INC,cusip_link
35664,61023L20,MNPR,1645469.0,Monopar Therapeutics,cusip_link
43507,55445L10,MNR,1980088.0,MACH NATURAL RESOURCES LP,cusip_link
35004,10918L10,MNRL,1745797.0,Brigham Minerals Inc,cusip_link
24350,61023610,MNRO,876427.0,"MONRO, INC.",ticker_fallback
264414,60877T10,MNTA,1235010.0,MOMENTA PHARMACEUTICALS INC,cusip_link
25079,55376910,MNTG,,,not_found
37672,61218C10,MNTK,1826600.0,Montauk Renewables Inc,cusip_link
161843,56342010,MNTX,,,not_found
8543,02209S10,MO,764180.0,ALTRIA GROUP INC,cusip_link
20330,60739U20,MOBL,1470099.0,MOBILEIRON INC,cusip_link
163850,60743F60,MOBQ,1084267.0,"Mobiquity Technologies, Inc.",ticker_fallback
39121,60743G10,MOBX,1855467.0,MOBIX LABS INC,cusip_link
22797,20050L10,MOC,864509.0,COMMAND SECURITY CORP,cusip_link
7481,60749410,MOCO,,,not_found
7486,60782810,MOD,67347.0,MODINE MANUFACTURING CO,ticker_fallback
165750,60785L20,MODD,1074871.0,Modular Medical Inc,cusip_link
17553,60752510,MODN,,,not_found
7549,61539420,MOG,,,not_found
7506,60855410,MOLX,,,not_found
140760,61166W10,MON,1110783.0,MONSANTO CO /NEW/,cusip_link
37785,46571210,MOND,,,not_found
35280,61775R10,MORF,1679363.0,Morphic Holding Inc,cusip_link
162129,61945C10,MOS,1285785.0,MOSAIC CO,cusip_link
7585,62007630,MOT,2099681.0,MetaOptics Ltd,ticker_fallback
31348,62014P50,MOTS,1686850.0,Motus GI Holdings Inc,cusip_link
7951,62458010,MOV,72573.0,MOVADO GROUP INC,ticker_fallback
122674,62458M20,MOVE,1085770.0,MOVE INC,cusip_link
37407,55336810,MP,1801368.0,MP Materials Corp. / DE,ticker_fallback
29930,62007110,MPAA,918251.0,MOTORCAR PARTS OF AMERICA INC,ticker_fallback
152809,60749510,MPAC,,,not_found
186989,56585A10,MPC,1510295.0,MARATHON PETROLEUM CORP,cusip_link
21845,59116R10,MPG,1616817.0,Metaldyne Performance Group Inc,cusip_link
37188,62548M20,MPLN,,,not_found
12294,55336V10,MPLX,1552000.0,MPLX LP,cusip_link
194755,03212B10,MPO,1533924.0,Amplify Energy Corp,cusip_link
7281,59087630,MPR,,,not_found
41420,55380K10,MPTI,1902314.0,M-tron Industries Inc,cusip_link
160888,60983910,MPWR,1280452.0,MONOLITHIC POWER SYSTEMS INC,ticker_fallback
142546,56842710,MPX,,,not_found
38832,57142B10,MQ,1522540.0,Marqeta Inc,cusip_link
28087,30041T10,MRAM,1438423.0,EVERSPIN TECHNOLOGIES INC.,ticker_fallback
180016,55345K10,MRC,,,not_found
66393,58937810,MRCY,1049521.0,MERCURY SYSTEMS INC,ticker_fallback
20168,58605Q10,MRD,1599222.0,Memorial Resource Development Corp,cusip_link
66630,58949910,MRGE,,,not_found
184077,18507C10,MRIC,1285550.0,ClearPoint Neuro Inc,cusip_link
17376,56804T30,MRIN,,,not_found
7257,58933Y10,MRK,310158.0,Merck & Co Inc,cusip_link
34410,60770K10,MRNA,1682852.0,Moderna Inc,cusip_link
20567,56854Q20,MRNS,1267813.0,MARINUS PHARMACEUTICALS INC,cusip_link
7017,56584910,MRO,,,not_found
25334,61943010,MRT,1852767.0,"Marti Technologies, Inc.",ticker_fallback
12625,57307510,MRTN,799167.0,MARTEN TRANSPORT LTD,ticker_fallback
160770,60468T10,MRTX,1576263.0,MIRATI THERAPEUTICS INC,cusip_link
37354,56600D10,MRVI,1823239.0,MARAVAI LIFESCIENCES HOLDINGS INC,cusip_link
137310,57387410,MRVL,1835632.0,"Marvell Technology, Inc.",ticker_fallback
21186,58469030,MRX,1997464.0,Marex Group plc,ticker_fallback
7420,55349810,MSA,66570.0,MSA Safety Inc,ticker_fallback
39789,45694810,MSAI,1863990.0,"MultiSensor AI Holdings, Inc.",ticker_fallback
7346,59513710,MSCC,,,not_found
7368,59668010,MSEX,66004.0,MIDDLESEX WATER CO,ticker_fallback
12141,59491810,MSFT,789019.0,MICROSOFT CORP,ticker_fallback
184157,55357310,MSG,,,not_found
24481,55825T10,MSG,1636519.0,Madison Square Garden Co,cusip_link
32918,55825610,MSGE,1952073.0,Madison Square Garden Entertainment Corp.,ticker_fallback
36309,55826T10,MSGE,1795250.0,Sphere Entertainment Co,cusip_link
37674,62011B20,MSGM,1821175.0,Motorsport Games Inc.,ticker_fallback
157865,55279B30,MSHL,1262104.0,MEI Pharma Inc,cusip_link
61732,55353010,MSM,1003078.0,MSC INDUSTRIAL DIRECT CO INC,ticker_fallback
4322,29108720,MSN,32621.0,EMERSON RADIO CORP,ticker_fallback
125237,57308310,MSO,,,not_found
24890,60487110,MSON,,,not_found
37254,23821D10,MSP,,,not_found
154434,60268220,MSPD,,,not_found
42971,56066710,MSS,1892292.0,Maison Solutions Inc.,ticker_fallback
160338,57979310,MSSR,,,not_found
111534,59497240,MSTR,1050446.0,Strategy Inc,ticker_fallback
20143,14167R10,MTBC,1997504.0,YA Investments I LLC,cusip_link
26061,57667L10,MTCH,891103.0,Match Group Inc,cusip_link
36952,59101E10,MTCR,1634379.0,Metacrine Inc,cusip_link
65772,59268810,MTD,1037646.0,METTLER TOLEDO INTERNATIONAL INC/,ticker_fallback
187812,57648520,MTDR,1520006.0,Matador Resources Co,ticker_fallback
32267,60855020,MTEM,,,not_found
112968,56377120,MTEX,1056358.0,MANNATECH INC,ticker_fallback
14790,59001A10,MTH,833079.0,MERITAGE HOMES CORP,cusip_link
64344,91879Q10,MTN,812011.0,VAIL RESORTS INC,cusip_link
20756,57681030,MTNB,1582554.0,"Matinas BioPharma Holdings, Inc.",ticker_fallback
12091,58497720,MTOX,,,not_found
23195,57685310,MTRX,866273.0,MATRIX SERVICE CO,ticker_fallback
6900,55377710,MTSC,,,not_found
187740,55405Y10,MTSI,1493594.0,MACOM Technology Solutions Holdings Inc,cusip_link
30710,57722310,MTSN,,,not_found
39323,57709610,MTTR,,,not_found
6994,56357140,MTW,61986.0,MANITOWOC CO INC,ticker_fallback
25870,60315810,MTX,891014.0,MINERALS TECHNOLOGIES INC,ticker_fallback
62700,57685L10,MTXX,1006195.0,MATRIXX INITIATIVES INC,cusip_link
2497,57632310,MTZ,15615.0,MASTEC INC,ticker_fallback
7343,59511210,MU,723125.0,MICRON TECHNOLOGY INC,ticker_fallback
30535,62520710,MULE,,,not_found
7620,62671710,MUR,717423.0,MURPHY OIL CORP,ticker_fallback
175087,59132A10,MUSA,1362491.0,METALS USA HOLDINGS CORP,cusip_link
18498,62675510,MUSA,1573516.0,Murphy USA Inc.,ticker_fallback
63531,59496030,MVIS,65770.0,"MICROVISION, INC.",ticker_fallback
37923,62459N10,MVLA,1839132.0,Movella Holdings Inc,cusip_link
18879,57767510,MVNR,,,not_found
39338,59516C10,MVST,1760689.0,Microvast Holdings Inc,cusip_link
25167,87403A10,MW,884217.0,TAILORED BRANDS INC,cusip_link
166482,62475810,MWA,1350593.0,"Mueller Water Products, Inc.",ticker_fallback
148770,57075910,MWE,,,not_found
163893,55402X10,MWIV,1323974.0,MWI Veterinary Supply Inc,cusip_link
35210,02156U20,MWK,,,not_found
29830,96145D10,MWV,,,not_found
64156,61174210,MWW,,,not_found
233491,55933J20,MX,1325702.0,MAGNACHIP SEMICONDUCTOR Corp,ticker_fallback
7309,59277010,MXC,66418.0,MEXCO ENERGY CORP,ticker_fallback
321429,57777K10,MXCT,1287098.0,MAXCYTE INC,cusip_link
14256,57772K10,MXIM,743316.0,MAXIM INTEGRATED PRODUCTS INC,cusip_link
184551,57776J10,MXL,1288469.0,MAXLINEAR INC,cusip_link
23035,57777M20,MXPT,1611231.0,MaxPoint Interactive Inc,cusip_link
7124,57776710,MXWL,,,not_found
18339,18948M10,MYCC,1577095.0,CLUBCORP HOLDINGS INC,cusip_link
7636,62846410,MYE,69488.0,MYERS INDUSTRIES INC,ticker_fallback
61399,62855J10,MYGN,899923.0,MYRIAD GENETICS INC,cusip_link
31805,62857J20,MYO,1369290.0,MYOMO INC,cusip_link
26269,62857M10,MYOK,1552451.0,MyoKardia Inc,cusip_link
39054,72815G10,MYPS,1823878.0,PLAYSTUDIOS Inc,cusip_link
180646,55405W10,MYRG,700923.0,MYR GROUP INC,cusip_link
183101,62856H10,MYRX,1459450.0,MYREXIS INC,cusip_link
296866,62844N40,MYSZ,1211805.0,"My Size, Inc.",ticker_fallback
179084,64118Q10,N,1117106.0,NETSUITE INC,cusip_link
39182,62878D10,NABL,1834488.0,N-able Inc,cusip_link
29461,63563H10,NADX,913616.0,NATIONAL DENTEX CORP /MA/,cusip_link
7691,63115810,NAFC,,,not_found
13765,63884230,NAII,787253.0,NATURAL ALTERNATIVES INTERNATIONAL INC,ticker_fallback
13362,62983920,NAKD,,,not_found
21138,76658B10,NAME,1589094.0,RIGHTSIDE GROUP LTD,cusip_link
126423,68334410,NANO,2101833.0,ATII Holdings Inc.,ticker_fallback
65937,63007910,NANX,,,not_found
38160,26414D10,NAPA,1835256.0,Duckhorn Portfolio Inc,cusip_link
36236,45332Y10,NARI,,,not_found
7696,63234710,NATH,69733.0,"NATHANS FAMOUS, INC.",ticker_fallback
31607,63651810,NATI,,,not_found
43198,63001N10,NATL,1974138.0,NCR Atleos Corp,cusip_link
7799,63902710,NATR,275053.0,NATURES SUNSHINE PRODUCTS INC,ticker_fallback
184149,63245Q10,NAUH,1399855.0,NATIONAL AMERICAN UNIVERSITY HOLDINGS INC,cusip_link
38979,63909J10,NAUT,1808805.0,Nautilus Biotechnology Inc,cusip_link
6081,63934E10,NAV,808450.0,NAVISTAR INTERNATIONAL CORP /DE/NEW,cusip_link
125358,63935M20,NAVI,1084750.0,NAVISITE INC,cusip_link
21178,65019410,NBEV,,,not_found
62921,64125C10,NBIX,914475.0,NEUROCRINE BIOSCIENCES INC,cusip_link
7912,65504410,NBL,,,not_found
26411,65506L10,NBLX,1647513.0,Noble Midstream Partners LP,cusip_link
4632,12805830,NBS,,,not_found
32984,64132K20,NBSE,1173281.0,NeuBase Therapeutics Inc,cusip_link
177228,66987P40,NBY,,,not_found
7938,62957910,NC,789933.0,NACCO INDUSTRIES INC,ticker_fallback
66927,65557Y10,NCFT,1582616.0,NORCRAFT COMPANIES INC,cusip_link
63724,63935N10,NCI,1019737.0,NAVIGANT CONSULTING INC,cusip_link
164432,62886K10,NCIT,1334478.0,NCI INC,cusip_link
176523,63530920,NCMI,1377630.0,"National CineMedia, Inc.",ticker_fallback
36711,63947X10,NCNO,1902733.0,nCino Inc,cusip_link
126046,63238130,NCOC,,,not_found
7648,62886E10,NCR,70866.0,NCR CORP,cusip_link
34770,65518650,NCRA,1756180.0,"NOCERA, INC.",ticker_fallback
25130,21925D10,NCS,,,not_found
31005,62887720,NCSM,1692427.0,"NCS Multistage Holdings, Inc.",ticker_fallback
18047,65540B10,NDLS,1275158.0,NOODLES & CO,cusip_link
62922,65440K10,NDN,1011290.0,99 CENTS ONLY STORES,cusip_link
29418,29273B50,NDRA,1681682.0,ENDRA Life Sciences Inc.,ticker_fallback
7921,65566310,NDSN,72331.0,NORDSON CORP,ticker_fallback
110804,64009420,NEFF,,,not_found
7881,65163910,NEM,1164727.0,NEWMONT Corp /DE/,ticker_fallback
137641,64121A10,NENG,1110903.0,NETWORK ENGINES INC,cusip_link
125794,64049M20,NEO,1077183.0,NEOGENOMICS INC,cusip_link
16453,64049110,NEOG,711377.0,NEOGEN CORP,ticker_fallback
25377,64052L10,NEOS,1467652.0,Neos Therapeutics Inc,cusip_link
35789,64065510,NEOV,1748137.0,NeoVolta Inc.,ticker_fallback
151364,16941G10,NEP,787251.0,CHINA NORTH EAST PETROLEUM HOLDINGS LTD,cusip_link
20655,65341B10,NEP,1603145.0,NEXTERA ENERGY PARTNERS LP,cusip_link
151423,64067140,NEPH,1196298.0,NEPHROS INC,ticker_fallback
20225,60338020,NERV,1598646.0,"Minerva Neurosciences, Inc.",ticker_fallback
178851,67091K30,NES,1403853.0,Nuverra Environmental Solutions Inc,cusip_link
35604,18915M10,NET,1477333.0,Cloudflare Inc,cusip_link
160232,64118B10,NETL,1135711.0,NETLOGIC MICROSYSTEMS INC,cusip_link
4462,65158710,NEU,1282637.0,NEWMARKET CORP,ticker_fallback
19574,36472T10,NEWM,1579684.0,Gannett Co Inc,cusip_link
150720,64384710,NEWN,,,not_found
7883,65182410,NEWP,1369085.0,NEW PACIFIC METALS CORP,ticker_fallback
22182,64829B10,NEWR,1448056.0,NEW RELIC INC,cusip_link
37808,65344D20,NEXI,,,not_found
29921,76155G20,NEXS,917523.0,Revolution Lighting Technologies Inc,cusip_link
32244,65342K10,NEXT,1612720.0,NextDecade Corp,cusip_link
34418,64439310,NFE,1749723.0,New Fortress Energy Inc.,ticker_fallback
152109,05552Q30,NFEC,,,not_found
7733,63618010,NFG,70145.0,NATIONAL FUEL GAS CO,ticker_fallback
147579,64110L10,NFLX,1065280.0,NETFLIX INC,cusip_link
41685,62911P30,NFTG,1895618.0,GAXOSAI INC,cusip_link
29173,65129010,NFX,,,not_found
6437,65686Y10,NGA,55805.0,NORTH AMERICAN GALVANIZING & COATINGS INC,cusip_link
162064,64446110,NGBF,,,not_found
186501,62913M10,NGL,1504461.0,NGL ENERGY PARTNERS LP,cusip_link
176659,87611X10,NGLS,1379661.0,TARGA RESOURCES PARTNERS LP,cusip_link
34221,62921N10,NGM,1426332.0,NGM BIOPHARMACEUTICALS INC,cusip_link
150562,63886Q10,NGS,1084991.0,NATURAL GAS SERVICES GROUP INC,cusip_link
177110,64125210,NGSX,,,not_found
11922,63888U10,NGVC,1547459.0,NATURAL GROCERS BY VITAMIN COTTAGE INC,cusip_link
27119,45688C10,NGVT,1653477.0,Ingevity Corp,cusip_link
27274,63010430,NH,,,not_found
7741,63590610,NHC,1047335.0,NATIONAL HEALTHCARE CORP,ticker_fallback
165844,65411N10,NHWK,1292470.0,NIGHTHAWK RADIOLOGY HOLDINGS INC,cusip_link
7974,65473P10,NI,823392.0,NISOURCE INC,cusip_link
65365,65373A10,NICK,,,not_found
140902,62913F50,NIHD,1037016.0,NII HOLDINGS INC,cusip_link
264391,09578R10,NILE,1091171.0,BLUE NILE INC,cusip_link
31507,65441V10,NINE,1532286.0,Nine Energy Service Inc,cusip_link
37691,63949410,NIR,,,not_found
180679,62914U10,NIV,1403795.0,NIVS INTELLIMEDIA TECHNOLOGY GROUP INC,cusip_link
7849,64602510,NJR,356309.0,NEW JERSEY RESOURCES CORP,ticker_fallback
174108,65467810,NKA,,,not_found
7906,65410610,NKE,320187.0,"NIKE, Inc.",ticker_fallback
38649,65488A10,NKGN,1845459.0,NKGen Biotech Inc,cusip_link
36565,65411030,NKLA,,,not_found
36642,65487U10,NKTX,1787400.0,Nkarta Inc,cusip_link
7658,62915640,NL,72162.0,NL INDUSTRIES INC,ticker_fallback
161797,62985Q10,NLC,1298341.0,NALCO HOLDING CO,cusip_link
12855,65488910,NLCI,,,not_found
27760,63910B10,NLS,1078207.0,NAUTILUS GROUP INC,cusip_link
176035,64118P10,NLST,1282631.0,NETLIST INC,cusip_link
18975,65440R10,NMBL,1452751.0,NIMBLE STORAGE INC,cusip_link
40689,63903P20,NMHI,1947861.0,Nature's Miracle Holding Inc.,ticker_fallback
43287,64097910,NMRA,1885522.0,"Neumora Therapeutics, Inc.",ticker_fallback
22114,64044220,NMRD,,,not_found
30029,67053A10,NMRX,870753.0,NUMEREX CORP /PA/,cusip_link
32247,64130M20,NMTC,1500198.0,NEUROONE MEDICAL TECHNOLOGIES Corp,cusip_link
63676,62929410,NMTI,,,not_found
39992,65345N10,NN,1865631.0,NEXTNAV INC,cusip_link
29894,62933710,NNBR,918541.0,NN INC,ticker_fallback
45158,63010H10,NNE,1923891.0,Nano Nuclear Energy Inc.,ticker_fallback
160997,63008730,NNVC,1379006.0,"NANOVIRICIDES, INC.",ticker_fallback
7911,65489210,NOBH,72205.0,NOBILITY HOMES INC,ticker_fallback
7985,66680710,NOC,1133421.0,NORTHROP GRUMMAN CORP /DE/,ticker_fallback
164648,64758A10,NOEC,,,not_found
142337,66553130,NOG,1104485.0,"NORTHERN OIL & GAS, INC.",ticker_fallback
38416,65528N20,NOGN,1841800.0,Nogin Inc,cusip_link
14417,59512510,NOIZ,,,not_found
62088,64439810,NOOF,,,not_found
177303,65542W20,NOR,,,not_found
63892,62955J10,NOV,1021860.0,NOV Inc,cusip_link
123017,66986W20,NOVA,,,not_found
35395,86745K10,NOVA,,,not_found
11910,67000610,NOVL,,,not_found
27905,66988N20,NOVN,1467154.0,Novan Inc,cusip_link
171007,81762P10,NOW,1373715.0,ServiceNow Inc,cusip_link
162264,64007910,NP,2067129.0,Neptune Insurance Holdings Inc.,ticker_fallback
38507,64128810,NPCE,1528287.0,NeuroPace Inc,ticker_fallback
7762,63721510,NPK,80172.0,NATIONAL PRESTO INDUSTRIES INC,ticker_fallback
148950,29355X10,NPO,1164863.0,Enpro Inc,cusip_link
30255,62936P10,NPSP,890465.0,NPS PHARMACEUTICALS INC,cusip_link
184702,64051T10,NPTN,1227025.0,NEOPHOTONICS CORP,cusip_link
38336,64107A10,NPWR,1845437.0,NET Power Inc,cusip_link
7882,65171850,NR,,,not_found
33573,62937510,NRCG,,,not_found
65587,63737220,NRCIA,,,not_found
39867,64082B10,NRDS,1625278.0,NERDWALLET INC,cusip_link
39703,64081V10,NRDY,1819404.0,Nerdy Inc,cusip_link
135990,62937750,NRG,1013871.0,"NRG ENERGY, INC.",ticker_fallback
177124,22637810,NRGM,,,not_found
37937,29280W10,NRGV,1828536.0,Energy Vault Holdings Inc,cusip_link
162894,22634420,NRGY,,,not_found
36767,67080M10,NRIX,1549595.0,Nurix Therapeutics Inc,cusip_link
19416,64066710,NRX,,,not_found
38874,62944420,NRXP,1719406.0,"NRX Pharmaceuticals, Inc.",ticker_fallback
41953,64134X20,NRXS,1933567.0,Neuraxis INC,cusip_link
141363,67058H10,NS,1110805.0,NUSTAR ENERGY LP,cusip_link
7923,65584410,NSC,702165.0,NORFOLK SOUTHERN CORP,ticker_fallback
35490,23204X10,NSCO,,,not_found
174135,67059L10,NSH,1223786.0,NUSTAR GP HOLDINGS LLC,cusip_link
31453,45765U10,NSIT,932696.0,INSIGHT ENTERPRISES INC,cusip_link
16927,64881E10,NSLP,1560443.0,NEW SOURCE ENERGY PARTNERS LP,cusip_link
7772,63764010,NSM,,,not_found
178752,63009F20,NSPH,,,not_found
186953,45779A84,NSPR,1433607.0,InspireMD Inc,cusip_link
163629,64126X20,NSR,1265888.0,NEUSTAR INC,cusip_link
7685,63040210,NSSC,69633.0,"NAPCO SECURITY TECHNOLOGIES, INC",ticker_fallback
2328,67019E10,NST,1085871.0,NSTAR,cusip_link
160364,64104X10,NSTC,1089638.0,NESS TECHNOLOGIES INC,cusip_link
18009,63009R10,NSTG,1401708.0,NANOSTRING TECHNOLOGIES INC,cusip_link
3962,65655310,NSYS,722313.0,NORTECH SYSTEMS INC,ticker_fallback
61591,64110D10,NTAP,1002047.0,NETAPP INC,cusip_link
122902,64115T10,NTCT,1078075.0,NETSCOUT SYSTEMS INC,cusip_link
33664,64050Y10,NTGN,1694187.0,Neon Therapeutics Inc,cusip_link
154039,64111Q10,NTGR,1122904.0,NETGEAR INC,cusip_link
170297,66582610,NTI,,,not_found
19209,66580910,NTIC,875582.0,NORTHERN TECHNOLOGIES INTERNATIONAL CORP,ticker_fallback
260408,65655930,NTK,,,not_found
27155,45826J10,NTLA,1652130.0,Intellia Therapeutics Inc,cusip_link
165845,67020Q30,NTLS,,,not_found
26746,67059N10,NTNX,1618732.0,Nutanix Inc,cusip_link
24176,63230710,NTRA,1604821.0,"Natera, Inc.",ticker_fallback
31942,67092M20,NTRB,1676047.0,NutriBand Inc,cusip_link
31227,67069D10,NTRI,1096376.0,NUTRI SYSTEM INC /DE/,cusip_link
18638,64129T20,NTRP,1513856.0,Neurotrope Inc,cusip_link
7781,63810410,NTSC,,,not_found
107446,64115A40,NTWK,1039280.0,NETSOL TECHNOLOGIES INC,cusip_link
7970,30040W10,NU,72741.0,EVERSOURCE ENERGY,cusip_link
61685,67020Y10,NUAN,1002517.0,Nuance Communications Inc,cusip_link
8030,67034610,NUE,73309.0,NUCOR CORP,ticker_fallback
8017,66990810,NUHC,,,not_found
160488,64125588,NURO,,,not_found
64028,67018T10,NUS,1021561.0,NU SKIN ASIA PACIFIC INC,cusip_link
66496,67060Y10,NUTR,1050007.0,NUTRACEUTICAL INTERNATIONAL CORP,cusip_link
35824,67079U30,NUTX,1479681.0,Nutex Health Inc,cusip_link
264385,67070410,NUVA,,,not_found
38076,67080N10,NUVB,1811063.0,Nuvation Bio Inc.,ticker_fallback
39344,67070310,NUVL,1861560.0,"Nuvalent, Inc.",ticker_fallback
61655,67000240,NVAX,1000694.0,NOVAVAX INC,ticker_fallback
39839,67080T10,NVCT,1875558.0,Nuvectis Pharma Inc,cusip_link
117768,67066G10,NVDA,1045810.0,NVIDIA CORP,cusip_link
7824,67073Y10,NVE,741508.0,NV ENERGY INC,cusip_link
21743,62944520,NVEC,724910.0,NVE CORP /NEW/,ticker_fallback
17277,62945V10,NVEE,1532961.0,NV5 HOLDINGS INC,cusip_link
184585,66979P30,NVFY,1473334.0,Nova Lifestyle Inc,cusip_link
185826,46186M60,NVIV,1292519.0,INVIVO THERAPEUTICS HOLDINGS CORP,cusip_link
14623,67000810,NVLS,,,not_found
30280,75941910,NVMM,,,not_found
31370,67011T30,NVOS,,,not_found
12459,62944T10,NVR,906163.0,NVR INC,cusip_link
21916,64157F10,NVRO,1444380.0,NEVRO CORP,cusip_link
35497,29415F10,NVST,1757073.0,Envista Holdings Corp,cusip_link
22867,46185L10,NVTA,1501134.0,Invitae Corp,cusip_link
141178,45782B30,NVTL,,,not_found
26382,67075N10,NVTR,1648893.0,Nuvectra Corp,cusip_link
39931,63942X10,NVTS,1821769.0,Navitas Semiconductor Corp,cusip_link
31301,28617K10,NVUS,1404281.0,Eledon Pharmaceuticals Inc,cusip_link
130298,64378H10,NWD,,,not_found
8001,66807430,NWE,1993004.0,"NorthWestern Energy Group, Inc.",ticker_fallback
18171,64537010,NWHM,,,not_found
13011,64120810,NWK,,,not_found
7875,65122910,NWL,814453.0,NEWELL BRANDS INC.,ticker_fallback
7993,66765N10,NWN,1733998.0,Northwest Natural Holding Co,cusip_link
61635,66774610,NWPX,1001385.0,"NWPX Infrastructure, Inc.",ticker_fallback
18043,65249B10,NWSA,1564708.0,NEWS CORP,ticker_fallback
12886,90130A30,NWSA,1564708.0,NEWS CORP,ticker_fallback
160571,74980D10,NWY,,,not_found
179819,74761910,NX,1423221.0,Quanex Building Products CORP,ticker_fallback
34624,65344E10,NXGL,1468929.0,"NEXGEL, INC.",ticker_fallback
40536,65345B20,NXL,1527352.0,"Nexalin Technology, Inc.",ticker_fallback
149177,65336K10,NXST,1142125.0,NEXSTAR BROADCASTING INC,cusip_link
41996,65290E10,NXT,1852131.0,Nextpower Inc.,ticker_fallback
164612,67072V10,NXTM,1333170.0,NXSTAGE MEDICAL INC,cusip_link
349530,65344G20,NXTP,,,not_found
18293,18539C20,NYLD,,,not_found
29129,29205230,NYNY,,,not_found
7866,65011110,NYT,71691.0,NEW YORK TIMES CO,ticker_fallback
177654,64111N10,NZ,1132484.0,NETEZZA CORP,cusip_link
39399,68218J10,OABI,1846253.0,OmniAb Inc,cusip_link
184442,67421520,OAS,,,not_found
39248,69002R10,OB,1454938.0,Outbrain Inc,cusip_link
8073,67463110,OBCI,,,not_found
36003,67443430,OBLG,,,not_found
8214,69074210,OC,1370946.0,Owens Corning,ticker_fallback
150681,67457L10,OCAT,1140098.0,Ocata Therapeutics Inc,cusip_link
62553,68382720,OCCF,,,not_found
39573,67644C10,OCEA,1869974.0,Ocean Biomedical Inc,cusip_link
35712,67577C10,OCGN,1372299.0,Ocugen Inc,cusip_link
18868,67091N10,OCIP,,,not_found
18321,17246410,OCIR,,,not_found
133944,67555N20,OCLR,1110647.0,OCLARO INC,cusip_link
175424,83558L30,OCLS,,,not_found
137130,67457P30,OCNW,1108185.0,OCCAM NETWORKS INC/DE,cusip_link
8133,68190410,OCR,,,not_found
18350,67552A10,OCRX,1274644.0,OCERA THERAPEUTICS INC,cusip_link
21015,67576A10,OCUL,1393434.0,OCULAR THERAPEUTIX INC,cusip_link
37325,67577R10,OCUP,1228627.0,Opus Genetics Inc,cusip_link
26669,68235C20,OCX,,,not_found
284041,67086E30,OCZ,,,not_found
8105,67786410,ODC,74046.0,Oil-Dri Corp of America,ticker_fallback
24617,67958010,ODFL,878927.0,"OLD DOMINION FREIGHT LINE, INC.",ticker_fallback
14624,88337F10,ODP,800240.0,ODP Corp,cusip_link
141847,67611V10,ODSY,1129623.0,ODYSSEY HEALTHCARE INC,cusip_link
151161,69021210,OFI,,,not_found
28380,68752M10,OFIX,884624.0,Orthofix Medical Inc,cusip_link
164116,68209510,OFLX,1317945.0,"Omega Flex, Inc.",ticker_fallback
8113,67083710,OGE,1021635.0,OGE ENERGY CORP.,ticker_fallback
38821,68622V10,OGN,1821825.0,Organon & Co,cusip_link
19517,68235P10,OGS,1587732.0,ONE Gas Inc,cusip_link
8215,67098H10,OI,812074.0,O-I Glass Inc /DE/,cusip_link
8047,67084110,OICO,,,not_found
8079,67523210,OII,73756.0,OCEANEERING INTERNATIONAL INC,ticker_fallback
186846,67804910,OILT,,,not_found
142260,67802610,OIS,1121484.0,"OIL STATES INTERNATIONAL, INC",ticker_fallback
8151,68268010,OKE,1039684.0,ONEOK INC /NEW/,ticker_fallback
38375,02156V10,OKLO,1849056.0,Oklo Inc,cusip_link
28919,68268N10,OKS,909281.0,ONEOK Partners LP,cusip_link
30736,67929510,OKTA,1660134.0,"Okta, Inc.",ticker_fallback
24076,68111610,OLLI,1639300.0,"Ollie's Bargain Outlet Holdings, Inc.",ticker_fallback
37412,68062P10,OLMA,1750284.0,Olema Pharmaceuticals Inc,cusip_link
8123,68066520,OLN,74303.0,OLIN Corp,ticker_fallback
38285,68134L10,OLO,1431695.0,Olo Inc,cusip_link
39544,67936910,OLPX,1868726.0,"OLAPLEX HOLDINGS, INC.",ticker_fallback
32558,75321W10,OMAD,1712463.0,Ranpak Holdings Corp,cusip_link
4066,68191910,OMC,29989.0,OMNICOM GROUP INC.,ticker_fallback
142956,68213N10,OMCL,926326.0,OMNICELL INC,cusip_link
109084,68210P10,OME,1053650.0,OMEGA PROTEIN CORP,cusip_link
3169,68234X10,OMED,,,not_found
183593,68214310,OMER,1285819.0,OMEROS CORP,ticker_fallback
65374,67611820,OMEX,798528.0,ODYSSEY MARINE EXPLORATION INC,ticker_fallback
29001,67087210,OMG,,,not_found
39181,68217N10,OMGA,1850838.0,Omega Therapeutics Inc,cusip_link
8213,69073210,OMI,,,not_found
38806,82933R30,OMIC,1850906.0,Singular Genomics Systems Inc,cusip_link
124254,68212910,OMN,,,not_found
65973,68210T20,OMNI,1046212.0,OMNI ENERGY SERVICES CORP,cusip_link
183727,68217C20,OMNT,,,not_found
31442,67420T20,OMP,1652133.0,Oasis Midstream Partners LP,cusip_link
176275,67423R10,OMPI,1375247.0,OBAGI MEDICAL PRODUCTS INC,cusip_link
155894,68217M10,OMQS,278165.0,OMNIQ Corp.,ticker_fallback
17500,68217A10,OMTH,1477598.0,OMTHERA PHARMACEUTICALS INC,cusip_link
2290,67622P10,OMX,12978.0,OFFICEMAX INC,cusip_link
22709,84652J10,ONCE,1609351.0,Spark Therapeutics Inc,cusip_link
37083,68236R10,ONCR,1671818.0,Oncorus Inc,cusip_link
182023,68234L40,ONCS,1444307.0,ONCOSEC MEDICAL Inc,cusip_link
35320,68236P20,ONCT,,,not_found
33073,68236H20,ONDS,1646188.0,Ondas Holdings Inc,cusip_link
36025,68269G10,ONEM,1404123.0,1Life Healthcare Inc,cusip_link
35451,68280L10,ONEW,1772921.0,OneWater Marine Inc,cusip_link
41127,68277K20,ONFO,1825452.0,Onfolio Holdings Inc,cusip_link
38308,68270C10,ONMD,1849380.0,OneMedNet Corp,cusip_link
134932,68218910,ONNN,,,not_found
176867,46527C20,ONP,,,not_found
26817,69012T30,ONS,1649989.0,Outlook Therapeutics Inc,cusip_link
65180,68287520,ONSM,,,not_found
37787,68339B10,ONTF,1110611.0,ON24 INC,cusip_link
18172,68232V88,ONTX,1130598.0,Traws Pharma Inc,cusip_link
20245,14740B60,ONTY,1412067.0,Cascadian Therapeutics Inc,cusip_link
132482,68338T40,ONVI,1100917.0,ONVIA COM INC,cusip_link
62826,68339910,ONXX,,,not_found
24508,68341610,OOMA,1327688.0,OOMA INC,ticker_fallback
37997,68347P10,OPAL,1842279.0,OPAL Fuels Inc,cusip_link
182387,68372A10,OPEN,1125914.0,OPENTABLE INC,cusip_link
33138,12122L10,OPES,1723580.0,BurgerFi International Inc,cusip_link
18572,46583P10,OPHT,1410939.0,IVERIC bio Inc,cusip_link
61490,68375N10,OPK,944809.0,OPKO HEALTH INC,cusip_link
140030,68375Q40,OPLK,1022225.0,OPLINK COMMUNICATIONS INC,cusip_link
177182,68375010,OPNT,,,not_found
138402,68375710,OPNT,,,not_found
23464,68401U20,OPRX,1448431.0,OptimizeRx Corp,cusip_link
8162,68381820,OPTC,,,not_found
32451,68404V20,OPTN,,,not_found
176594,68401H10,OPTR,828750.0,GSI COMMERCE INC,cusip_link
260737,67487050,OPTT,1378140.0,"Ocean Power Technologies, Inc.",ticker_fallback
19910,68375Y10,OPWR,1412043.0,OPOWER INC,cusip_link
182986,68384X20,OPXS,1397016.0,Optex Systems Holdings Inc,cusip_link
176558,68375V10,OPXT,1157780.0,OPNEXT INC,cusip_link
160913,68668810,ORA,1296445.0,"ORMAT TECHNOLOGIES, INC.",ticker_fallback
21496,68556410,ORB,,,not_found
175004,68555P10,ORBC,1058416.0,ORBCOMM CORP,cusip_link
8176,68555930,ORBT,,,not_found
121080,68273G10,ORCC,888953.0,ONLINE RESOURCES & COMMUNICATIONS CORP,cusip_link
178892,68562L10,ORCD,,,not_found
135004,68573C10,ORCH,1107216.0,ORCHID CELLMARK INC,cusip_link
12142,68389X10,ORCL,1341439.0,ORACLE CORP,cusip_link
176861,68616430,OREX,,,not_found
39097,68622D10,ORGN,1802457.0,Origin Materials Inc,cusip_link
34562,68621F10,ORGO,1661181.0,Organogenesis Holdings Inc,cusip_link
183729,68619K30,ORGS,,,not_found
36264,68622P10,ORIC,1796280.0,Oric Pharmaceuticals Inc,cusip_link
28180,67103H10,ORLY,898173.0,O REILLY AUTOMOTIVE INC,cusip_link
170450,68403P20,ORMP,1176309.0,ORAMED PHARMACEUTICALS INC,cusip_link
179132,68628V30,ORN,1402829.0,ORION MARINE GROUP INC,cusip_link
162644,68749U20,ORS,1297024.0,ORSUS XELENT TECHNOLOGIES INC,cusip_link
50290,68278B10,OS,1889956.0,OneStream Inc,cusip_link
38648,50535E10,OSA,1934064.0,ProSomnus Inc,cusip_link
118941,68557F20,OSAT,1058307.0,NextPlat Corp,cusip_link
8210,69036R86,OSG,75208.0,OVERSEAS SHIPHOLDING GROUP INC,cusip_link
36728,67181A10,OSH,1564406.0,Oak Street Health Inc,cusip_link
12180,67104010,OSIP,,,not_found
174648,68827R10,OSIR,1360886.0,OSIRIS THERAPEUTICS INC,cusip_link
65607,67104410,OSIS,1039065.0,OSI SYSTEMS INC,ticker_fallback
11721,68823920,OSK,775158.0,OSHKOSH CORP,ticker_fallback
32851,68247W10,OSS,1394056.0,ONE STOP SYSTEMS INC,cusip_link
24198,68858210,OSTE,,,not_found
147868,69037010,OSTK,,,not_found
43758,68764Y20,OSTX,1795091.0,OS Therapies Inc,cusip_link
12915,68554V10,OSUR,1116463.0,ORASURE TECHNOLOGIES INC,cusip_link
162501,68882330,OTEL,,,not_found
21145,68906L10,OTIC,1493566.0,OTONOMY INC,cusip_link
36190,68902V10,OTIS,1781335.0,Otis Worldwide Corp,cusip_link
135165,68906N20,OTIX,,,not_found
8199,68964810,OTTR,1466593.0,Otter Tail Corp,ticker_fallback
38343,68989M20,OUST,1816581.0,Ouster Inc,cusip_link
18560,69002720,OUTD,,,not_found
31112,69046910,OVID,1636651.0,Ovid Therapeutics Inc.,ticker_fallback
64408,69031030,OVRL,,,not_found
137704,68212810,OVTI,,,not_found
39255,69120X20,OWLT,1816708.0,"Owlet, Inc.",ticker_fallback
177953,68557K10,OWW,1394159.0,ORBITZ WORLDWIDE INC,cusip_link
27939,88032L60,OXBT,34956.0,TENAX THERAPEUTICS INC,cusip_link
184569,96108P10,OXF,1412347.0,Westmoreland Resource Partners LP,cusip_link
8219,69149730,OXM,75288.0,OXFORD INDUSTRIES INC,ticker_fallback
8068,67459910,OXY,797468.0,OCCIDENTAL PETROLEUM CORP /DE/,ticker_fallback
65896,37364X10,OYOG,1001115.0,GEOSPACE TECHNOLOGIES CORP,cusip_link
35747,69242L10,OYST,1720725.0,Oyster Point Pharma Inc,cusip_link
186520,69835410,P,1474432.0,"Everpure, Inc.",ticker_fallback
116029,72650310,PAA,1070423.0,PLAINS ALL AMERICAN PIPELINE LP,ticker_fallback
185419,69404D10,PACB,1299130.0,PACIFIC BIOSCIENCES OF CALIFORNIA INC,cusip_link
113140,69373H10,PACR,1091735.0,PACER INTERNATIONAL INC,cusip_link
45238,69380Q10,PACS,2001184.0,PACS Group Inc,cusip_link
36180,69290Y10,PAE,1720821.0,PAE Inc,cusip_link
176833,69545910,PAET,,,not_found
63847,70959W10,PAG,1019849.0,PENSKE AUTOMOTIVE GROUP INC,cusip_link
18468,72651A20,PAGP,1581990.0,PLAINS GP HOLDINGS LP,cusip_link
315318,28618M10,PAH,1590714.0,Element Solutions Inc,cusip_link
20115,71742Q10,PAHC,1069899.0,PHIBRO ANIMAL HEALTH CORP,cusip_link
45319,74317M10,PAL,1998768.0,Proficient Auto Logistics Inc,cusip_link
38711,69638940,PALI,1357459.0,"PALISADE BIO, INC.",ticker_fallback
132502,69664310,PALM,,,not_found
28551,69764K10,PALT,1355839.0,PALTALK INC,cusip_link
36705,69834010,PAND,,,not_found
25274,91347P10,PANL,1005284.0,UNIVERSAL DISPLAY CORP \PA\,cusip_link
171067,69743510,PANW,1327567.0,Palo Alto Networks Inc,ticker_fallback
178866,88580F10,PAR,1408501.0,3PAR INC,cusip_link
14622,73244940,PARD,,,not_found
13163,70164510,PARL,,,not_found
22447,69888T20,PARR,821483.0,PAR PACIFIC HOLDINGS INC,cusip_link
184884,67059M10,PATH,1375200.0,NUPATHE INC,cusip_link
38646,90364P10,PATH,1734722.0,UiPath Inc,cusip_link
22731,70338W10,PATI,,,not_found
8386,70334310,PATK,76605.0,PATRICK INDUSTRIES INC,ticker_fallback
23705,70387R40,PAVM,1624326.0,PAVmed Inc,cusip_link
38747,70439P10,PAY,1841156.0,Paymentus Holdings Inc,cusip_link
162733,92342Y10,PAY,1312073.0,VERIFONE HOLDINGS INC,cusip_link
37231,70434P10,PAYA,1819881.0,Paya Holdings Inc,cusip_link
20116,70432V10,PAYC,1590955.0,PAYCOM SOFTWARE INC,cusip_link
39103,70451X10,PAYO,1845815.0,Payoneer Global Inc,cusip_link
8402,70432610,PAYX,723531.0,PAYCHEX INC,ticker_fallback
196159,69318G10,PBF,1534504.0,PBF Energy Inc,cusip_link
20539,69318Q10,PBFX,,,not_found
162335,74112D10,PBH,1295947.0,Prestige Brands Holdings Inc,cusip_link
8606,72447910,PBI,78814.0,PITNEY BOWES INC /DE/,ticker_fallback
18839,73754Y10,PBPB,,,not_found
8475,71327810,PBY,,,not_found
170945,74587V10,PBYI,1401667.0,PUMA BIOTECHNOLOGY INC,cusip_link
8253,69371810,PCAR,75362.0,PACCAR INC,ticker_fallback
66586,69318J10,PCCC,1050377.0,PC CONNECTION INC,cusip_link
8264,69331C10,PCG,1004980.0,PG&E CORP,cusip_link
6588,70455G10,PCGR,725460.0,PC GROUP INC,cusip_link
15709,72925110,PCL,,,not_found
119314,09857L10,PCLN,1075531.0,Booking Holdings Inc,cusip_link
36273,74275K10,PCOR,1611052.0,PROCORE TECHNOLOGIES INC,cusip_link
8717,74018910,PCP,,,not_found
36299,29788T10,PCPL,1800347.0,E2open Parent Holdings Inc,cusip_link
185836,69512710,PCRX,1396814.0,"Pacira BioSciences, Inc.",ticker_fallback
37664,74623V10,PCT,1830033.0,PureCycle Technologies Inc,cusip_link
125014,69325Q10,PCTI,1057083.0,PC TEL INC,cusip_link
19730,70438V10,PCTY,1591698.0,Paylocity Holding Corp,cusip_link
36600,92243G10,PCVX,1649094.0,Vaxcyte Inc,cusip_link
61448,71693310,PCYC,,,not_found
116166,70021530,PCYG,,,not_found
34955,69553P10,PD,1568100.0,PagerDuty Inc,cusip_link
9835,72366410,PDC,1944399.0,Perpetuals.com Ltd,ticker_fallback
25880,70339510,PDCO,,,not_found
14908,74153Q10,PDE,833081.0,PRIDE INTERNATIONAL INC,cusip_link
12458,74265M20,PDEX,788920.0,PRO DEX INC,ticker_fallback
144437,69328210,PDFS,1120914.0,PDF SOLUTIONS INC,ticker_fallback
187529,71672U10,PDH,1523733.0,PETROLOGISTICS LP,cusip_link
110728,46062X30,PDII,1054102.0,INTERPACE BIOSCIENCES INC,cusip_link
24878,69329Y10,PDLI,882104.0,PDL BIOPHARMA INC,cusip_link
34942,70465T10,PDSB,1472091.0,PDS Biotechnology Corp,cusip_link
20961,03676C10,PDVW,1304492.0,Anterix Inc,cusip_link
20298,70187710,PE,,,not_found
37827,70472310,PEAR,,,not_found
35367,46524610,PECK,,,not_found
13460,70532Y30,PED,1141197.0,PEDEVCO CORP,cusip_link
161869,71102610,PEDH,,,not_found
140897,70556010,PEET,,,not_found
8810,74457310,PEG,788784.0,PUBLIC SERVICE ENTERPRISE GROUP INC,ticker_fallback
63290,70557310,PEGA,1013857.0,PEGASYSTEMS INC,ticker_fallback
18677,70338P10,PEGI,,,not_found
163595,02151310,PEIX,778164.0,Alto Ingredients Inc,cusip_link
26147,70975L10,PEN,1321732.0,Penumbra Inc,cusip_link
30259,70756910,PENN,921738.0,"PENN Entertainment, Inc.",ticker_fallback
11748,70705110,PENX,,,not_found
8479,71344810,PEP,77476.0,PEPSICO INC,ticker_fallback
41225,71331710,PEPG,1835597.0,PepGen Inc.,ticker_fallback
183421,71376C10,PERF,880460.0,PERFUMANIA HOLDINGS INC,cusip_link
28303,28885310,PERY,,,not_found
25979,71415720,PESI,891532.0,PERMA FIX ENVIRONMENTAL SERVICES INC,ticker_fallback
38426,93042P10,PET,1842356.0,Wag! Group Co,cusip_link
8512,69327R10,PETD,77877.0,PDC ENERGY INC,cusip_link
28648,71676810,PETM,,,not_found
32219,71639T10,PETQ,1668673.0,PetIQ Inc,cusip_link
65406,71638210,PETS,1040130.0,PETMED EXPRESS INC,ticker_fallback
20074,71681740,PETV,1512922.0,"PetVivo Holdings, Inc.",ticker_fallback
17567,03874P10,PETX,1509190.0,ARATANA THERAPEUTICS INC,cusip_link
185334,72348P10,PF,,,not_found
116503,69333Y10,PFCB,1039889.0,P F CHANGS CHINA BISTRO INC,cusip_link
8530,71708110,PFE,78003.0,PFIZER INC,ticker_fallback
28787,71377A10,PFGC,1618673.0,Performance Food Group Co,ticker_fallback
40306,74319N10,PFHC,1881487.0,ProFrac Holding Corp,cusip_link
176346,74316X10,PFIE,1289636.0,PROFIRE ENERGY INC,cusip_link
8229,69283050,PFIN,,,not_found
170965,71377E10,PFMT,1550695.0,PERFORMANT FINANCIAL CORP,cusip_link
20798,71707110,PFNX,,,not_found
170335,74342410,PFPT,,,not_found
126718,71709820,PFSW,,,not_found
264506,71721R40,PFWD,1050180.0,PHASE FORWARD INC,cusip_link
8762,74271810,PG,80424.0,PROCTER & GAMBLE Co,ticker_fallback
18003,72941W10,PGEM,1284807.0,PLY GEM HOLDINGS INC,cusip_link
62317,74058510,PGI,,,not_found
185689,71530220,PGLC,,,not_found
171078,74113L10,PGND,1633142.0,Press Ganey Holdings Inc,cusip_link
65872,74318710,PGNX,,,not_found
35708,74340E10,PGNY,1551306.0,Progyny Inc,cusip_link
186517,74348X20,PGRX,1477032.0,PROSPECT GLOBAL RESOURCES INC,cusip_link
174049,69336V10,PGTI,1354327.0,PGT Inc,cusip_link
8358,70109410,PH,76334.0,Parker-Hannifin Corp,ticker_fallback
34194,71722410,PHAS,,,not_found
35728,71722W10,PHAT,1783183.0,Phathom Pharmaceuticals Inc,cusip_link
29829,69331510,PHC,,,not_found
61095,69663910,PHHM,,,not_found
43057,71880K10,PHIN,1968915.0,PHINIA INC,cusip_link
8823,74586710,PHM,822416.0,PULTEGROUP INC/MI/,ticker_fallback
35377,71944F10,PHR,1412408.0,Phreesia Inc,cusip_link
19433,69291A10,PHX,315131.0,PHX MINERALS INC,cusip_link
27387,45320410,PI,1114995.0,IMPINJ INC,ticker_fallback
61285,30329Y30,PIH,,,not_found
14311,73106810,PII,931015.0,Polaris Inc.,ticker_fallback
39838,49382L20,PIK,,,not_found
163877,72128310,PIKE,,,not_found
18624,74051N10,PINC,1577916.0,PREMIER INC,cusip_link
35617,72341T10,PING,1679826.0,Ping Identity Holding Corp,cusip_link
176862,72346430,PINN,,,not_found
35013,72352L10,PINS,1506293.0,PINTEREST INC,cusip_link
8579,72027950,PIR,,,not_found
22590,69794710,PIRS,,,not_found
29558,82452L50,PIXY,1675634.0,ShiftPixy Inc,cusip_link
8348,70014A10,PKE,76267.0,PARK AEROSPACE CORP,cusip_link
128978,69515610,PKG,75677.0,PACKAGING CORP OF AMERICA,ticker_fallback
4145,71404610,PKI,,,not_found
8350,70066610,PKOH,76282.0,PARK OHIO HOLDINGS CORP,ticker_fallback
158791,74269U20,PKT,,,not_found
38135,72703X10,PL,1836833.0,Planet Labs PBC,cusip_link
8638,72811730,PLA,,,not_found
13200,71940510,PLAB,810136.0,PHOTRONICS INC,ticker_fallback
34236,03272L10,PLAN,1540755.0,Anaplan Inc,cusip_link
60923,23833710,PLAY,1525769.0,"Dave & Buster's Entertainment, Inc.",ticker_fallback
38065,72814P10,PLBY,1803914.0,PLBY Group Inc,cusip_link
65430,16890510,PLCE,1041859.0,"Childrens Place, Inc.",ticker_fallback
62730,73172K10,PLCM,1010552.0,POLYCOM INC,cusip_link
8304,69642930,PLL,,,not_found
253501,72016P10,PLL,1728205.0,Piedmont Lithium Inc,cusip_link
29435,72690010,PLNR,,,not_found
24861,72703H10,PLNT,1637207.0,Planet Fitness Inc,cusip_link
184258,25960R10,PLOW,1287213.0,DOUGLAS DYNAMICS INC,cusip_link
19305,74044410,PLPC,80035.0,PREFORMED LINE PRODUCTS CO,ticker_fallback
276731,U7260311,PLPM,1362925.0,PLANET PAYMENT INC,cusip_link
36464,72913910,PLRX,1746473.0,"PLIANT THERAPEUTICS, INC.",ticker_fallback
27252,74587B10,PLSE,1625101.0,Pulse Biosciences Inc,cusip_link
8633,72749310,PLT,,,not_found
37752,72815L10,PLTK,1828016.0,Playtika Holding Corp,cusip_link
36910,69608A10,PLTR,1321655.0,Palantir Technologies Inc,cusip_link
125604,72919P20,PLUG,1093691.0,PLUG POWER INC,cusip_link
63986,29426810,PLUS,1022408.0,EPLUS INC,ticker_fallback
62592,74365A30,PLX,1006281.0,Protalix BioTherapeutics Inc,cusip_link
26336,72942A10,PLXP,1497504.0,PLx Pharma Inc,cusip_link
12945,72913210,PLXS,785786.0,PLEXUS CORP,ticker_fallback
119493,69341710,PLXT,,,not_found
179621,71817210,PM,1413329.0,Philip Morris International Inc.,ticker_fallback
177924,71714F10,PMC,1388195.0,PHARMERICA CORP,cusip_link
155913,71715X20,PMCB,1157075.0,PharmaCyte Biotech Inc,cusip_link
23943,69344F10,PMCS,767920.0,PMC SIERRA INC,cusip_link
13733,74437530,PMD,,,not_found
8423,69345P10,PMFG,1422862.0,PMFG INC,cusip_link
43560,71371510,PMNT,1849221.0,Perfect Moment Ltd.,ticker_fallback
18699,69370C10,PMTC,1070081.0,PTC THERAPEUTICS INC,cusip_link
26038,69752930,PMTI,,,not_found
25539,12634H20,PMTS,1641614.0,CPI Card Group Inc,cusip_link
37036,69353Y10,PMVP,1699382.0,PMV Pharmaceuticals Inc,cusip_link
147453,72344310,PNCL,,,not_found
184225,69313910,PNG,,,not_found
5671,72348Y10,PNK,1656239.0,Pinnacle Entertainment Inc,cusip_link
8807,69349H10,PNM,1108426.0,PNM RESOURCES,cusip_link
19152,70825420,PNNW,,,not_found
24113,69840W10,PNRA,724606.0,PANERA BREAD CO,cusip_link
6311,74158E10,PNRG,56868.0,PRIMEENERGY RESOURCES CORP,cusip_link
62768,72345410,PNS,,,not_found
39507,06690B10,PNST,1852633.0,Pinstripes Holdings Inc,cusip_link
39142,73054110,PNT,,,not_found
35642,70805E10,PNTG,1766400.0,Pennant Group Inc,cusip_link
1075,72348410,PNW,764622.0,PINNACLE WEST CAPITAL CORP,ticker_fallback
43284,22275C10,PODC,1940177.0,"PodcastOne, Inc.",ticker_fallback
177227,45784P10,PODD,1145197.0,INSULET CORP,cusip_link
28194,05368V10,POL,1122976.0,AVIENT CORP,cusip_link
28091,73102V20,POLA,1622345.0,"Polar Power, Inc.",ticker_fallback
8694,71329110,POM,1877971.0,POMDOCTOR Ltd,ticker_fallback
30720,74366340,PONE,,,not_found
61420,73278L10,POOL,945841.0,POOL CORP,cusip_link
19965,73285710,POPE,,,not_found
12428,73650884,POR,784977.0,PORTLAND GENERAL ELECTRIC CO /OR/,ticker_fallback
37560,73739W10,POSH,1825480.0,Poshmark Inc,cusip_link
170527,73744610,POST,1530950.0,"Post Holdings, Inc.",ticker_fallback
66032,73927610,POWI,833640.0,POWER INTEGRATIONS INC,ticker_fallback
8699,73912810,POWL,80420.0,POWELL INDUSTRIES INC,ticker_fallback
24922,73936N10,POWR,882154.0,POWERSECURE INTERNATIONAL INC,cusip_link
12785,72147K10,PPC,802481.0,PILGRIMS PRIDE CORP,cusip_link
113533,70975410,PPCO,,,not_found
36049,69355F10,PPD,1793294.0,PPD Inc,cusip_link
61871,71712410,PPDI,,,not_found
8247,69350610,PPG,79879.0,PPG INDUSTRIES INC,ticker_fallback
14603,05368M10,PPHM,704562.0,Avid Bioservices Inc,cusip_link
8455,69351T10,PPL,922224.0,PPL CORP,cusip_link
160661,73179V10,PPO,1292556.0,Polypore International Inc,cusip_link
184133,72383630,PPSI,1449792.0,"PIONEER POWER SOLUTIONS, INC.",ticker_fallback
25874,71674830,PQ,,,not_found
32285,27923Q10,PQG,1708035.0,Ecovyst Inc,cusip_link
21739,69354M10,PRAH,1613859.0,PRA Health Sciences Inc,cusip_link
37187,74006W20,PRAX,1689548.0,Praxis Precision Medicines Inc,cusip_link
25676,71361F10,PRCP,887226.0,PERCEPTRON INC/MI,cusip_link
39453,74276L10,PRCT,1588978.0,PROCEPT BioRobotics Corp,ticker_fallback
37907,69945Q10,PRDS,1822711.0,PARDES BIOSCIENCES INC,cusip_link
122394,71375U10,PRFT,1085869.0,PERFICIENT INC,cusip_link
24352,74331210,PRGS,876167.0,PROGRESS SOFTWARE CORP /MA,ticker_fallback
62494,69357C50,PRGX,1007330.0,PRGX GLOBAL INC,cusip_link
175686,74164F10,PRIM,1361538.0,Primoris Services Corp,cusip_link
29332,70135430,PRKR,914139.0,PARKERVISION INC,ticker_fallback
187696,74371310,PRLB,1443669.0,Proto Labs Inc,ticker_fallback
37063,74065P10,PRLD,1678660.0,Prelude Therapeutics Inc,cusip_link
63640,70553610,PRLS,,,not_found
40108,71385M10,PRM,1880319.0,"Perimeter Solutions, Inc.",ticker_fallback
27882,74157K84,PRM,884382.0,PRIMEDIA INC,cusip_link
41615,74168J10,PRME,1894562.0,Prime Medicine Inc,cusip_link
184526,74165N10,PRMW,1365101.0,PRIMO WATER CORP,cusip_link
34015,74257L10,PRNB,1510487.0,Principia Biopharma Inc,cusip_link
177744,74346Y10,PRO,1392972.0,PROS HOLDINGS INC,cusip_link
36619,74319F40,PROG,1580063.0,BIORA THERAPEUTICS INC,cusip_link
64423,24784L10,PROJ,1029299.0,DELTEK INC,cusip_link
186553,73965010,PROP,1162896.0,Prairie Operating Co.,ticker_fallback
33068,74640Y10,PRPL,1643953.0,Purple Innovation Inc,cusip_link
32078,74019L60,PRPO,1043961.0,"Precipio, Inc.",ticker_fallback
157195,73621210,PRPX,,,not_found
154758,60783X10,PRSC,1220754.0,ModivCare Inc,cusip_link
40460,71360T20,PRSO,890394.0,Peraso Inc,cusip_link
33439,71534710,PRSP,,,not_found
188855,12769A10,PRSS,1117733.0,CAFEPRESS INC,cusip_link
15347,74111310,PRST,,,not_found
37459,74113T10,PRST,1822145.0,Presto Automation Inc,cusip_link
29275,74275G10,PRTH,1653558.0,Priority Technology Holdings Inc,cusip_link
15539,69937430,PRTK,,,not_found
176593,14427M10,PRTS,1378950.0,CarPartscom Inc,cusip_link
187084,70214910,PRTY,,,not_found
38594,74276R10,PRVA,1759655.0,Privia Health Group Inc,cusip_link
33751,74374N10,PRVB,1695357.0,Provention Bio Inc,cusip_link
35266,74140Y10,PRVL,1714798.0,Prevail Therapeutics Inc,cusip_link
62797,74266R30,PRVT,,,not_found
31419,74051E20,PRXI,796764.0,PREMIER EXHIBITIONS INC,cusip_link
61600,69946210,PRXL,,,not_found
33446,72941B10,PS,1725579.0,Pluralsight Inc,cusip_link
185894,74102M10,PSDO,1631825.0,Presidio Inc,cusip_link
253527,30233G20,PSDV,1314102.0,EyePoint Pharmaceuticals Inc,cusip_link
179739,72388B10,PSE,1407463.0,PIONEER SOUTHWEST ENERGY PARTNERS LP,cusip_link
65739,71383110,PSEM,,,not_found
187169,73933G20,PSIX,1137091.0,POWER SOLUTIONS INTERNATIONAL INC,cusip_link
185943,71366R70,PSMI,880177.0,PEREGRINE SEMICONDUCTOR CORP,cusip_link
65343,74151110,PSMT,1041803.0,PRICESMART INC,ticker_fallback
35158,70202L10,PSN,275880.0,PARSONS CORP,cusip_link
35254,71535D10,PSNL,1527753.0,"Personalis, Inc.",ticker_fallback
38445,69369110,PSQH,1847064.0,"PSQ Holdings, Inc.",ticker_fallback
62667,19421W10,PSS,1060232.0,COLLECTIVE BRANDS INC,cusip_link
30161,69366A10,PSSI,920527.0,PSS WORLD MEDICAL INC,cusip_link
25756,74624M10,PSTG,1474432.0,Pure Storage Inc,cusip_link
152008,72942G20,PSTI,,,not_found
20217,73752520,PSTR,,,not_found
34609,73730P10,PSTX,1661460.0,Poseida Therapeutics Inc,cusip_link
27937,69487310,PSUN,,,not_found
170841,71854610,PSX,1534701.0,Phillips 66,ticker_fallback
17933,71854920,PSXP,,,not_found
22221,74439H10,PSYS,,,not_found
8334,69888410,PTC,857005.0,PTC INC.,ticker_fallback
174134,69366J20,PTCT,1070081.0,PTC THERAPEUTICS INC,cusip_link
14626,71915310,PTEC,,,not_found
164624,73086420,PTEK,,,not_found
29108,70348110,PTEN,889900.0,PATTERSON UTI ENERGY INC,ticker_fallback
63952,45784J30,PTGI,,,not_found
27670,74366E10,PTGX,1377121.0,Protagonist Therapeutics Inc,cusip_link
137642,14817C10,PTIE,1069530.0,CASSAVA SCIENCES INC,cusip_link
61903,71376K10,PTIX,1003950.0,PERFORMANCE TECHNOLOGIES INC \DE\,cusip_link
17931,73701010,PTLA,,,not_found
39756,73642K10,PTLO,1871509.0,Portillo's Inc,cusip_link
35627,70614W10,PTON,1639825.0,PELOTON INTERACTIVE INC,cusip_link
39009,74374T10,PTRA,1820630.0,Proterra Inc,cusip_link
31392,69865710,PTRY,,,not_found
12598,69314910,PTSI,,,not_found
178089,73050710,PTSX,,,not_found
125533,69525710,PTV,,,not_found
36973,69526K10,PTVE,1527508.0,Pactiv Evergreen Inc,cusip_link
184487,71426V30,PTX,1024126.0,PERNIX THERAPEUTICS HOLDINGS INC,cusip_link
21899,70931110,PTXP,,,not_found
37510,74467Q10,PUBM,1422930.0,PubMatic Inc,cusip_link
156095,74467430,PUDA,,,not_found
24506,74584P30,PULM,1574235.0,"Pulmatrix, Inc.",ticker_fallback
30145,74347M10,PUMP,1680247.0,ProPetro Holding Corp,cusip_link
63448,74621T20,PURE,1006028.0,PURE BIOSCIENCE INC,cusip_link
8440,70788V10,PVAC,77159.0,PENN VIRGINIA CORP,cusip_link
8551,69365610,PVH,78239.0,PVH CORP. /DE/,ticker_fallback
175510,69366510,PVR,,,not_found
65491,71571010,PVSW,,,not_found
33321,72582H10,PVTL,1574135.0,Pivotal Software Inc,cusip_link
64103,73936330,PWAV,,,not_found
65554,73930R10,PWER,1042825.0,POWER ONE INC,cusip_link
66446,74762E10,PWR,1050915.0,QUANTA SERVICES INC,cusip_link
38946,73939C10,PWSC,1835681.0,POWERSCHOOL HOLDINGS INC,cusip_link
14616,74373710,PWX,,,not_found
14359,72378710,PXD,,,not_found
5327,71903M20,PXG,26820.0,PHOENIX FOOTWEAR GROUP INC,cusip_link
36789,70424C20,PXMD,,,not_found
38707,70435P10,PYCR,1839439.0,PAYCOR HCM INC,cusip_link
24616,70450Y10,PYPL,1633917.0,PayPal Holdings Inc,cusip_link
39683,74732410,PYXS,1782223.0,"Pyxis Oncology, Inc.",ticker_fallback
126036,69924M10,PZG,1629210.0,Paramount Gold Nevada Corp,cusip_link
27198,71723F10,PZRX,,,not_found
62055,74349410,PZZ,,,not_found
28397,69881310,PZZA,901491.0,PAPA JOHNS INTERNATIONAL INC,ticker_fallback
3369,75419810,PZZI,,,not_found
17928,46266C10,Q,1478242.0,IQVIA HOLDINGS INC,cusip_link
61489,74912110,Q,2058873.0,"Qnity Electronics, Inc.",ticker_fallback
65226,74727D30,QADA,1036188.0,QAD INC,cusip_link
133166,22967510,QBC,,,not_found
37136,26740W10,QBTS,1907982.0,D-Wave Quantum Inc,cusip_link
24800,74752510,QCOM,804328.0,QUALCOMM INC/DE,ticker_fallback
25906,74835Y10,QCOR,891288.0,QUESTCOR PHARMACEUTICALS INC,cusip_link
7526,21979810,QDEL,1906324.0,QuidelOrtho Corp,ticker_fallback
154357,74733V10,QEP,1108827.0,QEP RESOURCES INC,cusip_link
17941,74735R11,QEPM,1576044.0,QEP MIDSTREAM PARTNERS LP,cusip_link
32303,74875T10,QES,1704235.0,Quintana Energy Services Inc,cusip_link
26157,74909E10,QHC,1650445.0,Quorum Health Corp,cusip_link
22500,74732Y30,QKLS,808047.0,QKL Stores Inc,cusip_link
29791,74727710,QLGC,,,not_found
36475,74754R30,QLGN,,,not_found
184603,74733T10,QLIK,1305294.0,QLIK TECHNOLOGIES INC,cusip_link
148313,74756M10,QLTY,922863.0,QUALITY DISTRIBUTION INC,cusip_link
11745,74758T30,QLYS,1107843.0,"QUALYS, INC.",ticker_fallback
184263,74874Q10,QNST,1117297.0,"QUINSTREET, INC",ticker_fallback
18479,47117210,QPAC,,,not_found
185654,74734R10,QRE,1502012.0,QR ENERGY LP,cusip_link
16015,74836W20,QRHC,1442236.0,Quest Resource Holding Corp,cusip_link
37449,74767V10,QS,1811414.0,QuantumScape Corp,cusip_link
122921,74834T10,QSFT,1088033.0,QUEST SOFTWARE INC,cusip_link
38960,74765K10,QSI,1816431.0,Quantum-Si Inc,cusip_link
8858,65343C10,QSII,708818.0,NEXTGEN HEALTHCARE INC,cusip_link
38073,74760R30,QTEK,1839412.0,QualTek Services Inc,cusip_link
8867,74790660,QTM,,,not_found
28424,74766D10,QTNA,1370702.0,ON Semiconductor Connectivity Solutions Inc,cusip_link
32792,74766Q10,QTRX,1503274.0,Quanterix Corp,cusip_link
19877,74736L10,QTWO,1410384.0,Q2 Holdings Inc,cusip_link
149477,74765E30,QTWW,1166380.0,QUANTUM FUEL SYSTEMS TECHNOLOGIES WORLDWIDE INC,cusip_link
184748,74730110,QUAD,1481792.0,"Quad/Graphics, Inc.",ticker_fallback
162643,74766W10,QUBT,1758009.0,Quantum Computing Inc,cusip_link
65036,74837P40,QUIK,882508.0,QUICKLOGIC Corp,cusip_link
9299,78354910,R,85961.0,RYDER SYSTEM INC,ticker_fallback
25921,75075340,RA,1655099.0,Brookfield Real Assets Income Fund Inc.,ticker_fallback
9155,76775487,RAD,,,not_found
64383,75025N10,RADS,845818.0,RADIANT SYSTEMS INC,cusip_link
111169,75061P10,RAE,1084876.0,RAE SYSTEMS INC,cusip_link
29942,75102810,RAH,,,not_found
120877,76171310,RAI,,,not_found
162742,35702310,RAIL,1320854.0,"FreightCar America, Inc.",ticker_fallback
38697,75082Q10,RAIN,1724979.0,Rain Oncology Inc,cusip_link
17505,75119810,RALY,,,not_found
174169,07134L10,RAME,1282648.0,BATTALION OIL CORP,cusip_link
39190,75301810,RANI,1856725.0,"Rani Therapeutics Holdings, Inc.",ticker_fallback
45412,75383L10,RAPP,2012593.0,Rapport Therapeutics Inc,cusip_link
19149,90400D10,RARE,1515673.0,ULTRAGENYX PHARMACEUTICAL INC,cusip_link
28470,74933V10,RARX,1481512.0,Ra Pharmaceuticals Inc,cusip_link
120458,06647F10,RATE,,,not_found
8958,75421210,RAVN,,,not_found
179925,75008610,RAX,,,not_found
9016,75875010,RBC,1324948.0,RBC Bearings INC,ticker_fallback
178865,78112T20,RBCN,,,not_found
14490,84916A10,RBI,828747.0,SPORT SUPPLY GROUP INC,cusip_link
37453,77104910,RBLX,1315098.0,Roblox Corp,ticker_fallback
9173,77019610,RBN,,,not_found
39712,92561V20,RBOT,1812173.0,Vicarious Surgical Inc.,ticker_fallback
45281,78115410,RBRK,1943896.0,"Rubrik, Inc.",ticker_fallback
39345,78112J20,RBT,,,not_found
35223,75644T10,RCAT,748268.0,Red Cat Holdings Inc,cusip_link
253355,05380C10,RCEL,1762303.0,AVITA Medical Inc,cusip_link
31460,76009N10,RCII,729217.0,RENT A CENTER INC,cusip_link
32908,77313F10,RCKT,1281895.0,ROCKET PHARMACEUTICALS INC,cusip_link
27776,77451510,RCKY,895456.0,"ROCKY BRANDS, INC.",ticker_fallback
8892,74936040,RCMT,700841.0,"RCM TECHNOLOGIES, INC.",ticker_fallback
65448,74936120,RCNI,,,not_found
39577,75989E10,RCOR,1799850.0,Renovacor Inc,cusip_link
17688,75620710,RCPT,,,not_found
64896,74938810,RCRC,,,not_found
35345,75630B40,RCRT,1462223.0,Recruitercom Group Inc,cusip_link
33133,03969F10,RCUS,1724521.0,Arcus Biosciences Inc,cusip_link
39954,75724T10,RDBX,1820201.0,Redbox Entertainment Inc,cusip_link
45097,75734B10,RDDT,1713445.0,Reddit Inc,cusip_link
133328,03969P10,RDEA,1103390.0,ARDEA BIOSCIENCES INC/DE,cusip_link
61763,28660G10,RDEN,95052.0,ELIZABETH ARDEN INC,cusip_link
31629,75540810,RDI,716634.0,READING INTERNATIONAL INC,ticker_fallback
9284,41458510,RDK,,,not_found
13071,75049110,RDNT,790526.0,"RadNet, Inc.",ticker_fallback
170520,75046920,RDUS,,,not_found
33233,75704L10,RDVT,1720116.0,Red Violet Inc,cusip_link
39578,75776W10,RDW,1819810.0,Redwire Corp,cusip_link
35288,88339P10,REAL,1573221.0,TheRealReal Inc,cusip_link
40552,75618M30,REBN,1707910.0,"Reborn Coffee, Inc.",ticker_fallback
141359,76122Q10,RECN,1084765.0,RESOURCES CONNECTION INC,cusip_link
186061,53240320,RECV,,,not_found
12377,76091110,REFR,793524.0,RESEARCH FRONTIERS INC,ticker_fallback
187692,75972A30,REGI,1463258.0,RENEWABLE ENERGY GROUP INC,cusip_link
23812,75886F10,REGN,872589.0,REGENERON PHARMACEUTICALS INC,cusip_link
176840,76680V10,REI,1384195.0,RING ENERGY INC,cusip_link
64850,75936P10,REIS,1038222.0,Reis Inc,cusip_link
9125,76316510,RELL,355948.0,"RICHARDSON ELECTRONICS, LTD.",ticker_fallback
39547,75960P10,RELY,1782170.0,Remitly Global Inc,cusip_link
65697,75971M10,REMY,1046859.0,REMY INTERNATIONAL INC,cusip_link
179782,76116A30,REN,1469510.0,Cimarex Resolute LLC,cusip_link
39819,76010Y20,RENT,1468327.0,"Rent the Runway, Inc.",ticker_fallback
12815,76017410,RENT,1468327.0,"Rent the Runway, Inc.",ticker_fallback
19025,75629F10,REPH,1588972.0,RECRO PHARMA INC,cusip_link
33719,76029N10,REPL,1737953.0,Replimune Group Inc,cusip_link
34183,76665T10,REPX,1001614.0,"Riley Exploration Permian, Inc.",ticker_fallback
8901,74966010,RES,742278.0,RPC INC,ticker_fallback
19719,76118L10,RESN,,,not_found
26892,75615P10,RETA,1358762.0,REATA PHARMACEUTICALS INC,cusip_link
62290,76152560,REV,,,not_found
185952,74952710,REVG,,,not_found
1864,76162410,REX,744187.0,REX AMERICAN RESOURCES Corp,ticker_fallback
177896,76156550,REXX,,,not_found
35874,76171L10,REYN,1786431.0,Reynolds Consumer Products Inc,cusip_link
34053,76118Y10,REZI,1740332.0,RESIDEO TECHNOLOGIES INC,cusip_link
2829,74955210,RFIL,740664.0,R F INDUSTRIES LTD,ticker_fallback
33184,75062E10,RFL,1713863.0,Rafael Holdings Inc,cusip_link
64853,74736K10,RFMD,1604778.0,Qorvo Inc,cusip_link
30540,74955F10,RFMI,922204.0,RF MONOLITHICS INC /DE/,cusip_link
147638,75876610,RGC,1829667.0,Regencell Bioscience Holdings Ltd,ticker_fallback
9171,74955L10,RGCO,1069533.0,RGC RESOURCES INC,cusip_link
176963,76123U10,RGDX,1124608.0,RESPONSE GENETICS INC,cusip_link
12181,75991610,RGEN,730272.0,REPLIGEN CORP,ticker_fallback
13835,75915K30,RGLS,1505512.0,Regulus Therapeutics Inc,cusip_link
165699,75885Y10,RGNC,1338613.0,REGENCY ENERGY PARTNERS LP,cusip_link
26146,75901B10,RGNX,1590877.0,REGENXBIO Inc,cusip_link
10124,86415910,RGR,95029.0,STURM RUGER & CO INC,ticker_fallback
9023,75893220,RGS,716643.0,REGIS CORP,ticker_fallback
38060,76655K10,RGTI,1838359.0,Rigetti Computing Inc,cusip_link
111873,74967X10,RH,1528849.0,RH,ticker_fallback
24219,75914810,RHB,,,not_found
2312,77032310,RHI,315213.0,ROBERT HALF INC.,ticker_fallback
179783,74957T10,RHIE,1410637.0,RHI ENTERTAINMENT INC,cusip_link
122841,75657710,RHT,,,not_found
114415,76283130,RIBT,,,not_found
19377,76276010,RICE,,,not_found
61418,74934Q10,RICK,935419.0,RCI HOSPITALITY HOLDINGS INC,cusip_link
37268,54405Q20,RIDE,,,not_found
133468,76655970,RIGL,1034842.0,RIGEL PHARMACEUTICALS INC,ticker_fallback
25915,74906310,RIMG,,,not_found
177659,76688310,RINO,,,not_found
39811,76954A10,RIVN,1874178.0,Rivian Automotive Inc / DE,cusip_link
147639,76027610,RJET,810332.0,REPUBLIC AIRWAYS HOLDINGS INC.,ticker_fallback
23098,03901430,RKDA,1469443.0,"Arcadia Biosciences, Inc.",ticker_fallback
16416,78122010,RKUS,,,not_found
64891,75121210,RL,1037038.0,RALPH LAUREN CORP,ticker_fallback
36677,75943R10,RLAY,1812364.0,Relay Therapeutics Inc,cusip_link
184673,75604L10,RLD,1327471.0,RealD Inc,cusip_link
162914,75025X10,RLGT,1171155.0,GOLF TWO INC,cusip_link
109079,75676410,RLH,,,not_found
186675,74965F20,RLJE,1546381.0,RLJ ENTERTAINMENT INC,cusip_link
20720,75955J40,RLMD,1553643.0,RELMADA THERAPEUTICS INC,cusip_link
184068,75525F10,RLOC,1297336.0,REACHLOCAL INC,cusip_link
176873,75218210,RLOG,,,not_found
65474,75968L10,RLRN,1030484.0,RENAISSANCE LEARNING INC,cusip_link
39359,75120L10,RLYB,1739410.0,Rallybio Corp,cusip_link
18976,75953110,RLYP,,,not_found
21035,78138630,RMBL,,,not_found
11976,77467X10,RMCF,1616262.0,Rocky Mountain Chocolate Factory Inc,cusip_link
38014,02369M10,RMCO,1843656.0,American Acquisition Opportunity Inc,cusip_link
31887,76115210,RMD,943819.0,RESMED INC,ticker_fallback
126434,75087530,RMKR,,,not_found
19802,76674Q10,RMNI,1415610.0,RIMINI STREET INC,cusip_link
37617,77615310,RMO,,,not_found
22159,76281910,RMP,,,not_found
26545,74967R10,RMR,1644378.0,RMR GROUP INC,cusip_link
66366,77437430,RMTI,1041024.0,"ROCKWELL MEDICAL, INC.",ticker_fallback
28206,75190730,RMTR,,,not_found
36473,05370A10,RNA,1599901.0,Avidity Biosciences Inc,cusip_link
199456,77926810,RNDY,,,not_found
185921,76658210,RNET,,,not_found
187774,76011310,RNF,,,not_found
18630,76680R20,RNG,1384905.0,RINGCENTRAL INC,cusip_link
31845,75282U10,RNGR,1699039.0,Ranger Energy Services Inc,cusip_link
160415,76657R10,RNOW,1111247.0,RIGHTNOW TECHNOLOGIES INC,cusip_link
65899,75605L70,RNWK,1046327.0,REALNETWORKS INC,cusip_link
39411,75989R10,RNXT,1574094.0,RenovoRx Inc,cusip_link
65655,77263210,ROAC,,,not_found
33424,21044C10,ROAD,1718227.0,Construction Partners Inc,cusip_link
34296,76975510,ROAN,,,not_found
162957,77441510,ROC,2077709.0,Rank One Computing Corp,ticker_fallback
29131,37468910,ROCK,912562.0,"GIBRALTAR INDUSTRIES, INC.",ticker_fallback
24304,77149710,ROCM,,,not_found
9216,77513310,ROG,84748.0,ROGERS CORP,ticker_fallback
120301,91705J20,ROIAK,1041657.0,URBAN ONE INC,cusip_link
9203,77390310,ROK,1024478.0,"ROCKWELL AUTOMATION, INC",ticker_fallback
20675,83587V10,ROKA,1472343.0,Sorrento Tech Inc,cusip_link
32382,77543R10,ROKU,1428439.0,ROKU INC,cusip_link
9225,77571110,ROL,84839.0,ROLLINS INC,ticker_fallback
164557,75524B10,ROLL,1324948.0,RBC BEARINGS INC,cusip_link
43859,42981K10,ROLR,1947210.0,High Roller Technologies Inc,cusip_link
24925,77669610,ROP,882835.0,ROPER TECHNOLOGIES INC,ticker_fallback
31156,77738510,ROSE,,,not_found
166061,77777930,ROSE,,,not_found
9248,77829610,ROST,745732.0,"ROSS STORES, INC.",ticker_fallback
64480,88870P10,ROVI,1675820.0,TiVo Corp,cusip_link
39377,77936F10,ROVR,1826018.0,ROVER GROUP INC,cusip_link
165691,14843510,ROX,,,not_found
28791,78074G20,ROYL,864839.0,ROYALE ENERGY INC,cusip_link
171212,69410310,ROYT,,,not_found
184797,75606N10,RP,1286225.0,REALPAGE INC,cusip_link
24501,75342210,RPD,1560327.0,"Rapid7, Inc.",ticker_fallback
38453,68277Q10,RPHM,1637715.0,OnKure Therapeutics Inc,cusip_link
39202,75340L10,RPID,1380106.0,RAPID MICRO BIOSYSTEMS INC,cusip_link
8902,74968510,RPM,110621.0,RPM INTERNATIONAL INC/DE/,ticker_fallback
27988,76028H20,RPRX,897075.0,REPROS THERAPEUTICS INC,cusip_link
161088,75382F10,RPTP,1070698.0,HORIZON PHARMACEUTICAL LLC,cusip_link
43190,76550410,RR,1963685.0,RICHTECH ROBOTICS INC.,ticker_fallback
6788,75281A10,RRC,315852.0,RANGE RESOURCES CORP,cusip_link
4040,25786720,RRD,,,not_found
148470,75689M10,RRGB,1171759.0,RED ROBIN GOURMET BURGERS INC,cusip_link
140033,37244E10,RRI,1126294.0,GENON ENERGY INC,cusip_link
187814,77714910,RRMS,,,not_found
177224,74972L10,RRR,1389305.0,RSC HOLDINGS INC,cusip_link
26361,75700L10,RRR,1653653.0,Red Rock Resorts Inc,cusip_link
180562,76973Q20,RRTS,1440024.0,Roadrunner Transportation Systems Inc,cusip_link
30671,75950910,RS,861884.0,"RELIANCE, INC.",ticker_fallback
26004,76094310,RSCR,,,not_found
112168,76075910,RSG,1060391.0,"REPUBLIC SERVICES, INC.",ticker_fallback
37623,78201110,RSI,1793659.0,"Rush Street Interactive, Inc.",ticker_fallback
179417,75601N50,RSOL,,,not_found
19171,74978Q10,RSPP,1588216.0,RSP Permian Inc,cusip_link
180345,76102510,RSSS,1386301.0,"Research Solutions, Inc.",ticker_fallback
180905,77778010,RST,,,not_found
63651,77504310,RSTI,,,not_found
34645,74940T10,RSTN,1760233.0,RDE Inc,cusip_link
39363,76119X10,RSVR,1824403.0,Reservoir Media Inc,cusip_link
61439,75045910,RSYS,,,not_found
7566,78118210,RT,,,not_found
16650,74973W10,RTI,1068717.0,RTI INTERNATIONAL METALS INC,cusip_link
138707,86882C20,RTIX,1760173.0,SURGALIGN HOLDINGS INC,cusip_link
23898,76011220,RTK,,,not_found
33971,75419T10,RTLR,1748773.0,RATTLER MIDSTREAM LP,cusip_link
8972,75511150,RTN,,,not_found
166756,77665020,RTNB,,,not_found
38107,05177410,RTPY,1828108.0,Aurora Innovation Inc,cusip_link
16848,89422G10,RTRX,1438533.0,Travere Therapeutics Inc,cusip_link
19753,55955D10,RUBI,1595974.0,MAGNITE INC,cusip_link
120557,78116B10,RUBO,1082423.0,RUBIOS RESTAURANTS INC,cusip_link
33720,78116T10,RUBY,1709401.0,Rubius Therapeutics Inc,cusip_link
183570,78129510,RUE,,,not_found
37953,78137L10,RUM,1830081.0,Rumble Inc,cusip_link
24905,86771W10,RUN,1469367.0,Sunrun Inc,cusip_link
28616,78174810,RURL,,,not_found
63000,78184620,RUSHA,1012019.0,RUSH ENTERPRISES INC \TX\,ticker_fallback
163891,78333210,RUTH,,,not_found
174317,76857310,RVBD,,,not_found
34467,76156B10,RVLV,1746618.0,Revolve Group Inc,cusip_link
157080,76150520,RVM,,,not_found
36083,76155X10,RVMD,1628171.0,Revolution Medicines Inc,cusip_link
19471,76133010,RVNC,,,not_found
143526,76129W10,RVP,946563.0,RETRACTABLE TECHNOLOGIES INC,cusip_link
37534,76152G10,RVPH,1742927.0,REVIVA PHARMACEUTICALS HOLDINGS INC,cusip_link
1117,05587G20,RWC,2186.0,BK Technologies Corp,cusip_link
19116,45173110,RXDX,,,not_found
38342,74349U10,RXDX,1718852.0,Prometheus Biosciences Inc,cusip_link
171187,71880W50,RXII,,,not_found
180474,98983L10,RXN,1439288.0,Zurn Elkay Water Solutions Corp,cusip_link
41716,74982T10,RXO,1929561.0,RXO Inc,cusip_link
38474,75629V10,RXRX,1601830.0,RECURSION PHARMACEUTICALS INC,cusip_link
36641,75010210,RXT,1810019.0,"Rackspace Technology, Inc.",ticker_fallback
20502,75508B10,RYAM,1597672.0,RAYONIER ADVANCED MATERIALS INC,cusip_link
5968,78375410,RYI,,,not_found
9302,78376410,RYL,,,not_found
21601,76243J10,RYTM,1649904.0,RHYTHM PHARMACEUTICALS INC,cusip_link
43289,75525N10,RYZB,1825367.0,RayzeBio Inc,cusip_link
141859,75405510,RZ,,,not_found
17651,76200L30,RZLT,1509261.0,Rezolute Inc,cusip_link
37596,81730H10,S,1583708.0,SentinelOne Inc,cusip_link
10984,85207U10,S,101830.0,SPRINT CORP,cusip_link
66268,45336E10,SAAS,1087934.0,INCONTACT INC,cusip_link
133888,78493260,SABA,828803.0,Saba Capital Income & Opportunities Fund II,ticker_fallback
19649,78573M10,SABR,1597033.0,Sabre Corp,ticker_fallback
39951,78397T20,SABS,1833214.0,SAB Biotherapeutics Inc,cusip_link
18235,78636X87,SAEX,1514732.0,SAExploration Holdings Inc,cusip_link
13323,80001310,SAFM,,,not_found
20943,78667J10,SAGE,1597553.0,SAGE THERAPEUTICS INC,cusip_link
65831,83545G10,SAH,1043509.0,SONIC AUTOMOTIVE INC,cusip_link
165123,52532710,SAI,,,not_found
150481,78709Y10,SAIA,1177702.0,SAIA INC,cusip_link
18683,80862510,SAIC,1571123.0,Science Applications International Corp,ticker_fallback
32641,78781P10,SAIL,1627857.0,Sailpoint Technologies Holdings Inc,cusip_link
18177,76132B10,SALE,1475274.0,RETAILMENOT INC,cusip_link
121817,79409310,SALM,1050606.0,"SALEM MEDIA GROUP, INC. /DE/",ticker_fallback
61581,10055710,SAM,949870.0,BOSTON BEER CO INC,ticker_fallback
37925,79956610,SANA,1770121.0,"Sana Biotechnology, Inc.",ticker_fallback
28139,80105610,SANM,897723.0,SANMINA CORP,ticker_fallback
184259,78513530,SANW,,,not_found
62602,80306210,SAPE,,,not_found
160214,80352110,SARA,,,not_found
50617,85423L10,SARO,2025410.0,"StandardAero, Inc.",ticker_fallback
25929,80389340,SATC,,,not_found
179202,27876810,SATS,1415404.0,EchoStar CORP,ticker_fallback
147908,86428D10,SBAY,1139570.0,SUBAYE INC,cusip_link
41467,73245B10,SBC,1930313.0,SBC Medical Group Holdings Inc,ticker_fallback
178118,86778170,SBFM,1402328.0,Sunshine Biopharma Inc.,ticker_fallback
60800,82924210,SBGI,1971213.0,"Sinclair, Inc.",ticker_fallback
175900,79546E10,SBH,1368458.0,SALLY BEAUTY HOLDINGS INC,cusip_link
37922,85021Q10,SBIG,1801602.0,SpringBig Holdings Inc,cusip_link
117145,84642583,SBSA,,,not_found
37495,82835W10,SBTX,1671858.0,ARS Pharmaceuticals Inc,cusip_link
25434,85524410,SBUX,829224.0,STARBUCKS CORP,ticker_fallback
18841,86881L10,SCAI,,,not_found
61811,84265V10,SCCO,1001838.0,SOUTHERN COPPER CORP/,ticker_fallback
144356,82936G20,SCEI,1120096.0,SINO CLEAN ENERGY INC,cusip_link
9445,80589M10,SCG,754737.0,SCANA CORP,cusip_link
187375,74966K30,SCGQ,1512074.0,RMG Networks Holding Corp,cusip_link
9466,80706610,SCHL,866729.0,SCHOLASTIC CORP,ticker_fallback
29217,80688210,SCHN,,,not_found
9611,81756510,SCI,89089.0,SERVICE CORP INTERNATIONAL,ticker_fallback
113371,80876010,SCIL,,,not_found
60801,83368E20,SCKT,944075.0,SOCKET MOBILE INC,cusip_link
10056,85858610,SCL,94049.0,STEPAN CO,ticker_fallback
25047,80862K10,SCLN,880771.0,SCICLONE PHARMACEUTICALS INC,cusip_link
175308,86490910,SCMP,,,not_found
184281,43858620,SCOK,,,not_found
27913,86793170,SCON,,,not_found
177780,20564W20,SCOR,1158172.0,"COMSCORE, INC.",ticker_fallback
32601,81064810,SCPH,,,not_found
35055,80908710,SCPL,,,not_found
35050,80917110,SCPS,,,not_found
66290,85815520,SCS,,,not_found
29910,80603710,SCSC,918965.0,"SCANSOURCE, INC.",ticker_fallback
116504,83125X10,SCSS,827187.0,Sleep Number Corp,cusip_link
15314,83416T10,SCTY,1408356.0,SOLARCITY CORP,cusip_link
27938,82488910,SCVL,895447.0,SHOE CARNIVAL INC,ticker_fallback
26677,81374A10,SCWX,1468666.0,SecureWorks Corp,cusip_link
10030,85566810,SCX,,,not_found
20040,81129220,SCYX,1178253.0,SCYNEXIS INC,ticker_fallback
176899,80007P86,SD,1349436.0,SANDRIDGE ENERGY INC,cusip_link
177872,83609110,SDBT,,,not_found
35602,83192H10,SDC,1775625.0,SmileDirectClub Inc,cusip_link
36051,80810D10,SDGR,1490978.0,Schrodinger Inc,cusip_link
43784,83207R10,SDHC,1982518.0,Smith Douglas Homes Corp,cusip_link
39354,86337R20,SDIG,1856028.0,Stronghold Digital Mining Inc,cusip_link
29040,85336L10,SDIX,911649.0,STANDARD DIVERSIFIED INC,cusip_link
20147,86815310,SDPI,,,not_found
264629,82321310,SDTH,,,not_found
176360,87104310,SDXC,,,not_found
176282,84756010,SE,1703399.0,Sea Ltd,ticker_fallback
63938,81169940,SEAC,,,not_found
186392,81282V10,SEAS,1564902.0,SEAWORLD ENTERTAINMENT INC,cusip_link
9538,81154310,SEB,88121.0,SEABOARD CORP /DE/,ticker_fallback
23119,83417M10,SEDG,1419612.0,SOLAREDGE TECHNOLOGIES INC,cusip_link
9555,81211K10,SEE,88204.0,SEALED AIR CORP US,cusip_link
34709,81577F40,SEEL,1017491.0,SEELOS THERAPEUTICS INC,cusip_link
37425,81578P10,SEER,1726445.0,"Seer, Inc.",ticker_fallback
45397,81221520,SEG,2009684.0,Seaport Entertainment Group Inc.,ticker_fallback
9921,84722020,SEH,,,not_found
27354,81621230,SELB,,,not_found
174236,81619Q10,SEM,1320414.0,SELECT MEDICAL HOLDINGS CORP,cusip_link
184035,81663A10,SEMG,1489136.0,SEMGROUP CORP,cusip_link
38403,81686C10,SEMR,1831840.0,SEMrush Holdings Inc,cusip_link
32675,81688310,SEND,,,not_found
8582,81707050,SENEA,88948.0,Seneca Foods Corp,ticker_fallback
175084,81724W10,SENO,1097136.0,SENORX INC,cusip_link
177739,84756N10,SEP,1394074.0,SPECTRA ENERGY PARTNERS LP,cusip_link
50763,81734D10,SEPN,1984086.0,Septerna Inc,cusip_link
39170,81749D10,SERA,1534969.0,SERA PROGNOSTICS INC,cusip_link
45081,81758H10,SERV,1832483.0,Serve Robotics Inc /DE/,cusip_link
1082,81765M10,SERV,1923.0,SERVIDYNE INC,cusip_link
20089,88087E10,SERV,1832483.0,Serve Robotics Inc. /DE/,ticker_fallback
37651,78397Q10,SES,1819142.0,SES AI Corp,cusip_link
333070,78435P10,SEZL,1662991.0,Sezzle Inc,cusip_link
32688,86089710,SFIX,1576942.0,"Stitch Fix, Inc.",ticker_fallback
175376,82568P30,SFLY,1125920.0,SHUTTERFLY INC,cusip_link
17934,85208M10,SFM,1575515.0,SPROUTS FARMERS MARKET INC,cusip_link
29647,78415310,SFN,,,not_found
19843,83190B10,SFS,,,not_found
178868,86459610,SFSF,,,not_found
37213,82452T30,SFT,,,not_found
18438,78417830,SFXE,,,not_found
10221,82836G10,SFY,351817.0,SILVERBOW RESOURCES INC,cusip_link
39961,87043Q10,SG,1477815.0,Sweetgreen Inc,cusip_link
27790,78659830,SGA,886136.0,SAGA COMMUNICATIONS INC,ticker_fallback
10198,86835810,SGC,95574.0,"SUPERIOR GROUP OF COMPANIES, INC.",ticker_fallback
141460,81181C10,SGEN,1060736.0,Seagen Inc,cusip_link
37811,82671G10,SGFY,1828182.0,Signify Health Inc,cusip_link
39171,82657M10,SGHT,1531177.0,Sight Sciences Inc,cusip_link
162907,82706L10,SGI,1316625.0,SILICON GRAPHICS INTERNATIONAL CORP,cusip_link
4645,80637310,SGK,,,not_found
185587,82659860,SGLB,,,not_found
29698,82661L10,SGMA,915358.0,SIGMATRON INTERNATIONAL INC,cusip_link
133871,80067710,SGMO,1001233.0,"SANGAMO THERAPEUTICS, INC",ticker_fallback
10991,80874P10,SGMS,750004.0,SCIENTIFIC GAMES CORP,cusip_link
38790,78670010,SGMT,1400118.0,Sagimet Biosciences Inc.,ticker_fallback
43279,82670R30,SGN,,,not_found
186045,78669210,SGNT,,,not_found
62302,78493310,SGRP,1004989.0,"SPAR Group, Inc.",ticker_fallback
25898,86881A10,SGRY,1638833.0,Surgery Partners Inc,cusip_link
178633,86323M10,SGS,1405287.0,STREAM GLOBAL SERVICES INC,cusip_link
37488,82657L20,SGTX,,,not_found
61735,85512C10,SGU,1002590.0,STAR GAS PARTNERS LP,cusip_link
175064,87163930,SGYP,,,not_found
22672,81904710,SHAK,1620533.0,Shake Shack Inc.,ticker_fallback
29353,82028010,SHAW,,,not_found
37338,83601L10,SHC,1822479.0,Sotera Health Co,cusip_link
39158,81948W10,SHCR,1816233.0,Sharecare Inc,cusip_link
174355,82321P20,SHE,1327364.0,SHENGKAI INNOVATIONS INC,cusip_link
9664,82312B10,SHEN,354963.0,SHENANDOAH TELECOMMUNICATIONS CO/VA/,cusip_link
25980,78423R10,SHFL,718789.0,SHFL ENTERTAINMENT INC,cusip_link
43435,82455M10,SHIM,1887944.0,Shimmick Corp,cusip_link
6307,81235010,SHLD,,,not_found
9472,80819410,SHLM,,,not_found
28518,82454310,SHLO,,,not_found
37646,82489W10,SHLS,1831651.0,Shoals Technologies Group Inc,cusip_link
20944,82263410,SHLX,,,not_found
29382,55626910,SHOO,913241.0,"STEVEN MADDEN, LTD.",ticker_fallback
177127,82521110,SHOR,,,not_found
12976,81236210,SHOS,,,not_found
39785,81947T20,SHPW,,,not_found
110533,80413710,SHS,,,not_found
9667,82434810,SHW,89800.0,SHERWIN WILLIAMS CO,ticker_fallback
64720,16942H10,SHZ,790024.0,CHINA SHEN ZHOU MINING & RESOURCES INC,cusip_link
9699,82655210,SIAL,,,not_found
34193,82570410,SIBN,1459839.0,"SI-BONE, Inc.",ticker_fallback
32804,81612030,SIC,,,not_found
40305,82616520,SIDU,1879726.0,Sidus Space Inc.,ticker_fallback
22037,82621J20,SIEN,1551693.0,Sientra Inc,cusip_link
9698,82654610,SIF,90168.0,SIFCO INDUSTRIES INC,ticker_fallback
65376,82691710,SIGA,1010086.0,SIGA TECHNOLOGIES INC,ticker_fallback
12234,82656510,SIGM,,,not_found
178896,82935L10,SIHI,1406574.0,SINOHUB INC,cusip_link
9772,83211010,SII,1512920.0,SPROTT INC.,ticker_fallback
34882,82710M10,SILK,1397702.0,Silk Road Medical Inc,cusip_link
170430,82711P20,SILO,1514183.0,Silo Pharma Inc,cusip_link
124599,82705T10,SIMG,1003214.0,SILICON IMAGE INC,cusip_link
180118,82935V30,SINO,,,not_found
30662,82993310,SIRI,908937.0,SIRIUS XM HOLDINGS INC.,ticker_fallback
174876,82966C10,SIRO,1014507.0,SIRONA DENTAL SYSTEMS INC,cusip_link
25893,82982L10,SITE,1650729.0,SiteOne Landscape Supply Inc,cusip_link
35794,82982T10,SITM,1451809.0,SITIME Corp,cusip_link
149360,82988R20,SITO,1157817.0,SITO MOBILE LTD,cusip_link
10567,83001A10,SIX,701374.0,SIX FLAGS INC,cusip_link
9831,83851810,SJI,,,not_found
9777,83269640,SJM,91419.0,J M SMUCKER Co,ticker_fallback
9324,78430510,SJW,,,not_found
126772,83088430,SKBI,,,not_found
35327,83066P30,SKIL,1774675.0,Skillsoft Corp.,ticker_fallback
38768,88331L10,SKIN,1818093.0,Beauty Health Co,cusip_link
187040,70469L10,SKIS,1517401.0,Peak Resorts Inc,cusip_link
37562,83067L20,SKLZ,1801661.0,Skillz Inc.,ticker_fallback
13380,79377W10,SKS,812900.0,SAKS INC,cusip_link
186345,83083J10,SKUL,1423542.0,SKULLCANDY INC,cusip_link
121142,83056610,SKX,,,not_found
33652,83083010,SKY,90896.0,"Champion Homes, Inc.",ticker_fallback
22116,83086J20,SKYE,1516551.0,Skye Bioscience Inc,cusip_link
37066,83085C10,SKYH,1823587.0,Sky Harbour Group Corp,cusip_link
50791,83087C20,SKYQ,1812447.0,Sky Quarry Inc,cusip_link
38465,83089J10,SKYT,1819974.0,SkyWater Technology Inc,cusip_link
12392,83087910,SKYW,793733.0,SKYWEST INC,ticker_fallback
25447,78471E10,SKYX,1598981.0,SQL Technologies Corp,cusip_link
133288,82691910,SLAB,1038074.0,SILICON LABORATORIES INC.,ticker_fallback
181989,90346E10,SLCA,,,not_found
32894,83422E20,SLDB,1707502.0,Solid Biosciences Inc,cusip_link
38094,83422N10,SLDP,1844862.0,Solid Power Inc,cusip_link
9411,43258910,SLE,1621672.0,"Super League Enterprise, Inc.",ticker_fallback
39102,83444K10,SLGC,1837412.0,SomaLogic Inc,cusip_link
64389,82704810,SLGN,849869.0,SILGAN HOLDINGS INC,ticker_fallback
177429,83421A10,SLH,1324245.0,SOLERA HOLDINGS INC,cusip_link
9325,78441310,SLI,1537137.0,STANDARD LITHIUM LTD.,ticker_fallback
40132,84445C10,SLND,1883814.0,Southland Holdings Inc,cusip_link
64929,82921410,SLP,1023459.0,"Simulations Plus, Inc.",ticker_fallback
42892,00445A10,SLRN,1962918.0,ACELYRIN Inc,cusip_link
176658,79400610,SLRY,,,not_found
32901,81642T20,SLS,1390478.0,SELLAS Life Sciences Group Inc,cusip_link
132644,25066010,SLTC,,,not_found
165968,86803X20,SLTD,1172631.0,Sunworks Inc,cusip_link
175913,83438K10,SLTM,1171298.0,SOLTA MEDICAL INC,cusip_link
39651,87133210,SLVM,1856485.0,Sylvamo Corp,ticker_fallback
62977,79543510,SLXP,,,not_found
26013,78454L10,SM,893538.0,SM Energy Co,ticker_fallback
160600,87154620,SMA,1585389.0,"SmartStop Self Storage REIT, Inc.",ticker_fallback
33275,83200N10,SMAR,1366561.0,SMARTSHEET INC,cusip_link
164408,10140510,SMBL,,,not_found
176567,86800U30,SMCI,1375365.0,Super Micro Computer Inc,cusip_link
112819,82001710,SMED,,,not_found
40492,83204U60,SMFL,,,not_found
39321,81663L20,SMFR,1818331.0,GeneDx Holdings Corp,cusip_link
20185,81018610,SMG,825542.0,SCOTTS MIRACLE-GRO CO,ticker_fallback
31384,78413P10,SMHI,1690334.0,SEACOR Marine Holdings Inc,cusip_link
26520,80687020,SMIT,,,not_found
13871,86614G10,SMLP,2024218.0,Summit Midstream Corp,cusip_link
19189,81684M10,SMLR,1554859.0,SEMLER SCIENTIFIC INC,cusip_link
271357,86627T10,SMMT,1599298.0,Summit Therapeutics Inc,cusip_link
126601,87155S10,SMMX,1095330.0,SYMYX TECHNOLOGIES INC,cusip_link
10000,85366610,SMP,93389.0,"STANDARD MOTOR PRODUCTS, INC.",ticker_fallback
37073,67079K10,SMR,1822966.0,NUSCALE POWER Corp,cusip_link
39505,83193G10,SMRT,1837014.0,SmartRent Inc,cusip_link
25186,85837510,SMRT,1837014.0,"SmartRent, Inc.",ticker_fallback
9999,85362610,SMSC,,,not_found
61321,83215440,SMSI,948708.0,"SMITH MICRO SOFTWARE, INC.",ticker_fallback
9599,81685010,SMTC,88941.0,SEMTECH CORP,ticker_fallback
39173,83193D20,SMTK,1817760.0,SmartKem Inc,cusip_link
186903,82005410,SMTP,,,not_found
23776,83444540,SMTS,,,not_found
137874,83268220,SMTX,,,not_found
35160,83419H10,SMXT,1519472.0,"SolarMax Technology, Inc.",ticker_fallback
188663,79970Y10,SN,1528837.0,SANCHEZ ENERGY CORP,cusip_link
9778,83303410,SNA,91440.0,Snap-on Inc,ticker_fallback
64102,46121210,SNAK,,,not_found
41686,83301J10,SNAL,1886894.0,Snail Inc,cusip_link
30091,83304A10,SNAP,1564408.0,Snap Inc,cusip_link
39301,86368520,SNAX,,,not_found
21263,69833W40,SNBP,1029125.0,Panbela Therapeutics Inc,cusip_link
39850,80864420,SNCE,,,not_found
166593,87157B40,SNCR,1131554.0,SYNCHRONOSS TECHNOLOGIES INC,cusip_link
38038,86668310,SNCY,,,not_found
22284,83191H10,SND,1529628.0,Smart Sand Inc,cusip_link
61513,80004C10,SNDK,1000180.0,SANDISK CORP,cusip_link
264193,80689H10,SNDR,1692063.0,Schneider National Inc,cusip_link
20649,87164F10,SNDX,1395937.0,Syndax Pharmaceuticals Inc,cusip_link
176138,82935B20,SNEN,1107563.0,SINOENERGY CORP,cusip_link
28365,81720R60,SNES,1680378.0,SenesTech Inc,cusip_link
13484,83422360,SNGX,812796.0,"SOLIGENIX, INC.",ticker_fallback
64254,42328H10,SNHY,1024795.0,HELIOS TECHNOLOGIES INC,cusip_link
180167,81106510,SNI,,,not_found
29709,83546010,SNIC,,,not_found
142812,81724Q10,SNMX,1123979.0,SENOMYX INC,cusip_link
31559,82622H10,SNNA,1656328.0,Sienna Biopharmaceuticals Inc,cusip_link
19190,46090K10,SNOW,1587755.0,Intrawest Resorts Holdings Inc,cusip_link
339965,83344510,SNOW,1640147.0,Snowflake Inc.,ticker_fallback
39286,83303Y10,SNPO,1856430.0,Snap One Holdings Corp,cusip_link
24975,87160710,SNPS,883241.0,SYNOPSYS INC,ticker_fallback
37386,87167T30,SNPX,,,not_found
9812,83543840,SNSTA,,,not_found
38783,81726A20,SNTI,1854270.0,"Senti Biosciences Holdings, Inc.",ticker_fallback
157954,80281730,SNTS,,,not_found
126322,83547010,SNWL,,,not_found
156155,87162W10,SNX,1177394.0,SYNNEX CORP,cusip_link
19138,87165D20,SNYR,1562733.0,Synergy CHC Corp,cusip_link
9850,84258710,SO,92122.0,SOUTHERN CO,ticker_fallback
65350,83437650,SOA,,,not_found
38018,78574H10,SOC,1831481.0,Sable Offshore Corp,cusip_link
109186,83545R20,SOFO,1029744.0,SONIC FOUNDRY INC,cusip_link
30547,83418M10,SOI,1697500.0,Solaris Energy Infrastructure Inc,cusip_link
177895,36191U10,SOLR,1394954.0,GT ADVANCED TECHNOLOGIES INC,cusip_link
45167,83444M10,SOLV,1964738.0,Solventum Corp,cusip_link
34834,83425110,SOLY,,,not_found
165742,83445320,SOMX,,,not_found
9815,83549510,SON,91767.0,SONOCO PRODUCTS CO,ticker_fallback
23697,83545110,SONC,,,not_found
37810,83542D30,SOND,1819395.0,Sonder Holdings Inc,cusip_link
121053,78463B10,SONE,1063254.0,S1 CORP /DE/,cusip_link
66728,83568G10,SONO,1055355.0,SONOSITE INC,cusip_link
33767,83570H10,SONO,1314727.0,Sonos Inc,cusip_link
135965,76254410,SONS,,,not_found
39557,83370P20,SOPA,,,not_found
4341,78461U10,SORL,,,not_found
38087,83610010,SOUN,1840856.0,"SOUNDHOUND AI, INC.",ticker_fallback
39542,84612U10,SOVO,1856608.0,Sovos Brands Inc,cusip_link
185181,84612H10,SOWG,1490161.0,Sow Good Inc,cusip_link
9922,84723510,SPA,,,not_found
50297,78642D10,SPAI,2011208.0,Safe Pro Group Inc,cusip_link
9916,84639610,SPAN,,,not_found
65459,84763R10,SPB,1487730.0,SPECTRUM BRANDS HOLDINGS INC,cusip_link
35808,92766K40,SPCE,1706946.0,Virgin Galactic Holdings Inc,cusip_link
25946,84916320,SPCHA,,,not_found
62046,84772320,SPDE,,,not_found
38612,84753T10,SPEC,1844149.0,Spectaire Holdings Inc,cusip_link
9937,84761510,SPEC,,,not_found
10002,12819510,SPF,,,not_found
62501,86448210,SPH,1005210.0,SUBURBAN PROPANE PARTNERS LP,ticker_fallback
39442,84856030,SPIR,1816017.0,"Spire Global, Inc.",ticker_fallback
9954,84856510,SPIR,1816017.0,"Spire Global, Inc.",ticker_fallback
20740,92556D30,SPKE,1606268.0,Via Renewables Inc,cusip_link
170616,84863710,SPLK,,,not_found
186823,85814R10,SPLP,1452857.0,STEEL PARTNERS HOLDINGS LP,cusip_link
15521,85503010,SPLS,,,not_found
175739,86844710,SPMD,,,not_found
25509,86815730,SPN,,,not_found
24853,84760C10,SPNC,789132.0,SPECTRANETICS CORPORATION,cusip_link
24458,81255T10,SPNE,1637761.0,SeaSpine Holdings Corp,cusip_link
63650,84763A10,SPPI,831547.0,SPECTRUM PHARMACEUTICALS INC,cusip_link
164494,84857410,SPR,,,not_found
160448,83171G10,SPRO,1289863.0,SMARTPROS LTD,cusip_link
32525,84833T10,SPRO,1701108.0,Spero Therapeutics Inc,cusip_link
133825,86858W20,SPRT,1104855.0,Supportcom Inc,cusip_link
183974,78463M10,SPSC,1092699.0,SPS COMMERCE INC,ticker_fallback
35922,85209W10,SPT,1517375.0,Sprout Social Inc,cusip_link
28762,84721510,SPTN,,,not_found
5087,78473E10,SPW,88205.0,SPX Technologies Inc,cusip_link
16009,84920Y10,SPWH,1132105.0,SPORTSMAN'S WAREHOUSE HOLDINGS INC,cusip_link
165051,86765240,SPWRA,,,not_found
26367,85223410,SQ,,,not_found
126600,80908T10,SQI,1082526.0,SCIQUEST INC,cusip_link
35121,04859210,SQL,1605888.0,ATLANTIC INTERNATIONAL CORP,cusip_link
128663,81733740,SQNM,,,not_found
38736,85225A10,SQSP,1496963.0,Squarespace Inc,cusip_link
37282,78472W10,SQZ,1604477.0,SQZ Biotechnologies Co,cusip_link
10005,85388720,SR,1126956.0,SPIRE INC,ticker_fallback
26864,71424F10,SRAQ,1658566.0,Permian Resources Corp,cusip_link
15543,78472M10,SRAX,1538217.0,SRAX Inc,cusip_link
63527,85891210,SRCL,,,not_found
8272,81685110,SRE,1032208.0,SEMPRA,ticker_fallback
186129,81763U10,SREV,1310114.0,SERVICESOURCE INTERNATIONAL INC,cusip_link
43100,86892720,SRFM,1936224.0,SURF AIR MOBILITY INC.,ticker_fallback
65590,86183P10,SRI,1043337.0,STONERIDGE INC,cusip_link
187709,84934310,SRLP,,,not_found
145416,81747T10,SRLS,1156295.0,SERACARE LIFE SCIENCES INC,cusip_link
43099,85237B10,SRM,1956744.0,SRM Entertainment Inc,cusip_link
183602,83587F20,SRNE,850261.0,SORRENTO THERAPEUTICS INC,cusip_link
33445,80706P10,SRRK,1727196.0,Scholar Rock Holding Corp,cusip_link
298036,85569C10,SRT,1031029.0,STARTEK INC,cusip_link
26908,81728J10,SRTS,1494891.0,Sensus Healthcare Inc,cusip_link
30428,02133L10,SRUN,1690769.0,Alta Mesa Resources Inc /DE,cusip_link
147660,78464R10,SRX,906192.0,SRA INTERNATIONAL INC,cusip_link
62967,86768K10,SRZ,1011064.0,SUNRISE ASSISTED LIVING INC,cusip_link
39417,86889P20,SRZN,1824893.0,Surrozen Inc/DE,cusip_link
30260,82907310,SSD,920371.0,"Simpson Manufacturing Co., Inc.",ticker_fallback
63874,85254C30,SSI,6885.0,STAGE STORES INC,cusip_link
62965,78467J10,SSNC,1402436.0,SS&C Technologies Holdings Inc,ticker_fallback
187607,82817Q10,SSNI,,,not_found
170655,82846H40,SSNT,1236275.0,QXO Inc,cusip_link
14535,81105440,SSP,832428.0,E.W. SCRIPPS Co,ticker_fallback
22330,87159G10,SSRG,1616101.0,Symmetry Surgical Inc,cusip_link
31457,82536T10,SSTI,1351636.0,"SOUNDTHINKING, INC.",ticker_fallback
3382,82569010,SSTK,1549346.0,"Shutterstock, Inc.",ticker_fallback
10380,86737U10,SSY,96793.0,SUNLINK HEALTH SYSTEMS INC,cusip_link
9969,85231230,STAA,718937.0,STAAR SURGICAL CO,ticker_fallback
39352,85756110,STAB,,,not_found
190572,85238760,STAF,,,not_found
158737,78469C10,STAN,1059262.0,SP Plus Corp,cusip_link
19163,30224P20,STAY,,,not_found
24415,05591B10,STCK,1574815.0,BMC STOCK HOLDINGS INC,cusip_link
134384,78477410,STEC,,,not_found
24538,86037010,STEI,,,not_found
39540,85917T10,STER,1645070.0,Sterling Check Corp,cusip_link
39309,85256A10,STGW,876883.0,Stagwell Inc,cusip_link
33698,64131A10,STIM,1227636.0,Neuronetics Inc,cusip_link
9372,79084910,STJ,,,not_found
18978,88338K10,STKS,1399520.0,ONE Group Hospitality Inc,cusip_link
64030,85811910,STLD,1022671.0,STEEL DYNAMICS INC,ticker_fallback
34584,71948P20,STLR,,,not_found
171022,85858C10,STML,1264587.0,STEMLINE THERAPEUTICS INC,cusip_link
121673,85285720,STMP,,,not_found
35255,86150R10,STOK,1623526.0,Stoke Therapeutics Inc,cusip_link
8873,74835610,STR,,,not_found
63338,86272C10,STRA,1013934.0,Strategic Education Inc,cusip_link
63291,78464W10,STRC,1014041.0,SRI SURGICAL EXPRESS INC,cusip_link
39738,80359A20,STRC,1050446.0,Strategy Inc,ticker_fallback
180597,78478V20,STRI,,,not_found
5559,85924110,STRL,874238.0,"STERLING INFRASTRUCTURE, INC.",ticker_fallback
62666,86323X20,STRM,,,not_found
39835,86260J10,STRN,1872525.0,Stran & Company Inc,cusip_link
10213,86938010,STRN,,,not_found
18386,86257810,STRP,,,not_found
31567,86311110,STRT,933034.0,STRATTEC SECURITY CORP,ticker_fallback
37113,85572U10,STRY,1884697.0,Starry Group Holdings Inc,cusip_link
65482,85508610,STRZ,929351.0,STARZ ENTERTAINMENT CORP /CN/,ticker_fallback
4156,86860710,STS,,,not_found
35601,80405P10,STSA,1692830.0,Satsuma Pharmaceuticals Inc,cusip_link
161965,04014910,STST,26537.0,ARGON ST INC,cusip_link
37110,82024L10,STTK,1680367.0,Shattuck Labs Inc,cusip_link
160375,85916J40,STXS,1289340.0,Stereotaxis Inc,cusip_link
2710,21036P10,STZ,16918.0,CONSTELLATION BRANDS INC,cusip_link
66239,86537810,SUF,,,not_found
9867,84403010,SUG,,,not_found
22603,86614U10,SUM,,,not_found
36896,86646P10,SUMO,1643269.0,Sumo Logic Inc,cusip_link
176874,86564630,SUMR,,,not_found
10156,86764P10,SUN,95304.0,SUNOCO INC,cusip_link
28543,86677E10,SUNH,904978.0,SUN HEALTHCARE GROUP INC,cusip_link
10195,86816810,SUP,,,not_found
62382,04624B10,SUPG,919722.0,ASTEX PHARMACEUTICALS INC,cusip_link
186159,86845910,SUPN,1356576.0,"SUPERNUS PHARMACEUTICALS, INC.",ticker_fallback
10200,86853210,SUPX,1897087.0,SuperX AI Technology Ltd,ticker_fallback
33274,86877M20,SURF,1718108.0,Surface Oncology Inc,cusip_link
33382,86882L20,SURG,1392694.0,"SurgePays, Inc.",ticker_fallback
165179,87160G10,SURG,836429.0,SYNERGETICS USA INC,cusip_link
9242,86873310,SURW,,,not_found
12892,86765K10,SUSP,1552275.0,Sunoco LP,cusip_link
165702,86923310,SUSS,,,not_found
66592,86936220,SUTR,,,not_found
45320,82728C10,SVCO,1943289.0,Silvaco Group Inc,cusip_link
34140,60878Y10,SVMK,1739936.0,MOMENTIVE GLOBAL INC,cusip_link
2222,80517Q10,SVNT,722104.0,SAVIENT PHARMACEUTICALS INC,cusip_link
158473,87163F10,SVR,1169264.0,SYNIVERSE HOLDINGS INC,cusip_link
31177,80511110,SVRA,1160308.0,Savara Inc,ticker_fallback
9619,81773210,SVT,,,not_found
10190,86853630,SVU,,,not_found
40501,80517M10,SVV,1883313.0,Savers Value Village Inc,cusip_link
130305,80542330,SVVS,,,not_found
34854,82489T10,SWAV,,,not_found
31203,86074Q10,SWC,931948.0,STILLWATER MINING CO /DE/,cusip_link
32469,87105L10,SWCH,1710583.0,Switch Inc,cusip_link
30861,49904910,SWFT,,,not_found
115757,83175410,SWHC,,,not_found
179690,83417Q20,SWI,1739942.0,SolarWinds Corp,cusip_link
38576,51819L10,SWIM,1833197.0,Latham Group Inc,cusip_link
10016,85450210,SWK,93556.0,"STANLEY BLACK & DECKER, INC.",ticker_fallback
1327,83088M10,SWKS,4127.0,SKYWORKS SOLUTIONS INC,cusip_link
61519,80854110,SWM,,,not_found
9904,84546710,SWN,,,not_found
186994,87080830,SWSH,,,not_found
163929,86837X10,SWSI,1323715.0,SUPERIOR WELL SERVICES INC,cusip_link
35600,85205L10,SWTX,1773427.0,SpringWorks Therapeutics Inc,cusip_link
9898,84533110,SWWC,,,not_found
9890,84489510,SWX,1692115.0,"Southwest Gas Holdings, Inc.",ticker_fallback
9359,78651420,SWY,,,not_found
186773,86722A10,SXC,1514705.0,"SunCoke Energy, Inc.",ticker_fallback
15396,86722Y10,SXCP,1555538.0,SUNCOKE ENERGY PARTNERS LP,cusip_link
171139,84130C10,SXE,1547638.0,SOUTHCROSS ENERGY PARTNERS LP,cusip_link
174663,85453210,SXE,,,not_found
10008,85423110,SXI,310354.0,STANDEX INTERNATIONAL CORP/DE/,ticker_fallback
141720,29278N10,SXL,1161154.0,Energy Transfer Partners LP,cusip_link
11012,81725T10,SXT,310142.0,UNIVERSAL FOODS CORP,cusip_link
24409,87113010,SY,1758530.0,So-Young International Inc.,ticker_fallback
32365,87166L20,SYBX,1527599.0,SYNLOGIC INC,cusip_link
10115,86366710,SYK,310764.0,STRYKER CORP,ticker_fallback
62732,87123710,SYKE,,,not_found
38022,87151X10,SYM,1837240.0,Symbotic Inc,cusip_link
15855,66877110,SYMC,,,not_found
9715,87154310,SYMM,,,not_found
142814,87157D10,SYNA,817720.0,SYNAPTICS INC,cusip_link
196355,87156110,SYNC,,,not_found
10236,87156510,SYNL,,,not_found
64626,87163020,SYNM,,,not_found
13013,87162G10,SYNO,780127.0,SYNOVIS LIFE TECHNOLOGIES INC,cusip_link
65270,87162H10,SYNT,1040426.0,SYNTEL INC,cusip_link
30220,87165510,SYPR,864240.0,SYPRIS SOLUTIONS INC,ticker_fallback
42910,87168W20,SYRA,1922335.0,Syra Health Corp,cusip_link
178870,78470V10,SYRG,1413507.0,SRC Energy Inc,cusip_link
27392,87184Q20,SYRS,1556263.0,Syros Pharmaceuticals Inc,cusip_link
165124,87164C10,SYUT,1293593.0,SYNUTRA INTERNATIONAL INC,cusip_link
60931,37892E10,SYX,945114.0,GLOBAL INDUSTRIAL Co,cusip_link
10247,87182910,SYY,96021.0,SYSCO CORP,ticker_fallback
62016,83013P10,SZMK,1591877.0,SIZMEK INC,cusip_link
186715,88105A10,SZYM,1311230.0,TerraVia Holdings Inc,cusip_link
9899,00206R10,T,732717.0,AT&T INC,cusip_link
148350,89421B10,TA,1378453.0,TravelCenters of America Inc /MD/,cusip_link
63520,89291810,TACT,1017303.0,TRANSACT TECHNOLOGIES INC,ticker_fallback
31738,87402810,TAIT,942126.0,TAITRON COMPONENTS INC,ticker_fallback
164585,87408310,TAL,1499620.0,TAL Education Group,ticker_fallback
39078,87427V10,TALK,1803901.0,Talkspace Inc,cusip_link
17228,87484T10,TALO,1724965.0,TALOS ENERGY INC,cusip_link
38738,89157D10,TALS,1827506.0,Tourmaline Bio Inc,cusip_link
311524,87509U10,TAM,1547063.0,TAMINCO CORP,cusip_link
3505,60871R20,TAP,24545.0,MOLSON COORS BEVERAGE CO,cusip_link
36044,74365U10,TARA,1359931.0,Protara Therapeutics Inc,cusip_link
37082,87650L10,TARS,1819790.0,Tarsus Pharmaceuticals Inc,cusip_link
38647,87652V10,TASK,1829864.0,TaskUs Inc,cusip_link
143912,05464C10,TASR,1069183.0,AXON ENTERPRISE INC,cusip_link
176249,14574X10,TAST,809248.0,CARROLS RESTAURANT GROUP INC,cusip_link
188856,35180X10,TAX,1528930.0,Franchise Group Inc,cusip_link
10349,87716310,TAYD,96536.0,"TAYLOR DEVICES, INC.",ticker_fallback
23577,87537810,TBAC,,,not_found
22207,89785X10,TBI,768899.0,TrueBlue Inc,cusip_link
33601,89374L10,TBIO,1693415.0,Translate Bio Inc,cusip_link
13554,88710010,TBL,,,not_found
33781,89157G86,TBLT,1668370.0,Toughbuilt Industries Inc,cusip_link
348784,87507T10,TBN,1997652.0,Tamboran Resources Corp,cusip_link
186354,89818A10,TBOW,1485933.0,TRUNKBOW INTERNATIONAL HOLDINGS LTD,cusip_link
21007,88883P10,TBRA,1311596.0,Tobira Therapeutics Inc,cusip_link
33693,76029L10,TBRG,1720592.0,Repay Holdings Corp,cusip_link
30939,23330F10,TBUS,853695.0,DRI CORP,cusip_link
150049,88650T10,TBV,1168556.0,TIENS BIOTECH GROUP USA INC,cusip_link
33600,89610F10,TCDA,1595585.0,Tricida Inc,cusip_link
26847,87357P10,TCMD,1027838.0,TACTILE SYSTEMS TECHNOLOGY INC,cusip_link
22697,89237H30,TCON,,,not_found
34600,87808K10,TCRR,1750019.0,TCR2 THERAPEUTICS INC,cusip_link
38745,89854M10,TCRX,1783328.0,"TScan Therapeutics, Inc.",ticker_fallback
18842,21075120,TCS,,,not_found
62723,89869720,TCX,909494.0,TUCOWS INC /PA/,ticker_fallback
178310,88076W10,TDC,816761.0,TERADATA CORP /DE/,cusip_link
148349,89364110,TDG,1260221.0,TransDigm Group INC,ticker_fallback
24249,87918A10,TDOC,1477449.0,Teladoc Health Inc,cusip_link
10411,87943382,TDS,1051512.0,TELEPHONE & DATA SYSTEMS INC /DE/,ticker_fallback
14898,88554D20,TDSC,910638.0,3D SYSTEMS CORP,cusip_link
38418,88556E10,TDUP,1484778.0,ThredUp Inc,cusip_link
10565,88642R10,TDW,98222.0,TIDEWATER INC,cusip_link
126721,87936010,TDY,1094285.0,TELEDYNE TECHNOLOGIES INC,ticker_fallback
10277,87237510,TE,1992243.0,T1 Energy Inc.,ticker_fallback
187119,87819P10,TEA,1314592.0,TEAVANA HOLDINGS INC,cusip_link
26494,04946810,TEAM,1650372.0,Atlassian Corp,cusip_link
14145,87831110,TEAM,1650372.0,Atlassian Corp,ticker_fallback
161071,87819320,TEAR,,,not_found
12171,87823710,TECD,,,not_found
15414,09073M10,TECH,842023.0,BIO-TECHNE Corp,cusip_link
10386,87889530,TECUB,,,not_found
23256,87469610,TEGP,,,not_found
35779,87238110,TELA,1561921.0,"TELA Bio, Inc.",ticker_fallback
30241,87968A10,TELL,61398.0,TELLURIAN INC /DE/,cusip_link
43928,87975F10,TELO,1971532.0,"Telomir Pharmaceuticals, Inc.",ticker_fallback
45462,88023B10,TEM,1717115.0,Tempus AI Inc,cusip_link
10443,88034910,TEN,1166663.0,TSAKOS ENERGY NAVIGATION LTD,ticker_fallback
33759,88025T10,TENB,1660280.0,Tenable Holdings Inc,cusip_link
15117,87469710,TEP,,,not_found
10453,88077010,TER,97210.0,"TERADYNE, INC",ticker_fallback
37848,88088110,TERN,,,not_found
20739,88104R20,TERP,1599947.0,TerraForm Power Inc,cusip_link
30714,87238610,TESS,,,not_found
7991,88077910,TEX,97216.0,TEREX CORP,ticker_fallback
29616,89904010,TFCO,,,not_found
35611,87241J20,TFFP,1733413.0,TFF Pharmaceuticals Inc,cusip_link
184807,35804H10,TFM,1489979.0,Fresh Market Inc,cusip_link
20517,53263P10,TFSC,1606163.0,Limbach Holdings Inc,cusip_link
10407,87936910,TFX,96943.0,TELEFLEX INC,ticker_fallback
15459,89465010,TG,850429.0,TREDEGAR CORP,ticker_fallback
36799,89386L10,TGAN,,,not_found
3806,23936010,TGE,2053456.0,Generation Essentials Group,ticker_fallback
18114,87876P20,TGEN,1537435.0,TECOGEN INC,cusip_link
63876,89681810,TGI,,,not_found
28770,88440220,TGIS,,,not_found
3813,87612E10,TGT,27419.0,TARGET CORP,cusip_link
12691,88337510,TGX,,,not_found
7750,88033G40,THC,70318.0,TENET HEALTHCARE CORP,ticker_fallback
30198,88343530,THMD,,,not_found
10549,88516010,THO,730263.0,THOR INDUSTRIES INC,ticker_fallback
34429,87167A10,THOR,1609727.0,Synthorx Inc,cusip_link
10550,88517530,THOR,,,not_found
24436,87244360,THQI,,,not_found
186360,88362T10,THR,,,not_found
41522,88427A10,THRD,1923840.0,Third Harmonic Bio Inc,cusip_link
39278,88526010,THRN,,,not_found
160668,45781M10,THRX,1080014.0,Innoviva Inc,cusip_link
39665,88369M10,THRX,1745020.0,Theseus Pharmaceuticals Inc,cusip_link
37130,88602920,THRY,1556739.0,"Thryv Holdings, Inc.",ticker_fallback
163983,89469A10,THS,1320695.0,TREEHOUSE FOODS INC,cusip_link
17501,89787110,THST,,,not_found
178172,88603110,THTI,,,not_found
122061,88632Q10,TIBX,1085280.0,TIBCO SOFTWARE INC,cusip_link
62984,88833920,TIE,,,not_found
66059,67623R10,TIER,,,not_found
13646,88654710,TIF,,,not_found
13940,8867EQ10,TIGR,820738.0,TIGERLOGIC CORP,cusip_link
10286,87247920,TIII,,,not_found
22761,87916520,TIK,,,not_found
38386,45783C20,TIL,1789769.0,Instil Bio Inc,cusip_link
19580,88722810,TIME,,,not_found
10426,87986810,TIN,,,not_found
163887,68572N10,TIS,1324189.0,ORCHIDS PAPER PRODUCTS CO /DE,cusip_link
10353,87815530,TISI,318833.0,TEAM INC,ticker_fallback
178973,88830R10,TITN,1409171.0,TITAN MACHINERY INC,cusip_link
22008,89573510,TIV,,,not_found
124394,88870610,TIVO,,,not_found
30701,88873310,TIXC,,,not_found
11672,87254010,TJX,109198.0,TJX COMPANIES INC /DE/,ticker_fallback
12212,87910110,TKLC,,,not_found
39051,02080L10,TKNO,1850902.0,Alpha Teknova Inc,cusip_link
10581,88738910,TKR,98362.0,TIMKEN CO,ticker_fallback
10420,87966410,TLAB,,,not_found
29264,87416110,TLB,,,not_found
175995,87422710,TLCR,,,not_found
165244,87424N10,TLEO,1134203.0,TALEO CORP,cusip_link
28675,87538X10,TLF,909724.0,TANDY LEATHER FACTORY INC,cusip_link
61725,88954210,TLGD,,,not_found
37872,87424L20,TLIS,1584751.0,Talis Biomedical Corp,cusip_link
186206,03350F10,TLLP,1507615.0,ANDEAVOR LOGISTICS LP,cusip_link
37327,78472F10,TLMD,1791091.0,SOC Telemed Inc,cusip_link
156676,87422J10,TLN,1622536.0,Talen Energy Corp,cusip_link
43737,87422Q10,TLN,1622536.0,Talen Energy Corp,ticker_fallback
18973,88165U10,TLOG,,,not_found
163594,89376V10,TLP,1319229.0,TRANSMONTAIGNE PARTNERS LP,cusip_link
122273,88713320,TLR,,,not_found
2578,87969B10,TLS,320121.0,TELOS CORP,cusip_link
37516,89680M10,TLSI,1826667.0,TriSalus Life Sciences Inc,cusip_link
187575,88688510,TLYS,1524025.0,"TILLY'S, INC.",ticker_fallback
36506,88708020,TMBR,,,not_found
38558,89455T10,TMCI,1630627.0,"TREACE MEDICAL CONCEPTS, INC.",ticker_fallback
35062,89377M10,TMDX,1756262.0,TransMedics Group Inc,cusip_link
183684,87817A10,TMH,1082754.0,TEAM HEALTH HOLDINGS INC,cusip_link
16653,87724P10,TMHC,1562476.0,TAYLOR MORRISON HOME CORP,cusip_link
126496,14653410,TMNG,,,not_found
10530,88355610,TMO,97745.0,THERMO FISHER SCIENTIFIC INC.,ticker_fallback
62313,88144820,TMRK,,,not_found
184880,87261Q10,TMS,1491501.0,TMS INTERNATIONAL CORP,cusip_link
33081,19200A20,TMSR,1641398.0,GD Culture Group Ltd,cusip_link
20011,88739910,TMST,,,not_found
17874,87259010,TMUS,1283699.0,"T-Mobile US, Inc.",ticker_fallback
184101,87945510,TNAV,,,not_found
10540,88431510,TNB,,,not_found
10441,88034510,TNC,97134.0,TENNANT CO,ticker_fallback
178767,45825N10,TNDM,1292653.0,INTELIQUENT INC,cusip_link
18899,87537220,TNDM,1438133.0,TANDEM DIABETES CARE INC,ticker_fallback
140988,89628810,TNET,937098.0,"TRINET GROUP, INC.",ticker_fallback
184079,88034G20,TNGN,1296391.0,TENGION INC,cusip_link
184715,87582Y10,TNGO,,,not_found
39402,87583X10,TNGX,1819133.0,Tango Therapeutics Inc,cusip_link
24965,88100520,TNH,,,not_found
10374,74586W20,TNL,1361658.0,Travel & Leisure Co.,ticker_fallback
40236,88066N30,TNON,1560293.0,"Tenon Medical, Inc.",ticker_fallback
157118,87296010,TNS,,,not_found
31631,88770Q10,TNTR,,,not_found
39204,87990A10,TNYA,1858848.0,Tenaya Therapeutics Inc,cusip_link
14170,81783K10,TO,825411.0,SEVCON INC,cusip_link
10597,88903910,TOD,,,not_found
10598,88906B10,TOF,730349.0,TOFUTTI BRANDS INC,cusip_link
12395,88947810,TOL,794170.0,"Toll Brothers, Inc.",ticker_fallback
177125,89008810,TOMO,,,not_found
180146,89002320,TOMZ,314227.0,"TOMI Environmental Solutions, Inc.",ticker_fallback
15027,89087830,TORM,,,not_found
39524,88878710,TOST,1650164.0,"Toast, Inc.",ticker_fallback
184785,89182610,TOWR,,,not_found
66929,90041L10,TPB,1290677.0,Turning Point Brands Inc,cusip_link
8486,90110910,TPC,77543.0,TUTOR PERINI CORP,ticker_fallback
160580,89236Y10,TPCG,1452217.0,TPC GROUP INC,cusip_link
178644,87873920,TPCS,1328792.0,TECHPRECISION CORP,ticker_fallback
41733,89669L20,TPET,1898766.0,Trio Petroleum Corp,ticker_fallback
31252,55966310,TPGE,,,not_found
258869,87265H10,TPH,930667.0,ISHARES INC,cusip_link
177921,88630M10,TPI,1362718.0,TIANYIN PHARMACEUTICAL CO INC,cusip_link
27574,87266J10,TPIC,1455684.0,TPI COMPOSITES INC,cusip_link
107843,57055L20,TPIV,,,not_found
162941,89600B20,TPLM,1281922.0,Triangle Petroleum Corp,cusip_link
105394,70451A10,TPNL,1496443.0,Paysign Inc,cusip_link
35006,90041T10,TPTX,1595893.0,Turning Point Therapeutics Inc,cusip_link
19578,89609W10,TPUB,1593195.0,Tribune Publishing Co,cusip_link
156861,88023U10,TPX,1206264.0,TEMPUR PEDIC INTERNATIONAL INC,cusip_link
29386,89674K10,TQNT,913885.0,TRIQUINT SEMICONDUCTOR INC,cusip_link
10609,89051610,TR,98677.0,TOOTSIE ROLL INDUSTRIES INC,ticker_fallback
164422,24230910,TRAK,50471.0,"ReposiTrak, Inc.",ticker_fallback
175153,89778N10,TRBN,1298521.0,TRUBION PHARMACEUTICALS INC,cusip_link
65148,89278210,TRBR,,,not_found
10390,87908010,TRC,96869.0,TEJON RANCH CO,ticker_fallback
10382,87872730,TRCI,,,not_found
10726,89604750,TRCO,,,not_found
20202,89392920,TRCR,,,not_found
39869,29384C10,TRDA,1689375.0,Entrada Therapeutics Inc,cusip_link
119316,89531P10,TREX,1069878.0,TREX CO INC,cusip_link
170773,98919T40,TRGL,,,not_found
185532,87612G10,TRGP,1389170.0,Targa Resources Corp.,ticker_fallback
26788,87337910,TRHC,,,not_found
26015,89591910,TRID,,,not_found
199356,89694520,TRIP,1526520.0,"TripAdvisor, Inc.",ticker_fallback
20131,89685A10,TRIV,1432732.0,TRIVASCULAR TECHNOLOGIES INC,cusip_link
31560,84778810,TRK,,,not_found
23563,89689F40,TRKA,,,not_found
13836,89788810,TRLA,,,not_found
153028,89784N10,TRLG,1160858.0,TRUE RELIGION APPAREL INC,cusip_link
62870,89610620,TRMA,,,not_found
22815,89623910,TRMB,864749.0,TRIMBLE INC.,ticker_fallback
18066,87918110,TRMR,,,not_found
10735,89652210,TRN,99780.0,TRINITY INDUSTRIES INC,ticker_fallback
10685,89352910,TRNS,99302.0,TRANSCAT INC,ticker_fallback
155387,14147L10,TROV,1213037.0,Cardiff Oncology Inc,cusip_link
10297,87262510,TRR,,,not_found
15252,89621520,TRS,842633.0,TRIMAS CORP,ticker_fallback
10740,89671220,TRT,732026.0,TRIO-TECH INTERNATIONAL,ticker_fallback
24638,89400J10,TRU,1552033.0,TransUnion,cusip_link
20540,89785L10,TRUE,,,not_found
35054,89532M10,TRVI,1563880.0,Trevi Therapeutics Inc,cusip_link
18925,89532E30,TRVN,1429560.0,TREVENA INC,cusip_link
157415,87264S10,TRW,1267097.0,TRW AUTOMOTIVE HOLDINGS CORP,cusip_link
43137,90042W10,TSBX,1764974.0,Turnstone Biologics Corp,cusip_link
120358,88368Q20,TSCM,1080056.0,THESTREET INC,cusip_link
29736,89235610,TSCO,916365.0,TRACTOR SUPPLY CO /DE/,ticker_fallback
37013,87761910,TSHA,1806310.0,"Taysha Gene Therapies, Inc.",ticker_fallback
184996,88160R10,TSLA,1318605.0,"Tesla, Inc.",ticker_fallback
10793,90249410,TSN,100493.0,"TYSON FOODS, INC.",ticker_fallback
10466,03349M10,TSO,50104.0,ANDEAVOR,cusip_link
178619,07177310,TSON,1230355.0,BAXANO SURGICAL INC,cusip_link
38596,90089L10,TSP,1823593.0,TuSimple Holdings Inc,cusip_link
111974,89223110,TSQ,1499832.0,"Townsquare Media, Inc.",ticker_fallback
156153,00676P10,TSRA,,,not_found
10305,87288520,TSRI,,,not_found
170969,88156910,TSRO,,,not_found
184114,89685K10,TSRX,1356857.0,TRIUS THERAPEUTICS INC,cusip_link
10631,89190610,TSS,,,not_found
143283,87953J10,TSTC,817129.0,TELESTONE TECHNOLOGIES CORP,cusip_link
12304,23335Q10,TSTF,,,not_found
29397,88145110,TSTR,,,not_found
10345,87655330,TSTY,,,not_found
39907,90138410,TSVT,,,not_found
138613,87929J10,TSYS,1111665.0,TELECOMMUNICATION SYSTEMS INC /FA/,cusip_link
10618,89109210,TTC,737758.0,TORO CO,ticker_fallback
37230,87663X10,TTCF,1741231.0,Tattooed Chef Inc,cusip_link
27885,88339J10,TTD,1671933.0,Trade Desk Inc,cusip_link
63417,89854H10,TTEC,1013880.0,TTEC Holdings Inc,cusip_link
24783,88162G10,TTEK,831641.0,TETRA TECH INC,cusip_link
24841,87306E10,TTES,879884.0,T-3 ENERGY SERVICES INC,cusip_link
177111,87874R30,TTGT,2018064.0,TechTarget Inc,cusip_link
21237,88162F10,TTI,831641.0,TETRA TECH INC,cusip_link
139804,87305R10,TTMI,1116942.0,TTM TECHNOLOGIES INC,cusip_link
21033,89853L30,TTOO,1492674.0,T2 Biosystems Inc,cusip_link
17350,88165N20,TTPH,1373707.0,TETRAPHASE PHARMACEUTICALS INC,cusip_link
183559,89853X30,TTTM,1434589.0,T3 MOTION INC,cusip_link
64630,87405410,TTWO,946581.0,TAKE TWO INTERACTIVE SOFTWARE INC,ticker_fallback
20090,89857010,TUBE,,,not_found
65630,55415310,TUC,,,not_found
11944,89904V20,TUES,,,not_found
170904,89969Q10,TUMI,1535031.0,TUMI HOLDINGS INC,cusip_link
135805,59514P10,TUNE,1108058.0,MICROTUNE INC,cusip_link
62897,89989610,TUP,,,not_found
21834,56155L10,TUSK,1679268.0,MAMMOTH ENERGY SERVICES INC,cusip_link
26044,72764Y10,TUTR,893965.0,PLATO LEARNING INC,cusip_link
39853,88165K10,TVGN,1860871.0,Tevogen Bio Holdings Inc,cusip_link
29887,89189410,TW,1758730.0,Tradeweb Markets Inc.,ticker_fallback
34919,89267210,TW,1758730.0,Tradeweb Markets Inc.,ticker_fallback
176404,88732J20,TWC,1377013.0,TIME WARNER CABLE INC,cusip_link
28295,88830M10,TWI,899751.0,TITAN INTERNATIONAL INC,cusip_link
10777,90147610,TWIN,100378.0,TWIN DISC INC,ticker_fallback
39482,88546E10,TWKS,1866550.0,Thoughtworks Holding Inc,cusip_link
166449,87874D10,TWLL,1171529.0,TECHWELL INC,cusip_link
27364,90138F10,TWLO,1447669.0,TWILIO INC,cusip_link
12421,48583710,TWMC,,,not_found
19881,90214J20,TWOU,,,not_found
34241,90184D10,TWST,1581280.0,Twist Bioscience Corp,cusip_link
120359,87311L10,TWTC,1057758.0,TW TELECOM INC,cusip_link
18872,90184L10,TWTR,,,not_found
25056,88731730,TWX,,,not_found
35640,88025U10,TXG,1770787.0,10x Genomics Inc,cusip_link
10498,88249110,TXI,,,not_found
183322,88338N20,TXMD,25743.0,TherapeuticsMD Inc,cusip_link
10499,88250810,TXN,97476.0,TEXAS INSTRUMENTS INC,ticker_fallback
41797,87313P10,TXO,1559432.0,TXO Partners LP,cusip_link
160376,88268110,TXRH,1289460.0,"Texas Roadhouse, Inc.",ticker_fallback
10519,88320310,TXT,217346.0,TEXTRON INC,ticker_fallback
17581,88321110,TXTR,,,not_found
39185,88675P10,TYGO,1855447.0,TIGO ENERGY INC,cusip_link
10789,90225210,TYL,860731.0,TYLER TECHNOLOGIES INC,ticker_fallback
23337,90238J10,TYME,1537917.0,TYME TECHNOLOGIES INC,cusip_link
177099,61022P10,TYPE,1385292.0,MONOTYPE IMAGING HOLDINGS INC,cusip_link
39477,90240B10,TYRA,1863127.0,Tyra Biosciences Inc,cusip_link
149721,89421Q20,TZOO,1133311.0,TRAVELZOO,cusip_link
36898,91332U10,U,1810806.0,Unity Software Inc,cusip_link
165052,90431110,UA,1336917.0,"Under Armour, Inc.",ticker_fallback
162338,91388P10,UACL,1308208.0,UNIVERSAL LOGISTICS HOLDINGS INC,cusip_link
23940,90934C10,UAHC,867963.0,UNITED AMERICAN HEALTHCARE CORP,cusip_link
186139,12663320,UAN,1425292.0,"CVR PARTNERS, LP",ticker_fallback
27339,00848K30,UAVS,8504.0,AgEagle Aerial Systems Inc,cusip_link
35077,90353T10,UBER,1543151.0,Uber Technologies Inc,cusip_link
62257,98741310,UBET,,,not_found
187462,90353W10,UBNT,,,not_found
33317,91381U20,UBX,1463361.0,Unity Biotechnology Inc,cusip_link
17689,90265Y10,UCP,1572684.0,UCP INC,cusip_link
264416,90385V10,UCTT,1275014.0,ULTRA CLEAN HOLDINGS INC,cusip_link
39818,90268510,UDMY,,,not_found
144809,90653P10,UDRL,1133260.0,UNION DRILLING INC,cusip_link
165798,91689610,UEC,1334933.0,URANIUM ENERGY CORP,ticker_fallback
27828,91348310,UEIC,101984.0,UNIVERSAL ELECTRONICS INC,ticker_fallback
65540,64107N20,UEPS,1041514.0,LESAKA TECHNOLOGIES INC,cusip_link
22180,90915J10,UFAB,1617669.0,Unique Fabricating Inc,cusip_link
10839,90467720,UFI,100726.0,UNIFI INC,ticker_fallback
29156,90278Q10,UFPI,912767.0,UFP INDUSTRIES INC,cusip_link
29449,90267310,UFPT,914156.0,UFP TECHNOLOGIES INC,ticker_fallback
176760,25755920,UFS,,,not_found
10902,91057110,UG,101295.0,UNITED GUARDIAN INC,ticker_fallback
10801,90268110,UGI,884614.0,UGI CORP /PA/,ticker_fallback
35541,91704K20,UGRO,1706524.0,urban-gro Inc,cusip_link
1393,02358610,UHAL,4457.0,AMERCO /NV/,cusip_link
37782,91060H10,UHG,1830188.0,United Homes Group Inc,cusip_link
11032,91390310,UHS,352915.0,UNIVERSAL HEALTH SERVICES INC,ticker_fallback
10905,90274810,UIL,,,not_found
2504,90921430,UIS,746838.0,UNISYS CORP,ticker_fallback
26045,90389910,ULBI,875657.0,ULTRALIFE CORP,ticker_fallback
38282,35909R10,ULCC,1670076.0,Frontier Group Holdings Inc,cusip_link
133769,90384420,ULCM,,,not_found
62954,91727310,ULGX,,,not_found
43589,90373110,ULS,1901440.0,UL Solutions Inc.,ticker_fallback
178704,90384S30,ULTA,1403568.0,ULTA SALON COSMETICS & FRAGRANCE INC,cusip_link
111064,90385D10,ULTI,1016125.0,ULTIMATE SOFTWARE GROUP INC,cusip_link
42214,91532F10,UMAC,1956955.0,"Unusual Machines, Inc.",ticker_fallback
162355,90458310,UNCA,,,not_found
10840,90470810,UNF,717954.0,UNIFIRST CORP,ticker_fallback
63927,91116310,UNFI,1020859.0,UNITED NATURAL FOODS INC,ticker_fallback
63057,23372010,UNFY,,,not_found
254399,90478E30,UNIS,1476170.0,Unilife Corp,cusip_link
10867,90781810,UNP,100885.0,UNION PACIFIC CORP,ticker_fallback
10757,90311910,UNS,,,not_found
124198,91126820,UNTD,,,not_found
21515,91336L10,UNVR,1494319.0,Univar Inc,cusip_link
147349,90457220,UNXL,,,not_found
39231,96328L20,UP,1819516.0,Wheels Up Experience Inc,cusip_link
50681,91678A10,UPB,2022626.0,Upstream Bio Inc,cusip_link
176325,91378810,UPG,,,not_found
38981,91532B20,UPH,1770141.0,UpHealth Inc,cusip_link
22040,91544A10,UPLD,1505155.0,Upland Software Inc,cusip_link
10920,91131210,UPS,1090727.0,UNITED PARCEL SERVICE INC,ticker_fallback
34101,91688F10,UPWK,1627475.0,UPWORK INC,cusip_link
22772,90321310,UQM,,,not_found
29150,91704710,URBN,912615.0,URBAN OUTFITTERS INC,ticker_fallback
66065,91136310,URI,1067701.0,"UNITED RENTALS, INC.",ticker_fallback
15240,96168420,URRE,,,not_found
10813,90323610,URS,,,not_found
160331,91688T10,URZ,1162324.0,URANERZ ENERGY CORP,cusip_link
33449,90290N10,USAC,1522727.0,USA COMPRESSION PARTNERS LP,cusip_link
25069,90292510,USAK,,,not_found
31170,91383710,USAP,,,not_found
62213,13810310,USAT,,,not_found
32014,90291C20,USAU,27093.0,U.S. GOLD CORP.,ticker_fallback
120824,90333L20,USCR,1073429.0,US CONCRETE INC,cusip_link
21628,90331810,USDP,,,not_found
10938,91180530,USEG,101594.0,BIG SKY INDUSTRIAL INC.,ticker_fallback
39886,91734E10,USER,1557127.0,UserTesting Inc,cusip_link
18312,91200810,USFD,1665918.0,US Foods Holding Corp.,ticker_fallback
10816,90329340,USG,,,not_found
42848,90291W10,USGO,1947244.0,US GoldMining Inc,cusip_link
19807,90335C10,USHS,844789.0,US HOME SYSTEMS INC /TX,cusip_link
8947,91192210,USLM,82020.0,UNITED STATES LIME & MINERALS INC,ticker_fallback
14369,91168410,USM,,,not_found
14090,90331310,USMD,,,not_found
24844,84863T10,USMO,,,not_found
63863,90328M10,USNA,896264.0,USANA INC,cusip_link
25318,90337L10,USPH,885978.0,U S PHYSICAL THERAPY INC /NV,cusip_link
10981,29668910,USTR,,,not_found
112759,15643U10,USU,1065059.0,CENTRUS ENERGY CORP,cusip_link
34412,91274U30,USWS,,,not_found
33598,90338N20,USX,923571.0,US XPRESS ENTERPRISES INC,cusip_link
163819,91388Q20,UTA,1336644.0,UNIVERSAL TRAVEL GROUP,cusip_link
28938,90403410,UTEK,,,not_found
121440,91307C10,UTHR,1082554.0,UNITED THERAPEUTICS Corp,cusip_link
156633,91391510,UTI,1261654.0,UNIVERSAL TECHNICAL INSTITUTE INC,ticker_fallback
10999,91325910,UTL,755001.0,UNITIL CORP,ticker_fallback
11051,91748810,UTMD,706698.0,UTAH MEDICAL PRODUCTS INC,ticker_fallback
39753,60343F20,UTRS,,,not_found
10983,75513E10,UTX,101829.0,RAYTHEON TECHNOLOGIES CORP,cusip_link
11027,91382130,UUU,102109.0,"UNIVERSAL SAFETY PRODUCTS, INC.",ticker_fallback
11017,91345610,UVV,102037.0,UNIVERSAL CORP /VA/,ticker_fallback
8266,64126Q20,UWN,277058.0,NEVADA GOLD & CASINOS INC,cusip_link
9728,58039P30,UXG,,,not_found
21261,92765X20,VA,1614436.0,Virgin America Inc,cusip_link
191255,57164Y10,VAC,1524358.0,MARRIOTT VACATIONS WORLDWIDE Corp,cusip_link
11096,92035510,VAL,314808.0,Valaris Ltd,ticker_fallback
11099,92043710,VALU,717720.0,VALUE LINE INC,ticker_fallback
34327,92210730,VAPO,,,not_found
11115,92220P10,VAR,203527.0,VARIAN MEDICAL SYSTEMS INC,cusip_link
119216,92220610,VARI,,,not_found
125000,92231M10,VASC,1030206.0,VASCULAR SOLUTIONS INC,cusip_link
39868,92244V10,VAXX,1851657.0,Vaxxinity Inc,cusip_link
154439,91821K10,VCGH,1172852.0,VCG HOLDING CORP,cusip_link
25021,91886610,VCI,,,not_found
133547,21249J10,VCLK,1080034.0,CONVERSANT INC,cusip_link
33780,91864030,VCNX,1205922.0,"VACCINEX, INC.",ticker_fallback
187739,92857F10,VCRA,1129260.0,VOCERA COMMUNICATIONS INC,cusip_link
38288,91854V20,VCSA,1874944.0,Vacasa Inc,cusip_link
18947,92337F10,VCYT,1384101.0,VERACYTE INC,cusip_link
66686,68287N10,VDSI,1044777.0,OneSpan Inc,cusip_link
20661,92242T10,VEC,1601548.0,V2X Inc,cusip_link
11124,92241710,VECO,103145.0,VEECO INSTRUMENTS INC,ticker_fallback
38373,69348912,VEEA,1840317.0,VEEA INC.,ticker_fallback
18689,92247510,VEEV,1393052.0,VEEVA SYSTEMS INC,ticker_fallback
22367,92735P10,VEI,,,not_found
36924,92333E10,VENU,1770501.0,Venu Holding Corp,ticker_fallback
38782,92337R10,VERA,1831828.0,Vera Therapeutics Inc,cusip_link
21984,92337U30,VERB,1566610.0,Verb Technology Company Inc,cusip_link
31091,92347M10,VERI,1615165.0,Veritone Inc,cusip_link
38908,92539P10,VERV,1840574.0,Verve Therapeutics Inc,cusip_link
24083,92538J10,VERX,1806837.0,Vertex Inc,cusip_link
164610,71581310,VETS,,,not_found
11060,91820410,VFC,103379.0,V F CORP,ticker_fallback
166562,92886T20,VG,1272830.0,VONAGE HOLDINGS CORP,cusip_link
38397,92337210,VGAS,1841425.0,"Verde Clean Fuels, Inc.",ticker_fallback
13963,92240M10,VGR,59440.0,VECTOR GROUP LTD,cusip_link
41982,92891Q10,VHAI,1880431.0,Vocodia Holdings Corp,ticker_fallback
122175,92823T20,VHC,1082324.0,VirnetX Holding Corp,ticker_fallback
12578,91890520,VHI,59255.0,VALHI INC /DE/,ticker_fallback
148356,92203620,VHS,,,not_found
165675,92553P20,VIA,1339947.0,VIACOM INC,cusip_link
133346,92553H80,VIAS,1101169.0,VIASYSTEMS GROUP INC,cusip_link
21238,92581510,VICR,751978.0,VICOR CORP,ticker_fallback
11169,92655510,VIDE,,,not_found
35630,92661310,VIE,,,not_found
38271,92671V30,VIEW,1811856.0,View Inc,cusip_link
23852,34479820,VIFL,,,not_found
40307,92673K10,VIGL,1827087.0,Vigil Neuroscience Inc,cusip_link
35638,92764N10,VIR,1706431.0,Vir Biotechnology Inc,cusip_link
11185,92765110,VIRC,751365.0,VIRCO MFG CORPORATION,ticker_fallback
36530,92829J20,VIRI,1818844.0,Virios Therapeutics Inc,cusip_link
138346,92763R10,VIRL,1050776.0,VIRAGE LOGIC CORP,cusip_link
23813,92765F10,VIRX,1061027.0,Viracta Therapeutics Inc,cusip_link
117142,68750U10,VITA,913756.0,ORTHOVITA INC,cusip_link
179818,92847A20,VITC,1401688.0,VITACOSTCOM INC,cusip_link
36726,92847W10,VITL,1579733.0,Vital Farms Inc,cusip_link
21838,92852W50,VIVE,,,not_found
183269,92852R40,VIVK,1450704.0,Vivakor Inc,cusip_link
12433,58958410,VIVO,1681348.0,VivoPower PLC,ticker_fallback
21032,92686J10,VKTX,1607678.0,Viking Therapeutics Inc,cusip_link
163977,92864N10,VLCM,1324570.0,VOLCOM INC,cusip_link
37106,92259F10,VLDR,1745317.0,Velodyne Lidar Inc,cusip_link
11178,92710740,VLGEA,103595.0,VILLAGE SUPER MARKET INC,ticker_fallback
25224,91891410,VLNC,,,not_found
15247,91913Y10,VLO,21271.0,VALERO ENERGY CORP,cusip_link
18774,91914J10,VLP,1583103.0,VALERO ENERGY PARTNERS LP,cusip_link
23092,91914N30,VLRX,1619250.0,Valeritas Holdings Inc,cusip_link
39533,92873V10,VLTA,1819584.0,Volta Inc,cusip_link
43197,92338C10,VLTO,1967680.0,Veralto Corp,cusip_link
160505,92870810,VLTR,,,not_found
11228,92916010,VMC,1396009.0,Vulcan Materials CO,ticker_fallback
153668,92769L10,VMED,1270400.0,VIRGIN MEDIA INC,cusip_link
18623,92763A30,VMEM,,,not_found
38757,92719V10,VMEO,1837686.0,Vimeo Inc,cusip_link
11094,92025310,VMI,102729.0,VALMONT INDUSTRIES INC,ticker_fallback
178083,92856340,VMW,,,not_found
19175,92719W20,VNCE,1579157.0,VINCE HOLDING CORP,cusip_link
166435,92165910,VNDA,1347178.0,Vanda Pharmaceuticals Inc.,ticker_fallback
33647,92336X10,VNE,,,not_found
10761,92866110,VNRX,93314.0,VOLITIONRX LTD,ticker_fallback
36203,92888110,VNT,1786842.0,Vontier Corp,ticker_fallback
194956,98155810,VNTV,,,not_found
186180,91829B10,VOC,1505413.0,VOC ENERGY TRUST,cusip_link
164369,92858J10,VOCS,1104789.0,VOCUS INC,cusip_link
184742,29101U40,VOG,1283843.0,Emerald Oil Inc,cusip_link
174118,92864510,VOLC,,,not_found
38248,92771A10,VORB,1843388.0,Virgin Orbit Holdings Inc,cusip_link
63928,92906L50,VOXW,933454.0,VOXWARE INC,cusip_link
13354,91829F10,VOXX,807707.0,VOXX INTERNATIONAL CORP,cusip_link
7106,92034410,VPF,,,not_found
185138,92835K10,VPG,1487952.0,VISHAY PRECISION GROUP INC,cusip_link
64004,92824110,VPHM,,,not_found
25731,22940F10,VPS,1123316.0,CRYSTAL ROCK HOLDINGS INC,cusip_link
176070,92275P30,VQ,1313024.0,VENOCO INC,cusip_link
185195,92335C10,VRA,1495320.0,VERA BRADLEY INC,cusip_link
175949,92826B10,VRAD,1361579.0,VIRTUAL RADIOLOGIC CORP,cusip_link
38827,37892C10,VRAR,1854445.0,Glimpse Group Inc,cusip_link
23106,92672L10,VRAY,1597313.0,ViewRay Inc,cusip_link
29004,92214X10,VREX,1681622.0,Varex Imaging Corp,cusip_link
141887,92346X20,VRME,1104038.0,VerifyMe Inc,cusip_link
12987,98420U80,VRNG,1410428.0,XWELL Inc,cusip_link
130041,92340P20,VRNM,1049210.0,VERENIUM CORP,cusip_link
19044,92228010,VRNS,1361113.0,VARONIS SYSTEMS INC,ticker_fallback
147242,92343X10,VRNT,1166388.0,VERINT SYSTEMS INC,cusip_link
34300,92511U10,VRRM,1682745.0,VERRA MOBILITY Corp,cusip_link
179817,92531L20,VRS,1421182.0,Verso Corp,cusip_link
180652,92345Y10,VRSK,1442145.0,VERISK ANALYTICS INC,cusip_link
66368,92343E10,VRSN,1014473.0,VERISIGN INC/CA,cusip_link
36175,92537N10,VRT,1674101.0,Vertiv Holdings Co,cusip_link
177871,92827P10,VRTU,1207074.0,VIRTUSA CORP,cusip_link
19858,92345410,VRTV,,,not_found
24344,92532F10,VRTX,875320.0,VERTEX PHARMACEUTICALS INC / MA,cusip_link
174507,71715N10,VRUS,1301081.0,PHARMASSET INC,cusip_link
9340,91911X10,VRX,930184.0,VALEANT PHARMACEUTICALS INTERNATIONAL,cusip_link
19832,03890D10,VSAR,1513818.0,Aravive Inc,cusip_link
64088,92552V10,VSAT,797721.0,VIASAT INC,cusip_link
65218,19243A10,VSCI,894237.0,COGENTIX MEDICAL INC /DE/,cusip_link
39310,92640010,VSCO,,,not_found
164411,92826920,VSCP,,,not_found
119217,92220710,VSEA,,,not_found
11065,91828410,VSEC,102752.0,VSE CORP,ticker_fallback
37866,92919Y10,VSEE,1864531.0,VSEE HEALTH INC,cusip_link
11191,92829810,VSH,103730.0,VISHAY INTERTECHNOLOGY INC,ticker_fallback
178201,92849E10,VSI,1360530.0,VITAMIN SHOPPE INC,cusip_link
21626,92854Q10,VSLR,1607716.0,Vivint Solar Inc,cusip_link
26709,92532W10,VSM,1660690.0,Versum Materials Inc,cusip_link
63281,92528430,VSNT,2067876.0,"Versant Media Group, Inc.",ticker_fallback
12804,92529710,VSR,,,not_found
157373,92840M10,VST,1692819.0,Vistra Corp,cusip_link
194255,92337C20,VSTM,1526119.0,Verastem Inc,cusip_link
22653,92837710,VSTO,,,not_found
43360,29430C10,VSTS,1967649.0,Vestis Corp,cusip_link
21422,92847N10,VTAE,1157602.0,VITAE PHARMACEUTICALS INC,cusip_link
64767,92846N10,VTAL,912888.0,VITAL IMAGES INC,cusip_link
187368,92840H40,VTGN,1411685.0,"Vistagen Therapeutics, Inc.",ticker_fallback
62388,92535G20,VTRO,1094808.0,VERTRO INC,cusip_link
7637,92556V10,VTRS,1792044.0,Viatris Inc,cusip_link
41901,92852X10,VTS,1944558.0,Vitesse Energy Inc,cusip_link
65344,92827K30,VTSI,1085243.0,VirTra Inc,cusip_link
185289,04539620,VTUS,1426800.0,ASSEMBLY BIOSCIENCES INC,cusip_link
24515,91838520,VTVT,1641489.0,vTv Therapeutics Inc.,ticker_fallback
39774,92332V10,VTYX,1851194.0,Ventyx Biosciences Inc,cusip_link
184113,92921W30,VUZI,1463972.0,VUZIX CORP,cusip_link
5918,92240G10,VVC,1096385.0,VECTREN CORP,cusip_link
160785,92552R40,VVI,884219.0,VIAD CORP,cusip_link
189594,92854210,VVNT,,,not_found
37290,92859E20,VVOS,1716166.0,Vivos Therapeutics Inc,cusip_link
24234,45246520,VVTV,,,not_found
30007,92855130,VVUS,,,not_found
27373,92047W10,VVV,1674910.0,VALVOLINE INC,cusip_link
38952,92747V10,VWE,,,not_found
21801,91843L10,VWR,1412232.0,VWR Corp,cusip_link
33114,92243A20,VXRT,72444.0,Vaxart Inc,cusip_link
26341,92915B10,VYGR,1640266.0,Voyager Therapeutics Inc,cusip_link
38539,92942V20,VYNT,,,not_found
2136,92343V10,VZ,732712.0,VERIZON COMMUNICATIONS INC,cusip_link
25529,92858V10,VZIO,1835591.0,Vizio Holding Corp,cusip_link
21540,94419L10,W,1616707.0,Wayfair Inc,cusip_link
60979,92974010,WAB,943452.0,WESTINGHOUSE AIR BRAKE TECHNOLOGIES CORP,ticker_fallback
11264,93142710,WAG,,,not_found
187714,95081410,WAIR,,,not_found
61574,94184810,WAT,1000697.0,WATERS CORP /DE/,ticker_fallback
165177,97816610,WATG,,,not_found
176066,65337Y40,WAVE,1374993.0,NEXTWAVE WIRELESS INC,cusip_link
30649,94352660,WAVX,,,not_found
43515,94678410,WAY,1990354.0,Waystar Holding Corp.,ticker_fallback
177925,92927K10,WBC,1390844.0,WABCO HOLDINGS INC,cusip_link
164296,93442310,WBD,1437107.0,"Warner Bros. Discovery, Inc.",ticker_fallback
27711,97265W10,WBEV,1782627.0,Winc Inc,cusip_link
115404,94770V10,WBMD,1326583.0,WEBMD HEALTH CORP,cusip_link
133432,94768410,WBSN,,,not_found
50248,94845U10,WBTN,1997859.0,WEBTOON Entertainment Inc,cusip_link
264388,92926K10,WCAA,1282398.0,WCA WASTE CORP,cusip_link
120444,95082P10,WCC,929008.0,WESCO INTERNATIONAL INC,cusip_link
145186,92923C80,WCIC,,,not_found
15044,98138H10,WDAY,1327811.0,WORKDAY INC,cusip_link
11399,95810210,WDC,106040.0,WESTERN DIGITAL CORP,ticker_fallback
11234,92923610,WDFC,105132.0,WD 40 CO,ticker_fallback
39914,94724R10,WEAV,1609151.0,Weave Communications Inc,cusip_link
39201,94770D10,WEBR,1857951.0,Weber Inc,cusip_link
11550,92939U10,WEC,783325.0,WEC ENERGY GROUP INC,cusip_link
25655,09946950,WEL,833845.0,BOOTS & COOTS INC,cusip_link
3708,95058W10,WEN,30697.0,WENDY'S CO,cusip_link
183486,49876K10,WENA,,,not_found
12266,95075510,WERN,793074.0,WERNER ENTERPRISES INC,ticker_fallback
179831,95825410,WES,1423902.0,"Western Midstream Partners, LP",ticker_fallback
38621,96145W10,WEST,1806347.0,Westrock Coffee Co,cusip_link
45020,96188120,WETH,1826660.0,Wetouch Technology Inc.,ticker_fallback
11455,96214910,WEYS,106532.0,WEYCO GROUP INC,ticker_fallback
175908,96327X20,WFCF,1360565.0,"Where Food Comes From, Inc.",ticker_fallback
24893,96683710,WFMI,,,not_found
60992,86732Y10,WFR,945436.0,SUNEDISON INC,cusip_link
63495,96920310,WG,,,not_found
11361,00108M10,WGA,105608.0,AG&E HOLDINGS INC,cusip_link
176199,93041P50,WGBS,,,not_found
11296,92924F10,WGL,1103601.0,WGL HOLDINGS INC,cusip_link
14252,94858510,WGNR,,,not_found
11537,97463710,WGO,107687.0,WINNEBAGO INDUSTRIES INC,ticker_fallback
11580,98074510,WGOV,,,not_found
16225,95866910,WGP,,,not_found
33243,98311A10,WH,1722684.0,WYNDHAM HOTELS & RESORTS INC,cusip_link
32938,12720310,WHD,1699136.0,"Cactus, Inc.",ticker_fallback
11465,96332010,WHR,106640.0,WHIRLPOOL CORP /DE/,ticker_fallback
64132,98090540,WHRT,,,not_found
186288,09739C10,WIFI,1169988.0,BOINGO WIRELESS INC,cusip_link
174490,97382A30,WIN,1282266.0,WINDSTREAM HOLDINGS INC,cusip_link
23843,97415510,WING,1636222.0,Wingstop Inc.,ticker_fallback
11535,97428030,WINN,,,not_found
25572,29256210,WIRE,,,not_found
33725,86633R60,WISA,1682149.0,WISA TECHNOLOGIES INC,cusip_link
22000,98139A10,WK,1445305.0,WORKIVA INC,cusip_link
11440,96087810,WLB,,,not_found
175654,96924N10,WLDN,1370450.0,WILLDAN GROUP INC,cusip_link
63596,97064610,WLFC,1018164.0,WILLIS LEASE FINANCE CORP,ticker_fallback
24544,55207470,WLH,,,not_found
160684,96041310,WLK,1262823.0,WESTLAKE CORP,ticker_fallback
20473,96041710,WLKP,1604665.0,Westlake Chemical Partners LP,ticker_fallback
155393,96638750,WLL,,,not_found
20619,65342H10,WLRH,1604416.0,Nexeo Solutions Inc,cusip_link
15274,93317Q10,WLT,837173.0,Walter Energy Inc,cusip_link
14477,94106L10,WM,823768.0,WASTE MANAGEMENT INC,cusip_link
29268,95423510,WMAR,,,not_found
11506,96945710,WMB,107263.0,"WILLIAMS COMPANIES, INC.",ticker_fallback
19911,96946560,WMCO,,,not_found
163118,93455020,WMG,1319161.0,Warner Music Group Corp.,ticker_fallback
11343,94884910,WMK,105418.0,WEIS MARKETS INC,ticker_fallback
20126,00790R10,WMS,1604028.0,ADVANCED DRAINAGE SYSTEMS INC,cusip_link
11509,92929710,WMS,1604028.0,"ADVANCED DRAINAGE SYSTEMS, INC.",ticker_fallback
11259,93114210,WMT,104169.0,Walmart Inc.,ticker_fallback
179253,96950K10,WMZ,1411583.0,WILLIAMS PIPELINE PARTNERS LP,cusip_link
24720,92956610,WNC,879526.0,WABASH NATIONAL Corp,ticker_fallback
64708,80669310,WNI,,,not_found
165652,95931910,WNR,,,not_found
18431,95931Q20,WNRL,1581908.0,WESTERN REFINING LOGISTICS LP,cusip_link
161056,39152310,WOLF,895419.0,"WOLFSPEED, INC.",ticker_fallback
37502,71601V10,WOOF,1826470.0,Petco Health & Wellness Company Inc,cusip_link
24539,91819410,WOOF,1826470.0,"Petco Health & Wellness Company, Inc.",ticker_fallback
11600,98181110,WOR,108516.0,"WORTHINGTON ENTERPRISES, INC.",ticker_fallback
35133,83088V10,WORK,,,not_found
34766,78396V20,WORX,1674227.0,SCWorx Corp,cusip_link
31466,96758W10,WOW,1701051.0,WideOpenWest Inc,cusip_link
11300,38463710,WPO,,,not_found
11315,94331510,WPP,806968.0,WPP plc,ticker_fallback
18179,98159G10,WPT,1574963.0,WORLD POINT TERMINALS LP,cusip_link
187128,98212B10,WPX,1518832.0,WPX ENERGY INC,cusip_link
6338,30034W10,WR,1711269.0,Evergy Inc,cusip_link
39502,93403J10,WRBY,1504776.0,Warby Parker Inc,cusip_link
13990,93439040,WRC,,,not_found
29138,96812T10,WRD,1681714.0,WildHorse Resource Development Corp,cusip_link
151632,93564A10,WRES,892986.0,WARREN RESOURCES INC,cusip_link
32228,03038220,WRLS,1704760.0,American Virtual Cloud Technologies Inc,cusip_link
29634,87970T20,WRLS,915324.0,TELULAR CORP,cusip_link
33550,98212N10,WRTC,1702924.0,WRAP TECHNOLOGIES INC,cusip_link
43651,98210410,WS,1968487.0,"Worthington Steel, Inc.",ticker_fallback
11371,95081710,WSC,1647088.0,WillScot Holdings Corp,ticker_fallback
11302,92932Q10,WSCI,104897.0,WSI INDUSTRIES INC,cusip_link
120835,94107520,WSII,,,not_found
11511,96990410,WSM,719955.0,WILLIAMS SONOMA INC,ticker_fallback
11313,94262220,WSO,105016.0,WATSCO INC,ticker_fallback
11376,95530610,WST,105770.0,WEST PHARMACEUTICAL SERVICES INC,ticker_fallback
64055,95235520,WSTC,,,not_found
61028,94676010,WSTG,,,not_found
61646,95754130,WSTL,,,not_found
160341,92922P10,WTI,1288403.0,W&T OFFSHORE INC,cusip_link
8542,29670G10,WTR,,,not_found
34439,93075220,WTRH,,,not_found
12445,94274910,WTS,795403.0,WATTS WATER TECHNOLOGIES INC,ticker_fallback
22612,96184010,WTSLA,,,not_found
24610,97652410,WTT,,,not_found
29680,81617J30,WTTR,1693256.0,Select Energy Services Inc,cusip_link
109930,98256910,WUHN,,,not_found
40413,88080T10,WULF,1083301.0,TERAWULF INC,cusip_link
30666,96913610,WVVI,838875.0,WILLAMETTE VALLEY VINEYARDS INC,ticker_fallback
13540,96624410,WWAV,,,not_found
177674,96169B10,WWAY,1361872.0,SHERMEN WSC ACQUISITION CORP,cusip_link
125240,87256C10,WWE,1973266.0,TKO Group Holdings Inc,cusip_link
25007,97476P20,WWIN,808011.0,WINNER MEDICAL GROUP INC,cusip_link
11291,02153V10,WWVY,,,not_found
11566,97809710,WWW,110471.0,WOLVERINE WORLD WIDE INC /DE/,ticker_fallback
163916,94733A10,WWWW,1095291.0,WEBCOM GROUP INC,cusip_link
11462,41031510,WXCO,,,not_found
162385,96208T10,WXS,1309108.0,WEX INC,cusip_link
11456,96216610,WY,106535.0,WEYERHAEUSER CO,ticker_fallback
149318,98313410,WYNN,1174922.0,WYNN RESORTS LTD,ticker_fallback
62057,96759020,WYY,1034760.0,WIDEPOINT CORP,ticker_fallback
127475,30277110,WZE,,,not_found
23978,91290910,X,,,not_found
28775,98384510,XATA,,,not_found
237269,98401560,XBIO,1534525.0,"Xenetic Biosciences, Inc.",ticker_fallback
26337,98415E30,XCOM,1122051.0,XTERA COMMUNICATIONS INC,cusip_link
33499,30205M30,XCUR,1698530.0,EXICURE INC,cusip_link
150699,17179810,XEC,,,not_found
7977,98389B10,XEL,72903.0,XCEL ENERGY INC,cusip_link
32074,30162V80,XELA,1620179.0,Exela Technologies Inc,cusip_link
21006,46071F10,XENT,,,not_found
33660,98422E10,XERS,1867096.0,Xeris Biopharma Holdings Inc,cusip_link
13443,98390910,XETA,,,not_found
147750,62943B10,XFN,1126216.0,NTS INC,cusip_link
26528,30068X10,XGN,1274737.0,EXAGEN INC,cusip_link
289735,92836Y40,XGTI,,,not_found
13634,30205120,XIDE,,,not_found
144375,30218U30,XJT,1144331.0,EXPRESSJET HOLDINGS INC,cusip_link
37594,9837FR20,XL,,,not_found
22325,98391910,XLNX,,,not_found
39806,98422T10,XLO,1840233.0,Xilio Therapeutics Inc,cusip_link
18510,00434H10,XLRN,,,not_found
189490,30162A10,XLS,1524471.0,EXELIS INC,cusip_link
34326,74760120,XM,,,not_found
39065,98423F10,XMTR,1657573.0,Xometry Inc,cusip_link
18938,98401F10,XNCR,1326732.0,XENCOR INC,cusip_link
116895,98411710,XNN,,,not_found
162809,98411C10,XNPT,1130591.0,XENOPORT INC,cusip_link
27677,30227M30,XOG,,,not_found
4503,30231G10,XOM,34088.0,EXXON MOBIL CORP,cusip_link
12252,98419J20,XOMA,791908.0,XOMA Royalty Corp,ticker_fallback
18315,74017N10,XON,1356090.0,PRECIGEN INC,cusip_link
17012,30210410,XONE,,,not_found
39472,98423B30,XOS,1819493.0,"Xos, Inc.",ticker_fallback
162400,98379L10,XPEL,1767258.0,XPEL Inc,cusip_link
41539,98423J10,XPER,1788999.0,Xperi Inc,cusip_link
30473,8342EP10,XPL,917225.0,SOLITARIO EXPLORATION & ROYALTY CORP,cusip_link
64668,98395070,XPLR,,,not_found
144998,98379310,XPO,1166003.0,"XPO, Inc.",ticker_fallback
39276,98422X10,XPOF,1802156.0,Xponential Fitness Inc,cusip_link
40849,30218B20,XPON,1894954.0,Expion360 Inc.,ticker_fallback
155933,52323410,XPRT,,,not_found
13700,24906P10,XRAY,818479.0,DENTSPLY SIRONA Inc,cusip_link
12189,98385710,XRIT,,,not_found
160282,98416J11,XRM,,,not_found
11636,98421M10,XRX,1770450.0,Xerox Holdings Corp,ticker_fallback
33429,92733020,XSPL,,,not_found
150277,29336U10,XTEX,1179060.0,ENLINK MIDSTREAM PARTNERS LP,cusip_link
24074,98386L10,XTLY,,,not_found
28256,98385X10,XTO,868809.0,XTO ENERGY INC,cusip_link
157074,22765Y10,XTXI,1209821.0,CROSSTEX ENERGY INC,cusip_link
176068,98145W20,XWES,1371781.0,World Energy Solutions Inc,cusip_link
140759,45071R10,XXIA,1120295.0,IXIA,cusip_link
189491,98419M10,XYL,1524472.0,XYLEM INC,cusip_link
33798,98529410,YAYO,,,not_found
21017,98600P20,YDLE,1161315.0,YODLEE INC,cusip_link
65771,98752010,YDNT,,,not_found
196268,98581710,YELP,1345016.0,YELP INC,ticker_fallback
26725,98475Y10,YERR,,,not_found
27653,98585X10,YETI,1670592.0,YETI Holdings Inc,cusip_link
30622,98585N10,YEXT,1614178.0,Yext Inc,cusip_link
187665,98753720,YGYI,,,not_found
34135,98424110,YMAB,,,not_found
37588,49461C10,YMTX,1445283.0,KINETA INC/DE,cusip_link
24658,45166V20,YOD,,,not_found
32192,98600510,YOGA,,,not_found
178003,98607B10,YONG,1398551.0,YONGYE INTERNATIONAL INC,cusip_link
11657,98718410,YORW,108985.0,YORK WATER CO,ticker_fallback
40658,98740Y30,YOSH,,,not_found
38954,18467V10,YOU,1856314.0,Clear Secure Inc,cusip_link
11649,98551010,YRCW,,,not_found
114959,98843210,YUII,,,not_found
65417,98849810,YUM,1041061.0,YUM BRANDS INC,ticker_fallback
28788,98872F20,YUMA,,,not_found
28499,98850P10,YUMC,1673358.0,Yum China Holdings Inc,cusip_link
18271,98872B10,YUME,1415624.0,YUME INC,cusip_link
187039,98954M20,Z,1617640.0,ZILLOW GROUP INC,cusip_link
177975,98884U10,ZAGG,1296205.0,ZAGG INC,cusip_link
61610,98906R20,ZANE,,,not_found
21433,98919V10,ZAYO,1608249.0,Zayo Group Holdings Inc,cusip_link
272699,29359T10,ZBB,,,not_found
50517,98937L10,ZBIO,1953926.0,Zenas BioPharma Inc,cusip_link
24405,98920710,ZBRA,877212.0,ZEBRA TECHNOLOGIES CORP,ticker_fallback
27318,98923T10,ZDGE,1667313.0,Zedge Inc,cusip_link
20229,98936J10,ZEN,1463172.0,Zendesk Inc,cusip_link
39748,98944F10,ZEO,1865506.0,Zeo Energy Corp,cusip_link
178538,98944B10,ZEP,1408287.0,ZEP INC,cusip_link
27086,27888N40,ZEST,1437491.0,RiskOn International Inc,cusip_link
38708,98956A10,ZETA,1851003.0,Zeta Global Holdings Corp,cusip_link
29870,68162K10,ZEUS,917470.0,OLYMPIC STEEL INC,cusip_link
34459,53228T20,ZEV,,,not_found
37416,98955G10,ZFOX,1823575.0,ZeroFox Holdings Inc,cusip_link
145228,98985T10,ZGEN,1129425.0,ZYMOGENETICS INC,cusip_link
179686,98978L20,ZGNX,1375151.0,ZOGENIX INC,cusip_link
22638,98980F10,ZI,,,not_found
11694,98985510,ZIGO,,,not_found
40758,98888T10,ZIMV,1876588.0,ZimVie Inc,cusip_link
176639,44069430,ZINC,,,not_found
165215,98973P30,ZIOP,,,not_found
184981,98974X10,ZIP,1131457.0,ZIPCAR INC,cusip_link
38744,98980B10,ZIP,1617553.0,ZIPRECRUITER INC,cusip_link
137441,98978N30,ZIVO,1101026.0,Zivo Bioscience Inc,cusip_link
16531,98974P10,ZIXI,855612.0,ZIX CORP,cusip_link
11669,98885810,ZLC,,,not_found
187653,98933Q10,ZLTQ,1415336.0,ZELTIQ AESTHETICS INC,cusip_link
35005,98980L10,ZM,1585521.0,Zoom Video Communications Inc,cusip_link
144559,98956P10,ZMH,1136869.0,ZIMMER BIOMET HOLDINGS INC,cusip_link
163822,98969610,ZN,,,not_found
187576,98986T10,ZNGA,1439404.0,ZYNGA INC,cusip_link
36301,98943L10,ZNTL,1725160.0,Zentalis Pharmaceuticals Inc,cusip_link
20113,98979J10,ZOES,1594879.0,Zoe's Kitchen Inc,cusip_link
25579,98992210,ZOLL,,,not_found
25918,98975W10,ZOLT,890923.0,ZOLTEK COMPANIES INC,cusip_link
43674,18449210,ZONE,1956741.0,"CleanCore Solutions, Inc.",ticker_fallback
183612,98976E40,ZOOM,,,not_found
38485,98906V10,ZPTA,1843714.0,Zapata Computing Holdings Inc,cusip_link
12868,74838C10,ZQK,805305.0,QUIKSILVER INC,cusip_link
61737,98975F10,ZRAN,1003022.0,ZORAN CORP \DE\,cusip_link
33037,98980G10,ZS,1713683.0,Zscaler Inc,cusip_link
21003,98979H30,ZSAN,1587221.0,Zosano Pharma Corp,cusip_link
20611,98979G10,ZSPH,1459266.0,ZS PHARMA INC,cusip_link
183228,98878T20,ZSTN,,,not_found
13721,98978V10,ZTS,1555280.0,ZOETIS INC,cusip_link
18900,98977410,ZU,,,not_found
162988,98981710,ZUMZ,1318008.0,Zumiez Inc,ticker_fallback
33232,98983V10,ZUO,1423774.0,ZUORA INC,cusip_link
39197,98955K10,ZVIA,1854139.0,Zevia PBC,cusip_link
38804,98987D30,ZVSA,1859007.0,"ZyVersa Therapeutics, Inc.",ticker_fallback
38493,98985X10,ZY,1645842.0,Zymergen Inc,cusip_link
31059,98985Y10,ZYME,1937653.0,Zymeworks Inc,cusip_link
25128,98986X10,ZYNE,1621443.0,Zynerba Pharmaceuticals Inc,cusip_link
129441,98986M10,ZYXI,846475.0,ZYNEX INC,cusip_link
8101,81213930,ZZ,,,not_found
36153,00175J10,,1015383.0,AMMO INC,cusip_link
24670,00193020,,879796.0,ARI NETWORK SERVICES INC /WI,cusip_link
12713,00289Y20,,318306.0,ABEONA THERAPEUTICS INC,cusip_link
145979,00439T20,,817979.0,ACCURIDE CORP,cusip_link
182826,00547W30,,887247.0,Adamis Pharmaceuticals Corp,cusip_link
37749,01861F10,,,,not_found
12717,03528H10,,715446.0,Anixa Biosciences Inc,cusip_link
63081,03850540,,,,not_found
29064,04004410,,894871.0,Arena Group Holdings Inc,cusip_link
18666,04367G10,,876378.0,ASENSUS SURGICAL INC,cusip_link
140042,04537Y20,,926617.0,Aspira Women's Health Inc,cusip_link
22136,04983620,,949721.0,Attis Industries Inc,cusip_link
190355,05463X10,,805928.0,AxoGen Inc,cusip_link
64645,09060C50,,1019034.0,BIO KEY INTERNATIONAL INC,cusip_link
17199,09062W20,,834365.0,BIOLIFE SOLUTIONS INC,cusip_link
38200,09068310,,1819253.0,biote Corp,cusip_link
177945,09625U10,,1392091.0,Blueknight Energy Partners LP,cusip_link
13582,12619F10,,814676.0,CPS TECHNOLOGIES CORP/DE/,cusip_link
19205,14070B30,,1133869.0,CAPRICOR THERAPEUTICS INC,cusip_link
175269,15118V20,,1341766.0,CELSIUS HOLDINGS INC,cusip_link
26809,15713L10,,1053691.0,CervoMed Inc,cusip_link
14983,15870P30,,771856.0,CHAMPIONS ONCOLOGY INC,cusip_link
3607,16389320,,,,not_found
12884,20586240,,,,not_found
11286,22289210,,,,not_found
23790,22889510,,,,not_found
179454,24345A50,,1505611.0,DecisionPoint Systems Inc,cusip_link
9551,25400W10,,317788.0,Digital Turbine Inc,cusip_link
158055,26745T10,,1213809.0,DYADIC INTERNATIONAL INC,cusip_link
65812,27876L20,,,,not_found
124036,28225C80,,1066194.0,EGAIN COMMUNICATIONS CORP,cusip_link
32858,29014R20,,,,not_found
114698,29076N20,,1046995.0,EMAGIN CORP,cusip_link
63698,29206E10,,1019272.0,EMPIRE RESOURCES INC /NEW/,cusip_link
185323,29358Y20,,,,not_found
18108,31788H30,,,,not_found
21663,31797010,,,,not_found
14112,35518410,,,,not_found
11708,36077T20,,725876.0,Function(x) Inc,cusip_link
3691,36254L30,,,,not_found
19129,40609P10,,788965.0,HALLADOR ENERGY CO,cusip_link
5792,44845110,,,,not_found
18566,45254C20,,1208261.0,IMMUNE PHARMACEUTICALS INC,cusip_link
28374,45875130,,,,not_found
25302,46121E30,,,,not_found
183139,46520M20,,843006.0,ISSUER DIRECT CORP,cusip_link
25848,48836020,,,,not_found
184070,49579A30,,,,not_found
30281,50345960,,,,not_found
25978,55347740,,,,not_found
21082,55414P70,,1109196.0,MABVAX THERAPEUTICS HOLDINGS INC,cusip_link
7107,57667410,,,,not_found
7183,58354330,,,,not_found
121662,58513U10,,1078099.0,Meet Group Inc,cusip_link
61496,59935P20,,855683.0,MILESTONE SCIENTIFIC INC/NJ,cusip_link
14113,60671020,,,,not_found
60911,63888P40,,912061.0,NATURAL HEALTH TRENDS CORP,cusip_link
25924,63937X20,,810509.0,NAVIDEA BIOPHARMACEUTICALS INC,cusip_link
178153,64051M70,,87050.0,Neonode Inc,cusip_link
144887,66737P60,,1072379.0,NORTHWEST BIOTHERAPEUTICS INC,cusip_link
24842,74029440,,,,not_found
9330,74373P10,,315545.0,PROVECTUS BIOPHARMACEUTICALS INC,cusip_link
13239,75991010,,,,not_found
12658,78410920,,,,not_found
184592,79379T20,,,,not_found
23623,79957L10,,714256.0,Sanara MedTech Inc,cusip_link
61709,83215610,,,,not_found
6242,83272A10,,,,not_found
13176,83548310,,,,not_found
13409,84490920,,,,not_found
35530,85236P10,,1043186.0,Stabilis Energy Inc,cusip_link
12256,85812220,,,,not_found
177528,87288V10,,1320760.0,TSS INC,cusip_link
10364,87840910,,,,not_found
61711,88322Q10,,1001316.0,TG THERAPEUTICS INC,cusip_link
10930,91154910,,,,not_found
184241,91324T30,,826773.0,UNITEK GLOBAL SERVICES INC,cusip_link
183704,92534K10,,890447.0,Vertex Energy Inc,cusip_link
136648,92839U20,,1111335.0,VISTEON CORP,cusip_link
24803,92849730,,,,not_found
11213,92870310,,,,not_found
143710,96951A10,,1136294.0,Williams Industrial Services Group Inc,cusip_link
