gvkey,CUSIP,ticker,CIK,CoName,cik_source
178698,00030710,AAC,0001606180,AAC Holdings Inc,cusip_link
039527,00032Q10,AADI,0001422142,Aadi Bioscience Inc,cusip_link
021542,00036020,AAON,0000824142,AAON INC,cusip_link
001004,00036110,AIR,0000001750,AAR CORP,cusip_link
164506,00081T10,ABD,0000712034,ACCO BRANDS Corp,cusip_link
065569,00086T10,ACMR,0001042809,AC MOORE ARTS & CRAFTS INC,cusip_link
001013,00088630,ADCT,0000061478,ADC TELECOMMUNICATIONS INC,cusip_link
061523,00088U10,ADAM,0000863650,ADAM INC,cusip_link
017653,00089910,ADMA,0001368514,R&R ACQUISITION VI INC,cusip_link
032930,00090Q10,ADT,0001703056,ADT Inc,cusip_link
039175,00091E10,ABSI,0001672688,Absci Corp,cusip_link
039801,00091F30,ABVC,0001173313,"ABVC BIOPHARMA, INC.",ticker_fallback
038374,00091G10,ACVA,0001637873,ACV Auctions Inc,cusip_link
001410,00095710,ABM,0000771497,ABM INDUSTRIES INC /DE/,cusip_link
014438,00101J10,ADT,0001546640,ADT CORP,cusip_link
011903,00103110,AEPI,0000785787,AEP INDUSTRIES INC,cusip_link
025180,00108410,AGCO,0000880266,AGCO CORP /DE,cusip_link
032638,00108J10,ACMR,0001680062,ACM Research Inc,cusip_link
011361,00108M10,WGA,0000105608,AG&E HOLDINGS INC,cusip_link
024216,00130H10,AES,0000874761,AES CORPORATION,cusip_link
039500,00152K20,AKA,0001865107,A.K.A. BRANDS HOLDING CORP.,ticker_fallback
029968,00154710,AKS,0000918160,AK STEEL HOLDING CORP,cusip_link
004090,00160010,DUCK,0000030302,ALCO STORES INC,cusip_link
037781,00161P10,ALF,0002010930,Centurion Acquisition Corp.,ticker_fallback
062582,00162710,ALJJ,0001438731,ALJ REGIONAL HOLDINGS INC,cusip_link
012250,00163U10,AMAG,0000792977,AMAG PHARMACEUTICALS INC,cusip_link
187406,00164V10,AMCX,0001514991,AMC Networks Inc,cusip_link
177637,00165C30,AMC,0001411579,AMC ENTERTAINMENT HOLDINGS INC,cusip_link
036704,00166B10,ALXO,0001810182,ALX ONCOLOGY HOLDINGS INC,cusip_link
144520,00174410,AHS,0001142750,AMN HEALTHCARE SERVICES INC,cusip_link
036153,00175J10,,0001015383,AMMO INC,cusip_link
019172,00181T10,AMRK,0001591588,A-Mark Precious Metals Inc,cusip_link
018204,00182C10,ANIP,0001023024,ANI PHARMACEUTICALS INC,cusip_link
183920,00184X10,AOL,0001468516,AOL Inc,cusip_link
061407,00185E10,APAC,0000949297,APAC CUSTOMER SERVICE INC,cusip_link
164099,00187E20,ATNY,0001081078,API Technologies Corp,cusip_link
325576,00187Y10,APG,0001796209,APi Group Corp,cusip_link
162076,00191G10,ARP,0001305168,ARC DOCUMENT SOLUTIONS INC,cusip_link
025749,00191U10,ASGN,0000890564,ASGN Inc,cusip_link
024670,00193020,,0000879796,ARI NETWORK SERVICES INC /WI,cusip_link
009899,00206R10,T,0000732717,AT&T INC,cusip_link
029274,00207R10,ATMI,0001041577,ATMI INC,cusip_link
022308,00208310,ATSI,,,not_found
141982,00208J10,ATPG,0001123647,ATP OIL & GAS CORP,cusip_link
165394,00211E10,ATSC,0001325460,ATS CORP,cusip_link
064160,00211W10,ATAC,0000933405,ATC TECHNOLOGY CORP,cusip_link
023627,00212020,LIFE,0001339970,aTYR PHARMA INC,cusip_link
019849,00212110,ATEN,0001580808,A10 Networks Inc,cusip_link
013679,00213H10,ARCW,0000826326,ARC Group Worldwide Inc,cusip_link
147101,00213J10,ATC,0001157758,ATC Ventures Group Inc,cusip_link
024708,00215F10,ATNI,0000879585,ATN International Inc,cusip_link
031292,00215L10,ASV,0001690881,ASV HOLDINGS INC,cusip_link
296677,00216W20,ATIP,0001815849,ATI Physical Therapy Inc,cusip_link
038598,00217D10,ASTS,0001780312,AST SpaceMobile Inc,cusip_link
041768,00218A10,ASPI,0001921865,ASP Isotopes Inc,cusip_link
001906,00234P10,AVTR,0000039677,AV Homes Inc,cusip_link
001072,00244410,AVX,0000859163,AVX CORP,cusip_link
110760,00246W10,AXTI,0001051627,AXT INC,cusip_link
001926,00247410,AZZ,0000008947,AZZ INC,cusip_link
024888,00256710,ABAX,0000881890,ABAXIS INC,cusip_link
037445,00258W10,AAN,0001821393,Aaron's Company Inc,cusip_link
001078,00282410,ABT,0000001800,ABBOTT LABORATORIES,cusip_link
016101,00287Y10,ABBV,0001551152,ABBVIE INC,cusip_link
063643,00289620,ANF,0001018840,ABERCROMBIE & FITCH CO /DE/,cusip_link
012713,00289Y20,,0000318306,ABEONA THERAPEUTICS INC,cusip_link
013619,00365410,ABMD,0000815094,ABIOMED INC,cusip_link
065706,00374N10,ABVT,0001043533,ABOVENET INC,cusip_link
024005,00383030,AXAS,0000867665,ABRAXAS PETROLEUM CORP,cusip_link
178855,00383Y10,ABII,0001409012,ABRAXIS BIOSCIENCES INC,cusip_link
026722,00401C10,ACIA,0001651235,Acacia Communications Inc,cusip_link
037054,00402L10,ASO,0001817358,Academy Sports & Outdoors Inc,cusip_link
192255,00404A10,ACHC,0001520697,Acadia Healthcare Company Inc,cusip_link
141846,00422510,ACAD,0001070494,ACADIA PHARMACEUTICALS INC,cusip_link
021118,00430H20,AXK,0000727207,Accelerate Diagnostics Inc,cusip_link
061656,00430U10,ACCL,0001002388,ACCELRYS INC,cusip_link
018510,00434H10,XLRN,,,not_found
036550,00436Q10,ACEL,0001698991,Accel Entertainment Inc,cusip_link
036263,00437E10,ACCD,0001481646,Accolade Inc,cusip_link
176670,00439710,ARAY,0001138723,ACCURAY INC,cusip_link
145979,00439T20,,0000817979,ACCURIDE CORP,cusip_link
186834,00439U10,ACST,,,not_found
001094,00444610,ACET,0000002034,ACETO CORP,cusip_link
019718,00444910,AKAO,0001301501,ACHAOGEN INC,cusip_link
032459,00444P10,ACER,0001069308,Acer Therapeutics Inc,cusip_link
185908,00444T20,ACRX,0001427925,TALPHERA INC,cusip_link
042892,00445A10,SLRN,0001962918,ACELYRIN Inc,cusip_link
061899,00445F10,IDRA,0000861838,Aceragen Inc,cusip_link
032271,00446850,ACHV,0000949858,ACHIEVE LIFE SCIENCES INC,cusip_link
174136,00448Q20,ACHN,0001070336,ACHILLION PHARMACEUTICALS INC,cusip_link
031564,00449810,ACIW,0000935036,ACI WORLDWIDE INC,cusip_link
025904,00461U10,ACRS,0001557746,Aclaris Therapeutics Inc,cusip_link
175111,00476410,APKT,0001130258,ACME PACKET INC,cusip_link
001104,00481610,ACU,0000002098,ACME UNITED CORP,cusip_link
156617,00484M70,ACOR,,,not_found
030576,00486H10,ADTN,0000926282,ADTRAN Holdings Inc,cusip_link
041684,00489010,ACRV,0001781174,Acrivon Therapeutics Inc,cusip_link
028678,00493410,ACTL,0000907687,ACTEL CORP,cusip_link
160281,00506D10,ACTV,0001163932,ACTIVE NETWORK INC,cusip_link
230796,00506P10,ACTI,0000803014,COMVERSE TECHNOLOGY INC/NY/,cusip_link
180405,00507V10,ATVI,0000718877,ACTIVISION BLIZZARD INC,cusip_link
016947,00507W20,ATNM,0001388320,Actinium Pharmaceuticals Inc,cusip_link
045390,00508310,ACTU,0001652935,ACTUATE THERAPEUTICS INC,cusip_link
112624,00508B10,ACTU,0001062478,ACTUATE CORP,cusip_link
146017,00508Y10,AYI,0001144215,ACUITY BRANDS INC,cusip_link
027575,00509810,GOLF,0001672013,Acushnet Holdings Corp,cusip_link
038986,00509G20,ABOS,0001576885,Acumen Pharmaceuticals Inc,cusip_link
011929,00509L80,ACUR,0000786947,ACURA PHARMACEUTICALS INC,cusip_link
036757,00511110,AFIB,0001522860,Acutus Medical Inc,cusip_link
039266,00534A10,ADGI,0001832038,Invivyd Inc,cusip_link
038056,00534B10,ADGM,0002006986,Adagio Medical Holdings Inc,cusip_link
182826,00547W30,,0000887247,Adamis Pharmaceuticals Corp,cusip_link
020042,00548A10,ADMS,0001328143,Adamas Pharmaceuticals Inc,cusip_link
041688,00548H10,JEWL,0001884072,Adamas One Corp,cusip_link
112473,00622820,ADGF,0001059763,ADAMS GOLF INC,cusip_link
001121,00635130,AE,0000002178,ADAMS RESOURCES & ENERGY INC,cusip_link
035279,00650F10,ADPT,0001478320,Adaptive Biotechnologies Corp,cusip_link
028093,00653L30,ATXG,0001650101,ADDENTAX GROUP CORP,cusip_link
035852,00653Q10,AHCO,0001725255,AdaptHealth Corp,cusip_link
183283,00673910,ADUS,0001468328,ADDUS HOMECARE CORP,cusip_link
024428,00674340,AEY,,,not_found
156153,00676P10,TSRA,,,not_found
061726,00685420,ADEP,0000865415,ADEPT TECHNOLOGY INC,cusip_link
020672,00685510,ADPT,0001602367,Adeptus Health Inc,cusip_link
026187,00687D10,IOTS,0001395848,ADESTO TECHNOLOGIES Corp,cusip_link
032395,00688A20,ADIL,0001513525,ADIAL PHARMACEUTICALS INC,cusip_link
012540,00724F10,ADBE,0000796343,ADOBE INC,cusip_link
133724,00724X10,ADLR,0001076167,ADOLOR CORP,cusip_link
003905,00737L10,DV,0000730464,Adtalem Global Education Inc,cusip_link
037949,00739D10,ADTH,0001838672,AdTheorent Holding Company Inc,cusip_link
145977,00751Y10,AAP,0001158449,ADVANCE AUTO PARTS INC,cusip_link
002831,00752H10,ABAT,0000745651,ADVANCED BATTERY TECHNOLOGIES INC,cusip_link
163679,00752J10,AATI,0001104042,ADVANCED ANALOGIC TECHNOLOGIES INC,cusip_link
023616,00754E10,API,0000869986,ADVANCED PHOTONIX INC,cusip_link
065286,00760J10,AEHR,0001040470,AEHR TEST SYSTEMS,cusip_link
145042,00762W10,ABCO,0001157377,ADVISORY BOARD CO,cusip_link
147988,00766T10,ACM,0000868857,AECOM,cusip_link
177313,00767E10,AEGR,0001338042,Aegerion Pharmaceuticals Inc,cusip_link
156578,00770C10,ADES,0001515156,ADVANCED EMISSIONS SOLUTIONS INC,cusip_link
005978,00770F10,INSU,0000353020,AEGION CORP,cusip_link
162453,00770K20,AMTX,0000738214,AEMETIS INC,cusip_link
018749,00771V10,AERI,0001337553,AERIE PHARMACEUTICALS INC,cusip_link
024599,00773J20,AGLE,0001636282,Spyre Therapeutics Inc,cusip_link
028070,00773T10,ASIX,0001673985,AdvanSix Inc,cusip_link
021020,00773U20,AAVL,0001501756,Adverum Biotechnologies Inc,cusip_link
040323,00774410,AERC,0001872356,AeroClean Technologies Inc,cusip_link
184639,00776710,ARX,0001487990,AEROFLEX HOLDING CORP,cusip_link
019898,00778610,HIVE,0001372414,AEROHIVE NETWORKS INC,cusip_link
005018,00780010,GY,0000040888,AEROJET ROCKETDYNE HOLDINGS INC,cusip_link
027148,00782L10,APFH,0001669792,AdvancePierre Foods Holdings Inc,cusip_link
038001,00788A20,ADN,,,not_found
001161,00790310,AMD,0000002488,ADVANCED MICRO DEVICES INC,cusip_link
020126,00790R10,WMS,0001604028,ADVANCED DRAINAGE SYSTEMS INC,cusip_link
016648,00790X10,ADSW,0001585790,Advanced Disposal Services Inc,cusip_link
031803,00791N10,ADV,0001776661,Advantage Solutions Inc,cusip_link
061562,00797310,AEIS,0000927003,ADVANCED ENERGY INDUSTRIES INC,cusip_link
061557,00797410,ADVS,0001002225,ADVENT SOFTWARE INC /DE/,cusip_link
001173,00801530,AIM,0000109471,AEROSONIC CORP /DE/,cusip_link
176362,00807310,AVAV,0001368622,AEROVIRONMENT INC,cusip_link
037587,00810F10,ASLE,0001754170,AerSale Corp,cusip_link
039169,00810J20,AWIN,,,not_found
039448,00818320,LIDR,0001818644,AEye Inc,cusip_link
062990,00826T10,AFFX,0000913077,AFFYMETRIX INC,cusip_link
293754,00835P10,MDGN,0001138776,Aevi Genomic Medicine LLC,cusip_link
038357,00835Q20,AEVA,0001789029,"Aeva Technologies, Inc.",ticker_fallback
180279,00836810,AGAM,0001421419,AGA MEDICAL HOLDINGS INC,cusip_link
034144,00838920,ATPC,0001713210,Agape ATP Corp,ticker_fallback
165832,00846L10,FEED,0001331427,AGFEED INDUSTRIES INC,cusip_link
126554,00846U10,A,0001090872,AGILENT TECHNOLOGIES INC,cusip_link
129466,00847G80,AGEN,0001098972,AGENUS INC,cusip_link
008599,00847J10,AGYS,0000078749,AGILYSYS INC,cusip_link
020010,00847L30,AGRX,,,not_found
018159,00847X10,AGIO,0001439222,AGIOS PHARMACEUTICALS INC,cusip_link
031954,00848J10,AGTI,0001749704,AGILITI INC \DE,cusip_link
027339,00848K30,UAVS,0000008504,AgEagle Aerial Systems Inc,cusip_link
037896,00853E40,AGFY,,,not_found
019525,00856G10,BLVD,0001592016,AgroFresh Solutions Inc,cusip_link
039490,00857F10,AGIL,0001790625,AgileThought Inc,cusip_link
038461,00857U10,AGL,0001831097,agilon health inc,cusip_link
031656,00887A20,ALRN,0001420565,AILERON THERAPEUTICS INC,cusip_link
038360,00894010,AISP,0001842566,Airship AI Holdings Inc,cusip_link
025077,00900T10,AIMT,0001631650,Aimmune Therapeutics Inc,cusip_link
037460,00906610,ABNB,0001559720,Airbnb Inc,cusip_link
013789,00912830,AIRM,0000816159,AIR METHODS CORP,cusip_link
166087,00912N40,AIRI,0001009891,AIR INDUSTRIES GROUP,ticker_fallback
186278,00912X30,AL,,,not_found
001209,00915810,APD,0000002969,AIR PRODUCTS & CHEMICALS INC /DE/,cusip_link
001210,00920710,AIRT,0000353184,AIR T INC,cusip_link
155280,00922R10,ATSG,0000894081,Air Transport Services Group Inc,cusip_link
012950,00936310,ARG,0000804212,AIRGAS INC,cusip_link
027703,00938A10,AIRG,0001272842,AIRGAIN INC,cusip_link
039830,00949610,AIRS,0001870940,Airsculpt Technologies Inc,cusip_link
030399,00949P10,AAI,0000948846,AIRTRAN HOLDINGS INC,cusip_link
137861,00951K10,MIMO,0001823882,Airspan Networks Holdings Inc,cusip_link
125595,00971T10,AKAM,0001086222,AKAMAI TECHNOLOGIES INC,cusip_link
014304,00972810,AKRX,0000003116,AKORN INC,cusip_link
019859,00972D10,AKBA,0001517022,Akebia Therapeutics Inc,cusip_link
032046,00972L10,AKCA,0001662524,AKCEA THERAPEUTICS INC,cusip_link
036572,00973J10,AKUS,0001722271,Akouos Inc,cusip_link
021042,00973N10,AKTS,0001584754,Akoustis Technologies Inc,cusip_link
035267,00973Y10,AKRO,0001744659,Akero Therapeutics Inc,cusip_link
038945,00974B10,AKLI,0001850266,Akili Inc,cusip_link
038527,00974H10,AKYA,0001711933,Akoya Biosciences Inc,cusip_link
032852,01021X10,AKU,0001776197,AKUMIN INC,cusip_link
027960,01131110,ALG,0000897077,ALAMO GROUP INC,cusip_link
001228,01161270,ALAN,0000098618,ALANCO TECHNOLOGIES INC,cusip_link
024135,01164210,ALRM,0001459200,Alarmcom Holdings Inc,cusip_link
001230,01165910,ALK,0000766421,ALASKA AIR GROUP INC,cusip_link
126555,01167P10,ALSK,0001089510,ALASKA COMMUNICATIONS SYSTEMS HOLDINGS INC,cusip_link
014084,01234810,AIN,0000003303,ALBANY INTERNATIONAL CORP /NY/,cusip_link
118081,01242310,AMRI,0001065087,ALBANY MOLECULAR RESEARCH INC,cusip_link
029751,01265310,ALB,0000915913,ALBEMARLE CORP,cusip_link
001239,01307810,ACV,0000003327,ALBERTO CULVER CO,cusip_link
025645,01309110,ACI,0001646972,Albertsons Companies Inc,cusip_link
029018,01345P10,ALBO,0001322505,ALBIREO PHARMA INC,cusip_link
027638,01387210,AA,0001675149,Alcoa Corp,cusip_link
020033,01433910,ALDR,0001423824,ALDER BIOPHARMACEUTICALS INC,cusip_link
020018,01438T10,ALDX,0001341235,Aldeyra Therapeutics Inc,cusip_link
034616,01444210,ALEC,0001653087,Alector Inc,cusip_link
146156,01449J10,IMA,0001145460,ALERE INC,cusip_link
062263,01535110,ALXN,0000835887,PROGENICS PHARMACEUTICALS INC,cusip_link
166414,01538420,ALXA,,,not_found
001266,01623010,ALCO,0000003545,ALICO INC,cusip_link
141384,01625510,ALGN,0001097149,ALIGN TECHNOLOGY INC,cusip_link
180363,01625920,ALIM,0001267602,ALIMERA SCIENCES INC,cusip_link
037084,01626L20,ALGS,0001799448,Aligos Therapeutics Inc,cusip_link
036463,01626W10,ALIT,0001809104,Alight Inc / Delaware,cusip_link
038329,01644J10,ALKT,0001529274,ALKAMI TECHNOLOGY INC,cusip_link
033721,01671P10,ALLK,0001564824,Allakos Inc,cusip_link
322154,01674450,ALLR,0001860657,"Allarity Therapeutics, Inc.",ticker_fallback
039546,01675A20,BIRD,0001653909,Allbirds Inc,cusip_link
001279,01736110,AYE,0000003673,ALLEGHENY ENERGY INC,cusip_link
010405,01741R10,ATI,0001018963,ATI INC,cusip_link
175007,01748X10,ALGT,0001362468,ALLEGIANT TRAVEL CO,cusip_link
037309,01749D10,ALGM,0000866291,ALLEGRO MICROSYSTEMS INC,cusip_link
032529,01811910,ALNA,0001624658,Allena Pharmaceuticals Inc,cusip_link
015708,01849010,AGN,0000850693,ALLERGAN INC,cusip_link
007437,01852230,ALE,0000066756,ALLETE INC,cusip_link
013657,01860630,AIQ,0000817135,Alliance HealthCare Services Inc,cusip_link
037749,01861F10,,,,not_found
166363,01861G10,AHGP,0001344980,ALLIANCE HOLDINGS GP LP,cusip_link
141236,01868030,AFOP,,,not_found
122915,01877R10,ARLP,0001086600,ALLIANCE RESOURCE PARTNERS LP,cusip_link
011554,01880210,LNT,0000352541,ALLIANT ENERGY CORP,cusip_link
035552,01917010,AESE,0001708341,Allied Gaming & Entertainment Inc,cusip_link
024837,01922220,AHPI,0000874710,ALLIED HEALTHCARE PRODUCTS INC,cusip_link
025972,01923A10,AHCI,0000890634,ALLIED HEALTHCARE INTERNATIONAL INC,cusip_link
005520,01933010,AMOT,0000046129,ALLIED MOTION TECHNOLOGIES INC,cusip_link
001308,01964550,ALY,0000003982,ALLIS CHALMERS ENERGY INC,cusip_link
177966,01973R10,ALSN,0001411207,ALLISON TRANSMISSION HOLDINGS INC,cusip_link
034161,01977010,ALLO,0001737287,Allogene Therapeutics Inc,cusip_link
133424,01977710,ALTH,0001097264,ALLOS THERAPEUTICS,cusip_link
120513,01985530,ALOY,0001080359,ALLOY INC,cusip_link
181104,01988P10,MDRX,0001124804,ALLSCRIPTS-MISYS HEALTHCARE SOLUTIONS INC,cusip_link
013800,02040910,AFAM,0000799231,ALMOST FAMILY INC,cusip_link
264265,02043Q10,ALNY,0001178670,ALNYLAM PHARMACEUTICALS INC,cusip_link
163939,02052010,ALJ,0001325955,Alon USA Energy Inc,cusip_link
015235,02052T10,ALDW,0001556766,ALON USA PARTNERS LP,cusip_link
027841,02076410,CTRA,0001704715,Alpha Metallurgical Resources Inc,cusip_link
162448,02076X10,ANR,0001301063,ALPHA NATURAL RESOURCES INC,cusip_link
062072,02077210,APT,0000884269,ALPHA PRO TECH LTD,cusip_link
160329,02079K30,GOOG,0001652044,Alphabet Inc,cusip_link
039051,02080L10,TKNO,0001850902,Alpha Teknova Inc,cusip_link
166555,02081G20,ATEC,0001350653,Alphatec Holdings Inc,cusip_link
029531,02083E20,ALPP,,,not_found
032245,02083G10,ALPN,0001626199,ALPINE IMMUNE SCIENCES INC,cusip_link
036206,02128L10,ALTG,0001759824,ALTA EQUIPMENT GROUP INC,cusip_link
030428,02133L10,SRUN,0001690769,Alta Mesa Resources Inc /DE,cusip_link
032530,02136910,ALTR,0001701732,Altair Engineering Inc,cusip_link
064550,02137330,ALTI,0001838615,"AlTi Global, Inc.",ticker_fallback
014324,02144110,ALTR,0000768251,ALTERA CORP,cusip_link
163595,02151310,PEIX,0000778164,Alto Ingredients Inc,cusip_link
011291,02153V10,WWVY,,,not_found
031249,02155H20,ALT,0001326190,Altimmune Inc,cusip_link
030655,02156B10,AYX,0001689923,Alteryx Inc,cusip_link
012485,02156K10,ATUS,0001702780,Altice USA Inc,cusip_link
035210,02156U20,MWK,,,not_found
038375,02156V10,OKLO,0001849056,Oklo Inc,cusip_link
043837,02157Q10,ANRO,0001999480,Alto Neuroscience Inc,cusip_link
176247,02208R10,AIMC,0001374535,ALTRA INDUSTRIAL MOTION CORP,cusip_link
008543,02209S10,MO,0000764180,ALTRIA GROUP INC,cusip_link
034414,02215L20,ALTM,0001692787,Altus Midstream Co,cusip_link
037355,02217A10,AMPS,0001828723,Altus Power Inc,cusip_link
045447,02230710,ALMS,0001847367,ALUMIS INC,cusip_link
064768,02313510,AMZN,0001018724,AMAZON COM INC,cusip_link
147307,02317710,EPAX,0001162315,AMBASSADORS GROUP INC,cusip_link
105346,02318N20,AMBT,0001047919,AMBIENT CORP /NY,cusip_link
185857,02318X10,AMBI,0001131543,AMBIT BIOSCIENCES CORP,cusip_link
019989,02318Y10,AMBR,0001314223,AMBER ROAD INC,cusip_link
061122,02341Q20,DIT,0000928465,AMCON DISTRIBUTING CO,cusip_link
014182,02341W10,ACO,0000813621,AMCOL INTERNATIONAL CORP,cusip_link
030612,02343610,AMED,0000896262,AMEDISYS INC,cusip_link
001393,02358610,UHAL,0000004457,AMERCO /NV/,cusip_link
010860,02360810,AEE,0001002910,AMEREN CORP,cusip_link
185128,02361E10,AMRC,0001488139,AMERESCO INC,cusip_link
024669,02364L10,ASGR,0000877476,AMERICA SERVICE GROUP INC /DE,cusip_link
038014,02369M10,RMCO,0001843656,American Acquisition Opportunity Inc,cusip_link
001045,02376R10,AMR,0001704715,"Alpha Metallurgical Resources, Inc.",ticker_fallback
179110,02385010,APP,0001336545,AMERICAN APPAREL INC,cusip_link
050688,02393910,AMTM,0002011286,Amentum Holdings Inc,cusip_link
117861,02406110,AXL,0001062231,AMERICAN AXLE & MANUFACTURING HOLDINGS INC,cusip_link
026366,02451V30,ABAT,0001576873,AMERICAN BATTERY TECHNOLOGY Co,cusip_link
165785,02505A20,ANCI,0001316645,AMERICAN CARESOURCE HOLDINGS INC,cusip_link
162897,02519540,ACLI,0001324479,AMERICAN COMMERCIAL LINES INC,cusip_link
180150,02535110,EAG,0001260996,AMERICAN DEFENSE SYSTEMS INC,cusip_link
109580,02535310,ADPI,0001028087,AMERICAN DENTAL PARTNERS INC,cusip_link
178676,02539810,ADGE,0001378706,AMERICAN DG ENERGY INC,cusip_link
001440,02553710,AEP,0000004904,AMERICAN ELECTRIC POWER COMPANY INC,cusip_link
030059,02553E10,AEO,0000919012,AMERICAN EAGLE OUTFITTERS INC,cusip_link
160874,02554F30,AMZG,0001282613,AMERICAN EAGLE ENERGY CORP,cusip_link
001468,02637510,AM,0000005133,AMERICAN GREETINGS CORP,cusip_link
065570,02707010,AIPC,0000849667,AMERICAN ITALIAN PASTA CO,cusip_link
012065,02713510,ALRN,0000774517,AMERICAN LEARNING CORP,cusip_link
138741,02744M10,AMMD,0001114200,AMERICAN MEDICAL SYSTEMS HOLDINGS INC,cusip_link
033700,02752P10,AMID,0001513965,American Midstream Partners LP,cusip_link
001523,02790410,AMAC,0000700721,AMERICAN MEDICAL ALERT CORP,cusip_link
038095,02871910,AONC,0001839998,American Oncology Network Inc,cusip_link
140757,02872310,AEZ,0001120916,AMERICAN OIL & GAS INC,cusip_link
001533,02874010,APFC,0000350832,AMERICAN PACIFIC CORP,cusip_link
036826,02875D10,AOUT,0001808997,American Outdoor Brands Inc,cusip_link
178797,02913V10,APEI,0001201792,AMERICAN PUBLIC EDUCATION INC,cusip_link
165358,02916P10,ARII,0001344596,AMERICAN RAILCAR INDUSTRIES INC/DE,cusip_link
026126,02922710,ARA,,,not_found
025589,02927U20,AREC,0001590715,American Resources Corp,cusip_link
001554,02942910,ASEI,0000005768,AMERICAN SCIENCE & ENGINEERING INC,cusip_link
001559,02959510,AMS,0000744825,AMERICAN SHARED HOSPITAL SERVICES,cusip_link
001562,02968310,AMSWA,0000713425,AMERICAN SOFTWARE INC,cusip_link
009849,02989910,AWR,0001056903,AMERICAN STATES WATER CO,cusip_link
024795,03011120,AMSC,0000880807,AMERICAN SUPERCONDUCTOR CORP /DE/,cusip_link
001585,03037110,AVD,0000005981,AMERICAN VANGUARD CORP,cusip_link
032228,03038220,WRLS,0001704760,American Virtual Cloud Technologies Inc,cusip_link
179437,03042010,AWK,0001410636,American Water Works Company Inc,cusip_link
036950,03044L20,AMWL,0001393584,American Well Corp,cusip_link
012379,03050610,AMWD,0000794619,AMERICAN WOODMARK CORP,cusip_link
013602,03062T10,CRMT,0000799850,AMERICAS CARMART INC,cusip_link
029143,03070Q10,ASCA,0000912145,AMERISTAR CASINOS INC,cusip_link
001593,03071010,AMN,0000790730,AMERON INTERNATIONAL CORP,cusip_link
031673,03073E10,ABC,0001140859,AMERISOURCEBERGEN CORP,cusip_link
061839,03097510,APU,0000932628,AMERIGAS PARTNERS LP,cusip_link
036863,03109420,AMST,0001807166,Amesite Inc.,ticker_fallback
001598,03110010,AME,0001037868,AMETEK INC/,cusip_link
001602,03116210,AMGN,0000318154,AMGEN INC,cusip_link
175008,03152W10,FOLD,0001023024,BIOSANTE PHARMACEUTICALS INC,cusip_link
110039,03165210,AMKR,0001047127,AMKOR TECHNOLOGY INC,cusip_link
018888,03168L10,AMRX,0001723128,Amneal Pharmaceuticals Inc,cusip_link
001611,03201570,AMPL,0000731859,AMPAL-AMERICAN ISRAEL CORP,cusip_link
001613,03203710,AP,0000006176,AMPCO PITTSBURGH CORP,cusip_link
014282,03209510,APH,0000820313,AMPHENOL CORP /DE/,cusip_link
020659,03209R10,AMPH,0001297184,AMPHASTAR PHARMACEUTICALS INC,cusip_link
184465,03209T30,AMPE,,,not_found
024990,03211L10,BETR,0001640313,Amplify Snack Brands INC,cusip_link
017396,03211Q20,AMPG,0001518461,AmpliTech Group Inc,cusip_link
194755,03212B10,MPO,0001533924,Amplify Energy Corp,cusip_link
039555,03213A10,AMPL,0001866692,Amplitude Inc,cusip_link
040636,03214Q10,AMPX,0001899287,Amprius Technologies Inc,cusip_link
008864,03233250,ASYS,0000720500,AMTECH SYSTEMS INC,cusip_link
024843,03234610,AMLN,0000881464,AMYLIN PHARMACEUTICALS INC,cusip_link
184717,03236M20,AMRS,0001365916,AMYRIS INC,cusip_link
040470,03237H10,AMLX,0001658551,Amylyx Pharmaceuticals Inc,cusip_link
179438,03242010,ANAC,,,not_found
011923,03251110,APC,0000773910,ANADARKO PETROLEUM CORP,cusip_link
031743,03251510,ANAD,0000940332,ANADIGICS INC,cusip_link
157414,03252Q40,ANDS,0001128495,ANADYS PHARMACEUTICALS INC,cusip_link
001632,03265410,ADI,0000006281,ANALOG DEVICES INC,cusip_link
001633,03265720,ALOG,0000006284,ANALOGIC CORP,cusip_link
001634,03268120,ANLY,0000006292,ANALYSTS INTERNATIONAL CORP,cusip_link
026162,03272410,ANAB,0001370053,ANAPTYSBIO INC,cusip_link
034236,03272L10,PLAN,0001540755,Anaplan Inc,cusip_link
001635,03274410,ANEN,0000006314,ANAREN MICROWAVE INC,cusip_link
166447,03279730,AVXL,0001314052,ANAVEX LIFE SCIENCES CORP,cusip_link
183352,03280310,ACOM,0001469433,ANCESTRYCOM INC,cusip_link
010466,03349M10,TSO,0000050104,ANDEAVOR,cusip_link
186206,03350F10,TLLP,0001507615,ANDEAVOR LOGISTICS LP,cusip_link
001659,03416410,ANDE,0000821026,ANDERSONS INC,cusip_link
038706,03456910,ANEB,0001815974,Anebulo Pharmaceuticals Inc,cusip_link
188155,03475410,ANGI,0001491778,ANGIE'S LIST INC,cusip_link
264387,03475V10,ANGO,0001275187,ANGIODYNAMICS INC,cusip_link
028209,03525510,ANIK,0000898437,ANIKA THERAPEUTICS INC,cusip_link
176361,03525N10,AHII,0001372813,ANIMAL HEALTH HOLDINGS INC,cusip_link
012717,03528H10,,0000715446,Anixa Biosciences Inc,cusip_link
006196,03529010,AXE,0000052795,ANIXTER INTERNATIONAL INC,cusip_link
021828,03562310,ANN,0000874214,ANN INC,cusip_link
036768,03589W10,ANNX,0001528115,Annexon Inc,cusip_link
197956,03600T10,BNNY,,,not_found
035416,03615A10,ANVS,0001477845,Annovis Bio Inc,cusip_link
063080,03662Q10,ANSS,0001013462,ANSYS INC,cusip_link
160447,03662X10,ANSW,0001283073,ANSWERS CORP,cusip_link
063700,03664210,AIS,0001016169,MEDI JECT CORP /MN/,cusip_link
019770,03673L10,AM,0001598968,Antero Midstream Partners LP,cusip_link
183879,03674U30,ANTH,0001316175,Anthera Pharmaceuticals Inc,cusip_link
018465,03674X10,AR,0001433270,ANTERO RESOURCES CORP,cusip_link
031109,03676B10,AMGP,0001623925,Antero Midstream Corp,cusip_link
020961,03676C10,PDVW,0001304492,Anterix Inc,cusip_link
040833,03732610,ANTX,0001880438,AN2 Therapeutics Inc,cusip_link
180636,03739T10,AONE,0001167178,A123 SYSTEMS INC,cusip_link
124634,03740A10,AXN,0001060426,AOXING PHARMACEUTICAL COMPANY INC,cusip_link
001678,03743Q10,APA,0001841666,APA Corp,cusip_link
026359,03753U10,APLS,,,not_found
001686,03759810,APOG,0000006845,APOGEE ENTERPRISES INC,cusip_link
036869,03759B10,APGN,0001814140,Apexigen Inc,cusip_link
031122,03760410,APOL,0000929887,APOLLO GROUP INC,cusip_link
032809,03763A20,AMEH,0001083446,Apollo Medical Holdings Inc,cusip_link
023423,03765N10,APIC,0001324772,Apigee Corp,cusip_link
029687,03767D10,APEN,0001251769,Apollo Endosurgery Inc,cusip_link
043091,03770N10,APGE,0001974640,Apogee Therapeutics Inc,cusip_link
031236,03782L10,APPN,0001441683,APPIAN CORP,cusip_link
001690,03783310,AAPL,0000320193,Apple Inc,cusip_link
024071,03783C10,APPF,0001433195,APPFOLIO INC,cusip_link
037946,03783T10,APPH,0001807707,AppHarvest Inc,cusip_link
036759,03798830,AUVI,,,not_found
146738,03816920,APLD,0001144879,Applied Digital Corp,cusip_link
025088,03819M10,AERG,0000879911,APPLIED ENERGETICS INC,cusip_link
002101,03820C10,AIT,0000109563,APPLIED INDUSTRIAL TECHNOLOGIES INC,cusip_link
019967,03820J10,AGTC,0001273636,APPLIED GENETIC TECHNOLOGIES CORP,cusip_link
001704,03822210,AMAT,0000006951,APPLIED MATERIALS INC /DE,cusip_link
065904,03822W40,AMCC,0000711065,APPLIED MICRO CIRCUITS CORP,cusip_link
027997,03823710,APSG,0000741696,APPLIED SIGNAL TECHNOLOGY INC,cusip_link
018564,03823U10,AAOI,0001158114,"APPLIED OPTOELECTRONICS, INC.",ticker_fallback
036496,03824M10,AMTI,0001801777,Applied Molecular Transport Inc,cusip_link
035091,03828A10,APLT,0001697532,Applied Therapeutics Inc,cusip_link
038212,03831W10,APP,0001751008,AppLovin Corp,cusip_link
028176,03833610,ATR,0000896622,APTARGROUP INC,cusip_link
178798,03834A10,AREX,0001405073,Approach Resources Inc,cusip_link
165286,03834B30,APCX,0001070050,AppTech Payments Corp.,ticker_fallback
027909,03835C10,APTI,0001419625,Apptio Inc,cusip_link
037826,03836A10,APR,0001735803,Apria Inc,cusip_link
035648,03836J20,APRE,0001781983,Aprea Therapeutics Inc,cusip_link
033643,03836N10,APTX,0001674365,Aptinyx Inc,cusip_link
012719,03837C10,BVX,0000719135,Apyx Medical Corp,cusip_link
275862,03842K30,AQB,0001603978,AQUABOUNTY TECHNOLOGIES INC,ticker_fallback
032524,03842Q10,AQ,0001316016,AQUANTIA CORP,cusip_link
033743,03843E10,AQST,0001398733,Aquestive Therapeutics Inc,cusip_link
063081,03850540,,,,not_found
186858,03852U10,ARMK,0001584509,Aramark,ticker_fallback
017567,03874P10,PETX,0001509190,ARATANA THERAPEUTICS INC,cusip_link
160867,03875P40,ARBX,0001136655,ARBINET CORP,cusip_link
142748,03875Q10,ARB,0000109758,ARBITRON INC,cusip_link
018866,03879N10,ARCX,0001578685,MIDCOAST ENERGY PARTNERS LP,cusip_link
019832,03890D10,VSAR,0001513818,Aravive Inc,cusip_link
023098,03901430,RKDA,0001469443,"Arcadia Biosciences, Inc.",ticker_fallback
148234,03920910,KAD,0001071941,ARCADIA RESOURCES INC,cusip_link
001743,03937C10,ABFS,0000894405,ARCBEST CORP /DE/,cusip_link
117862,03937R10,ARJ,0001072343,ARCH CHEMICALS INC,cusip_link
040610,03940C10,ACLX,0001786205,Arcellx Inc,cusip_link
037164,03940F10,LFG,,,not_found
014793,03940R10,ARCH,0001037676,ARCH RESOURCES INC,cusip_link
040092,03945R10,ACHR,0001824502,Archer Aviation Inc,cusip_link
001722,03948310,ADM,0000007084,ARCHER DANIELS MIDLAND CO,cusip_link
183554,03956P10,ARCL,0001470699,ARCHIPELAGO LEARNING INC,cusip_link
175741,03957U10,EXLP,0001367064,Archrock Partners LP,cusip_link
065009,03957W10,EXH,0001389050,Archrock Inc,cusip_link
032456,03958720,FUV,0001558583,Arcimoto Inc,cusip_link
328795,03965310,ACA,0001739445,Arcosa Inc,cusip_link
179378,03966610,ARST,0001368582,ARCSIGHT INC,cusip_link
035978,03966V10,ARNC,0001790982,Arconic Corp,cusip_link
022461,03967010,ACAT,0000719866,ARCTIC CAT INC,cusip_link
020645,03969710,ARDX,0001437402,ARDELYX INC,cusip_link
033133,03969F10,RCUS,0001724521,Arcus Biosciences Inc,cusip_link
036028,03969K10,ARQT,0001787306,Arcutis Biotherapeutics Inc,cusip_link
133328,03969P10,RDEA,0001103390,ARDEA BIOSCIENCES INC/DE,cusip_link
032715,03969T10,ARCT,0001768224,Arcturus Therapeutics Holdings Inc.,ticker_fallback
001728,03976210,ARDNA,0000225051,ARDEN GROUP INC,cusip_link
034526,03980N10,ARDT,0001756655,Ardent Health Partners Inc,cusip_link
029064,04004410,,0000894871,Arena Group Holdings Inc,cusip_link
138122,04004760,ARNA,0001080709,ARENA PHARMACEUTICALS INC,cusip_link
142945,04004910,ARD,0001123871,ARENA RESOURCES INC,cusip_link
008832,04010E10,AGX,0000100591,ARGAN INC,cusip_link
161965,04014910,STST,0000026537,ARGON ST INC,cusip_link
187720,04022120,ARGS,,,not_found
033855,04033410,ARDS,,,not_found
030674,04033A10,ARIA,0000884731,ARIAD PHARMACEUTICALS INC,cusip_link
121493,04033V20,ARBA,0001084755,ARIBA INC,cusip_link
039820,04035M10,ARHS,0001875444,Arhaus Inc,cusip_link
020748,04041320,ANET,0001596532,"Arista Networks, Inc.",ticker_fallback
039726,04041L10,ARIS,0001865187,Aris Water Solutions Inc,cusip_link
011872,04071210,ARKR,0000779544,ARK RESTAURANTS CORP,cusip_link
312066,04124210,ARKO,0001823794,ARKO Corp,cusip_link
033766,04206A10,ARLO,0001736946,Arlo Technologies Inc,cusip_link
332115,04216R10,ARMP,0000921114,Armata Pharmaceuticals Inc,cusip_link
178995,04218220,CNAM,0001410711,Armco Metals Holdings Inc,cusip_link
043588,04225510,BTOC,0001972529,Armlogi Holding Corp.,ticker_fallback
032895,04225U10,ARMO,0001693664,ARMO BioSciences Inc,cusip_link
026343,04238R10,AFI,0001655075,Armstrong Flooring Inc,cusip_link
175689,04247X10,AWI,0000007431,ARMSTRONG WORLD INDUSTRIES INC,cusip_link
029762,04268220,ARTX,0000916529,AROTECH CORP,cusip_link
063789,04269E10,ARQL,0001019695,ARQULE INC,cusip_link
141197,04269X10,ARRY,0001100412,ARRAY BIOPHARMA INC,cusip_link
037200,04271T10,ARRY,0001820721,Array Technologies Inc,cusip_link
043861,04272N10,AVBP,0001868279,ArriVent Biopharma Inc,cusip_link
001773,04273510,ARW,0000007536,ARROW ELECTRONICS INC,cusip_link
028806,04280A10,ARWR,0000879407,ARROWHEAD PHARMACEUTICALS INC,cusip_link
122159,04289L10,ARTG,0001086195,ART TECHNOLOGY GROUP INC,cusip_link
039805,04302A10,AIP,0001667011,Arteris Inc,cusip_link
017341,04311320,ARTNA,0000863110,ARTESIAN RESOURCES CORP,cusip_link
061996,04313610,ARTC,0001005010,ARTHROCARE CORP,cusip_link
001783,04316810,ARTW,0000007623,ARTS WAY MANUFACTURING CO INC,cusip_link
176781,04317610,ARUN,0001173752,ARUBA NETWORKS INC,cusip_link
038617,04317A10,ARTV,0001817241,Artiva Biotherapeutics Inc,cusip_link
034077,04335A10,ARVN,0001655759,ARVINAS INC,cusip_link
178799,04338710,ARYX,0001410064,ARYX THERAPEUTICS INC,cusip_link
036964,04342Y10,ASAN,0001477720,Asana Inc,cusip_link
144640,04343610,ABG,0001144980,ASBURY AUTOMOTIVE GROUP INC,cusip_link
004072,04351G20,DBRN,0001498301,Ascena Retail Group Inc,cusip_link
180821,04363210,ASCMA,0001437106,ASCENT CAPITAL GROUP INC,cusip_link
166460,04363580,ASTI,0001350102,"Ascent Solar Technologies, Inc.",ticker_fallback
018666,04367G10,,0000876378,ASENSUS SURGICAL INC,cusip_link
001794,04418610,ASH,0001674862,ASHLAND INC.,ticker_fallback
132518,04518A10,ASIA,0001100969,ASIAINFO-LINKAGE INC,cusip_link
187550,04523Y10,ASPN,0001145986,ASPEN AEROGELS INC,cusip_link
170920,04530L20,ASPU,0001487198,ASPEN GROUP INC,cusip_link
140042,04537Y20,,0000926617,Aspira Women's Health Inc,cusip_link
185289,04539620,VTUS,0001426800,ASSEMBLY BIOSCIENCES INC,cusip_link
031037,04544X30,ALC,0000929994,ASSISTED LIVING CONCEPTS INC,cusip_link
034330,04546L10,AMK,0001591587,AssetMark Financial Holdings Inc,cusip_link
012262,04622410,ASTE,0000792987,ASTEC INDUSTRIES INC,cusip_link
061069,04622E20,ATEA,0000945989,ASTEA INTERNATIONAL INC,cusip_link
062382,04624B10,SUPG,0000919722,ASTEX PHARMACEUTICALS INC,cusip_link
021150,04624N10,AST,0001572552,Asterias Biotherapeutics Inc,cusip_link
031653,04625J40,IONM,,,not_found
045094,04626A10,ALAB,0001736297,Astera Labs Inc,cusip_link
039136,04634X20,ASTR,0001814329,Astra Space Inc,cusip_link
023980,04635X10,CATB,0001454789,Astria Therapeutics Inc,cusip_link
001820,04638F10,ALOT,0000008146,ASTRO MED INC /NEW/,cusip_link
001823,04643310,ATRO,0000008063,ASTRONICS CORP,cusip_link
061766,04648430,ASTC,0001001907,ASTROTECH Corp,cusip_link
025138,04649U10,ASUR,0000884144,ASURE SOFTWARE INC,cusip_link
026144,04650Y10,HOME,0001646228,At Home Group Inc,cusip_link
021012,04651320,ATRA,0001604464,"Atara Biotherapeutics, Inc.",ticker_fallback
037292,04683R10,AVIR,0001593899,"Atea Pharmaceuticals, Inc.",ticker_fallback
031405,04685N20,ATNX,,,not_found
177930,04685W10,ATHN,0001131096,ATHENAHEALTH INC,cusip_link
157635,04743P10,ATHR,0001140486,ATHEROS COMMUNICATIONS INC,cusip_link
176017,04744L20,ATHX,,,not_found
018443,04747710,ATHL,0001574648,Athlon Energy Inc,cusip_link
027014,04764910,ATKR,0001666138,Atkore Inc.,ticker_fallback
027186,04772630,BATRK,0001958140,Atlanta Braves Holdings Inc,cusip_link
035121,04859210,SQL,0001605888,ATLANTIC INTERNATIONAL CORP,cusip_link
061155,04916420,AAWW,0001135185,ATLAS AIR WORLDWIDE HOLDINGS INC,cusip_link
158736,04929810,ATLS,0001279228,ATLAS ENERGY INC,cusip_link
166458,04929Q10,ATLS,0001623595,Atlas Energy Group LLC,cusip_link
144097,04939210,APL,0001092914,ATLAS PIPELINE PARTNERS LP,cusip_link
036515,04943010,ATCX,0001751143,ATLAS TECHNICAL CONSULTANTS INC,cusip_link
026494,04946810,TEAM,0001650372,Atlassian Corp,cusip_link
023767,04951310,ATML,0000872448,ATMEL CORP,cusip_link
004383,04956010,ATO,0000731802,ATMOS ENERGY CORP,cusip_link
042033,04956D10,ATMU,0001921963,Atmus Filtration Technologies Inc,cusip_link
185659,04962H50,ATOS,0001488039,ATOSSA THERAPEUTICS INC,cusip_link
163889,04963C20,ATRC,0001323885,AtriCure Inc,cusip_link
028712,04964A10,ATRM,0000908598,ATRM Holdings Inc,cusip_link
027737,04965B10,ATMR,0001420520,Atomera Inc,cusip_link
035270,04965G10,BCEL,0001532346,Atreca Inc,cusip_link
022136,04983620,,0000949721,Attis Industries Inc,cusip_link
001234,04990410,ATRI,0000701288,ATRION CORP,cusip_link
001860,05009510,ATW,0000008411,ATWOOD OCEANICS INC,cusip_link
170615,05070J10,ADNC,0001201663,AUDIENCE INC,cusip_link
027669,05070R10,BOLD,0001628738,Audentes Therapeutics Inc,cusip_link
017754,05073420,AEYE,0001362190,AUDIOEYE INC,cusip_link
038239,05105P10,AUGX,0001769804,Augmedix Inc,cusip_link
039872,05153U10,AURA,0001501796,Aura Biosciences Inc,cusip_link
038107,05177410,RTPY,0001828108,Aurora Innovation Inc,cusip_link
019418,05211J10,ASPX,0001454189,Auspex Pharmaceuticals Inc,cusip_link
177650,05266010,AUTH,0001138830,AUTHENTEC INC,cusip_link
001878,05276910,ADSK,0000769397,Autodesk Inc,cusip_link
064690,05280010,ALV,0001034670,AUTOLIV INC,cusip_link
001891,05301510,ADP,0000008670,AUTOMATIC DATA PROCESSING INC,cusip_link
009063,05329W10,AN,0000350698,AUTONATION INC /FL,cusip_link
031775,05330610,ISNS,,,not_found
043889,05330T20,AMIX,0001617867,Autonomix Medical Inc,cusip_link
023809,05333210,AZO,0000866787,AUTOZONE INC,cusip_link
160272,05334D10,AUXL,0001182129,AUXILIUM PHARMACEUTICALS INC,cusip_link
119173,05335B10,ABTL,,,not_found
026149,05338F30,CERC,,,not_found
033610,05338G10,AVLR,0001348036,AVALARA INC,cusip_link
110802,05343P10,AWX,0001061069,AVALON HOLDINGS CORP,cusip_link
021776,05348P40,AVNR,0000858803,AVANIR PHARMACEUTICALS INC,cusip_link
021352,05350V10,HYH,0001606498,Avanos Medical Inc,cusip_link
026658,05351W10,AGR,0001634997,Avangrid Inc,cusip_link
032855,05351X10,AVYA,0001418100,Avaya Holdings Corp,cusip_link
035065,05352A10,AVTR,0001722482,Avantor Inc,cusip_link
034682,05355N10,AVDR,0001343304,AVEDRO INC,cusip_link
038688,05356F10,AVAH,0001832332,Aveanna Healthcare Holdings Inc,cusip_link
184046,05358830,AVEO,0001325879,AVEO PHARMACEUTICALS INC,cusip_link
039157,05360410,AVPT,0001777921,AvePoint Inc,cusip_link
031848,05360L40,ATXI,0001644963,AVENUE THERAPEUTICS INC,cusip_link
001913,05361110,AVY,0000008818,Avery Dennison Corp,cusip_link
026818,05366U10,AVXS,0001652923,AveXis Inc,cusip_link
176572,05366Y20,AVNW,0001377789,"AVIAT NETWORKS, INC.",ticker_fallback
027925,05367P10,AVID,0000896841,AVID TECHNOLOGY INC,cusip_link
014603,05368M10,PPHM,0000704562,Avid Bioservices Inc,cusip_link
028194,05368V10,POL,0001122976,AVIENT CORP,cusip_link
039685,05368X10,AVDX,0001858257,AvidXchange Holdings Inc,cusip_link
036473,05370A10,RNA,0001599901,Avidity Biosciences Inc,cusip_link
022704,05373487,AVGR,0001506928,Avinger Inc,cusip_link
003278,05377410,CAR,0000723612,AVIS BUDGET GROUP INC,cusip_link
011304,05379B10,AVA,0000104918,AVISTA CORP,cusip_link
001919,05380710,AVT,0000008858,AVNET INC,cusip_link
253355,05380C10,RCEL,0001762303,AVITA Medical Inc,cusip_link
001920,05430310,AVP,0000008868,AVON PRODUCTS INC,cusip_link
063454,05453N10,AWRE,0001015739,AWARE INC /MA/,cusip_link
137602,05454020,ACLS,0001113232,AXCELIS TECHNOLOGIES INC,cusip_link
035089,05454B20,AXLA,,,not_found
012895,05463D10,GGC,0000805264,AXIALL CORP/DE/,cusip_link
190355,05463X10,,0000805928,AxoGen Inc,cusip_link
143912,05464C10,TASR,0001069183,AXON ENTERPRISE INC,cusip_link
026349,05464T10,AXSM,0001579428,Axsome Therapeutics Inc,cusip_link
034342,05465P10,AXNX,0001603756,Axonics Inc,cusip_link
179461,05475485,AYTU,0001385818,AYTU BIOPHARMA INC,cusip_link
036193,05478C10,AZEK,0001782754,AZEK Co Inc,cusip_link
036985,05479K10,AZYO,0001708527,ELUTIA INC,cusip_link
018427,05501X10,FISH,0001575599,AZURE MIDSTREAM PARTNERS LP,cusip_link
158743,05508R10,BGS,0001278027,B&G Foods Inc,cusip_link
050516,05547710,BCAX,0002023658,Bicara Therapeutics Inc.,ticker_fallback
065105,05548J10,BJ,0001037461,BJS WHOLESALE CLUB INC,cusip_link
033718,05550J10,BJ,0001531152,BJ's Wholesale Club Holdings Inc,cusip_link
063930,05551A10,DAVE,0001021270,BBQ HOLDINGS INC,cusip_link
152109,05552Q30,NFEC,,,not_found
162909,05563910,BPZ,0001023734,BPZ RESOURCES INC,cusip_link
066198,05569C10,BJGP,0001281696,BMP SUNSTONE CORP,cusip_link
032413,0556EL10,BPMP,0001708301,BP Midstream Partners LP,cusip_link
036481,0557MQ20,BTBD,0001718224,"BT Brands, Inc.",ticker_fallback
019767,05581M40,BTCS,0001436229,BTCS Inc.,ticker_fallback
001117,05587G20,RWC,0000002186,BK Technologies Corp,cusip_link
024415,05591B10,STCK,0001574815,BMC STOCK HOLDINGS INC,cusip_link
037673,05591L10,BMTX,0001725872,BM Technologies Inc,cusip_link
014650,05592110,BMC,0000835729,BMC SOFTWARE INC,cusip_link
020044,05601C10,BGSF,0001474903,BGSF INC,cusip_link
038029,05601U10,BRCC,0001891101,BRC Inc,cusip_link
015331,05603210,BTUI,0000840883,BTU INTERNATIONAL INC,cusip_link
041799,05603J10,BKV,0001838406,BKV Corp,ticker_fallback
185229,05605H10,BWC,0001486957,BWX Technologies Inc,cusip_link
023865,05614L20,BW,0001630805,Babcock & Wilcox Enterprises Inc,cusip_link
039910,05637B10,BLZE,0001462056,Backblaze Inc,cusip_link
001968,05652510,BMI,0000009092,BADGER METER INC,cusip_link
001974,05714910,BKR,0000009263,BAKER MICHAEL CORP,cusip_link
032106,05722G10,BHGE,0001701605,Baker Hughes Co,cusip_link
148224,05746510,BKRS,0001171032,BAKERS FOOTWEAR GROUP INC,cusip_link
001979,05766520,BCPC,0000009326,BALCHEM CORP,cusip_link
001981,05774110,BEZ,0000009342,BALDOR ELECTRIC CO,cusip_link
012992,05826410,BLD,0000805792,BALDWIN TECHNOLOGY CO INC,cusip_link
001988,05849810,BLL,0000009389,BALL CORP,cusip_link
012075,05874B10,BYI,0000002491,BALLY TECHNOLOGIES INC,cusip_link
032571,05988J10,BAND,0001514416,Bandwidth Inc,cusip_link
141339,06647010,BNX,0001341470,BANKSCOM INC,cusip_link
120458,06647F10,RATE,,,not_found
039507,06690B10,PNST,0001852633,Pinstripes Holdings Inc,cusip_link
002044,06738310,BCR,0000009892,BARD C R INC /NJ/,cusip_link
170535,06753220,BRFH,0001487197,BARFRESH FOOD GROUP INC.,ticker_fallback
028924,06777410,BKS,0000890491,BARNES & NOBLE INC,cusip_link
023208,06777U20,BNED,0001634117,Barnes & Noble Education Inc,cusip_link
002049,06780610,B,0000009984,BARNES GROUP INC,cusip_link
002052,06822110,BRN,0000010048,BARNWELL INDUSTRIES INC,cusip_link
018838,06832310,CUDA,0001348334,BARRACUDA NETWORKS INC,cusip_link
028410,06846310,BBSI,0000902791,BARRETT BUSINESS SERVICES INC,cusip_link
002061,06879810,DFZ,0000749872,BARRY R G CORP /OH/,cusip_link
137024,06985P20,BAS,0001109189,BASIC ENERGY SERVICES INC,cusip_link
002080,07020310,BSET,0000010329,BASSETT FURNITURE INDUSTRIES INC,cusip_link
006733,07083010,LTD,0000701985,Bath & Body Works Inc,cusip_link
174169,07134L10,RAME,0001282648,BATTALION OIL CORP,cusip_link
035796,07160F40,BXRX,,,not_found
178619,07177310,TSON,0001230355,BAXANO SURGICAL INC,cusip_link
022734,07177M10,BXLT,,,not_found
002086,07181310,BAX,0000010456,BAXTER INTERNATIONAL INC,cusip_link
188157,07327110,BV,0001734713,"BrightView Holdings, Inc.",ticker_fallback
021487,07330210,BEAV,0000861361,B/E AEROSPACE INC,cusip_link
039112,07346330,BODY,0001826889,Beachbody Company Inc,cusip_link
141198,07367720,BCON,,,not_found
160598,07368510,BECN,0001124941,BEACON ROOFING SUPPLY INC,cusip_link
001408,07373010,FO,0000789073,BEAM INC,cusip_link
184345,07373B10,EVSI,0001398805,Beam Global,cusip_link
035714,07373V10,BEAM,0001745999,Beam Therapeutics Inc,cusip_link
129823,07401420,BBGI,0001099160,BEASLEY BROADCAST GROUP INC,ticker_fallback
029755,07556Q88,BZH,0000915840,BEAZER HOMES USA INC,cusip_link
111662,07557120,BEBE,0001059272,bebe stores inc,cusip_link
015106,07581110,BEC,0000840467,BECKMAN COULTER INC,cusip_link
002111,07588710,BDX,0000010795,BECTON DICKINSON & CO,cusip_link
025338,07589610,BBBY,0000886158,BED BATH & BEYOND INC,cusip_link
002124,07734730,BELFB,0000729580,BEL FUSE INC /NJ,cusip_link
028940,07745410,BDC,0000913142,BELDEN INC,cusip_link
028435,07813710,BELM,0000900708,BELL MICROPRODUCTS INC,cusip_link
035684,07831C10,BRBR,0001772016,BELLRING BRANDS INC,cusip_link
022927,07877130,BLPH,0001600132,Bellerophon Therapeutics Inc,cusip_link
022258,07948140,BLCM,0001358403,BELLICUM PHARMACEUTICALS INC,cusip_link
002150,08055510,BLC,0000356080,BELO CORP,cusip_link
002154,08143710,BMS,0000011199,BEMIS CO INC,cusip_link
023084,08160H10,BHE,0000863436,BENCHMARK ELECTRONICS INC,cusip_link
018561,08180D10,BNFT,0001576169,Benefitfocus Inc,cusip_link
002163,08204710,BNHN,0000935226,BENIHANA INC,cusip_link
254381,08205P20,BNTC,0001808898,Benitec Biopharma Inc,cusip_link
039783,08249020,BHIL,,,not_found
037076,08265T20,BSY,0001031308,BENTLEY SYSTEMS INC,cusip_link
036660,08431010,BLI,0001689657,Berkeley Lights Inc,cusip_link
039316,08465610,BGRY,,,not_found
002176,08467070,BRK,0001067983,BERKSHIRE HATHAWAY INC,cusip_link
180483,08579W10,BERY,0001378992,BERRY GLOBAL GROUP INC,cusip_link
013431,08579X10,BRY,,,not_found
002184,08651610,BBY,0000764478,BEST BUY CO INC,cusip_link
184548,08771Y40,BTTR,0001471727,Better Choice Co Inc,cusip_link
039994,08773T10,BTTX,0001832415,Better Therapeutics Inc,cusip_link
178972,08861T20,BGMD,0001407038,BG Medicine Inc,cusip_link
034447,08862E10,BYND,0001655210,BEYOND MEAT INC,cusip_link
166733,08883T20,BIDZ,0001324105,BIDZCOM INC,cusip_link
145041,08915P10,BGFV,0001156388,BIG 5 SPORTING GOODS Corp,cusip_link
012123,08930210,BIG,0000768835,BIG LOTS INC,cusip_link
176863,08975050,BBND,0001381325,BIGBAND NETWORKS INC,cusip_link
037966,08975B10,BBAI,0001836981,BigBearai Holdings Inc,cusip_link
036754,08975P10,BIGC,0001626450,BigCommerce Holdings Inc,cusip_link
003424,08986R30,BH,0001726173,Biglari Holdings Inc,cusip_link
035868,09004310,BILL,0001786352,Billcom Holdings Inc,cusip_link
002220,09057220,BIO,0000012208,BIO RAD LABORATORIES INC,cusip_link
012576,09057G60,BRLI,0000792641,BIO REFERENCE LABORATORIES INC,cusip_link
165563,09057N40,BPTH,0001133818,BIO-PATH HOLDINGS INC,cusip_link
029837,09058V10,BCRX,0000882796,BIOCRYST PHARMACEUTICALS INC,cusip_link
064645,09060C50,,0001019034,BIO KEY INTERNATIONAL INC,cusip_link
148219,09060J10,BDSI,0001103021,BIODELIVERY SCIENCES INTERNATIONAL INC,cusip_link
024598,09060U60,BCDA,0000925741,"BioCardia, Inc.",ticker_fallback
122257,09061G10,BMRN,0001048477,BIOMARIN PHARMACEUTICAL INC,cusip_link
017199,09062W20,,0000834365,BIOLIFE SOLUTIONS INC,cusip_link
024468,09062X10,BIIB,0000875045,BIOGEN IDEC INC,cusip_link
164270,09064320,BNVI,0001203957,BIONOVO INC,cusip_link
166569,09064X10,BMTI,0001138400,BIOMIMETIC THERAPEUTICS INC,cusip_link
066042,09065560,BRTX,0001505497,BioRestorative Therapies Inc,cusip_link
029939,09066V10,BSMD,0000919015,BIOSEPRA INC,cusip_link
179441,09067210,BEAT,0001779372,"HeartBeam, Inc.",ticker_fallback
181794,09067830,BSPM,0001418133,Biostar Pharmaceuticals Inc,cusip_link
038200,09068310,,0001819253,biote Corp,cusip_link
025396,09071B10,BIOC,0000822418,BIOCLINICA INC,cusip_link
196160,09072Q10,BIOA,0001534287,BIOAMBER INC,cusip_link
019117,09072V60,BIOC,0001044378,BIOCEPT INC,cusip_link
015414,09073M10,TECH,0000842023,BIO-TECHNE Corp,cusip_link
021824,09073N30,BSGM,0001530766,BioSig Technologies Inc,cusip_link
025740,09074B10,BHTG,0001590383,BIOHITECH GLOBAL INC,cusip_link
026891,09074H20,BTCY,0001630113,BIOTRICITY INC,cusip_link
027644,09075A10,BVS,0001665988,Bioventus Inc,cusip_link
029819,09075E10,BIVV,0001681689,Bioverativ Inc,cusip_link
038529,09077A10,BMEA,0001840439,Biomea Fusion Inc,cusip_link
037541,09077B10,BCAB,0001826892,BioAtla Inc,cusip_link
039342,09077D20,BFRI,0001858685,Biofrontera Inc,cusip_link
037658,09077J20,BRDS,0001861449,Bird Global Inc,cusip_link
050567,09077V10,BIOA,0001709941,BioAge Labs Inc,cusip_link
023291,09091170,BLTI,0000811240,BIOLASE INC,cusip_link
024710,09093110,BSTC,0000875622,BIOSPECIFICS TECHNOLOGIES CORP,cusip_link
066610,09128320,BDMS,0000948072,BIRNER DENTAL MANAGEMENT SERVICES INC,cusip_link
063895,09173610,BITS,0000818813,BITSTREAM INC,cusip_link
040528,09174P10,BTM,0001901799,Bitcoin Depot Inc,cusip_link
064163,09175M80,DPW,,,not_found
063739,09180C10,BJRI,0001013488,BJS RESTAURANTS INC,cusip_link
026012,09182610,BBOX,0000849547,BLACK BOX CORP,cusip_link
264386,09193550,BBBB,0001106942,BLACKBOARD INC,cusip_link
036052,09203E10,BDTX,0001701541,Black Diamond Therapeutics Inc,cusip_link
002259,09211310,BKH,0001130464,BLACK HILLS CORP /SD/,ticker_fallback
180272,09215C10,BKI,0001627014,Black Knight Inc,cusip_link
023433,09225M10,BSM,0001621434,Black Stone Minerals LP,cusip_link
260893,09227Q10,BLKB,0001280058,BLACKBAUD INC,cusip_link
026630,09229E30,BLBX,0001567900,BLACKBOXSTOCKS INC,cusip_link
017550,09238E10,HAWK,0001750704,"HawkEye 360, Inc.",ticker_fallback
028420,09239B10,BL,0001666134,BLACKLINE INC,cusip_link
039621,09263B20,BKSY,0001753539,BlackSky Technology Inc,cusip_link
038779,09266710,BLDE,0001779128,Blade Air Mobility Inc,cusip_link
039056,09352U10,BLND,0001855747,"Blend Labs, Inc.",ticker_fallback
184049,09354A10,BLNK,0001429764,Blink Charging Co,cusip_link
002269,09367110,HRB,0000012659,H&R BLOCK INC,cusip_link
061712,09369810,BDR,0001000683,BLONDER TONGUE LABORATORIES INC,cusip_link
033668,09371210,BE,0001664703,Bloom Energy Corp,cusip_link
171049,09423510,BLMN,0001546417,Bloomin' Brands Inc,cusip_link
002271,09518010,BLT,0001001606,BLOUNT INTERNATIONAL INC,cusip_link
031624,09523Q30,APRN,0001701114,Blue Apron Holdings Inc,cusip_link
023167,09530610,BLBD,0001589526,Blue Bird Corp,cusip_link
024437,09531U10,BUFF,0001609989,Blue Buffalo Pet Products Inc,cusip_link
126615,09534T50,BCSI,0001095600,BLUE COAT SYSTEMS INC,cusip_link
183921,09542810,BBLU,0001422109,Blue Earth Inc,cusip_link
039821,09563350,BJDX,0001704287,"Bluejay Diagnostics, Inc.",ticker_fallback
264391,09578R10,NILE,0001091171,BLUE NILE INC,cusip_link
036213,09606H30,BSFC,0001730773,Blue Star Foods Corp.,ticker_fallback
017998,09609G20,BLUE,,,not_found
064851,09622730,BFLY,0001030896,BLUEFLY INC,cusip_link
161813,09624H20,BXC,0001301787,BlueLinx Holdings Inc,cusip_link
177945,09625U10,,0001392091,Blueknight Energy Partners LP,cusip_link
023407,09627Y10,BPMC,0001597264,Blueprint Medicines Corp,cusip_link
011877,09629F10,BXG,0000778946,BLUEGREEN VACATIONS CORP,cusip_link
039571,09630810,BBX,0000315858,Bluegreen Vacations Holding Corp,cusip_link
030219,09643P20,BTH,0000921503,BLYTH INC,cusip_link
164756,09662710,BWP,0001336047,BOARDWALK PIPELINE PARTNERS LP,cusip_link
002282,09676110,BOBE,0000033769,EVANS BOB FARMS INC,cusip_link
002285,09702310,BA,0000012927,BOEING CO,cusip_link
186288,09739C10,WIFI,0001169988,BOINGO WIRELESS INC,cusip_link
016486,09739D10,BCC,0001328581,BOISE CASCADE CO,cusip_link
177697,09746Y10,BZ,0001391390,BOISE INC,cusip_link
023594,09748810,BOJA,0001630132,Bojangles' Inc,cusip_link
002295,09769810,BOLT,0000354655,Teledyne Bolt Inc,cusip_link
024483,09776J10,BONT,0000878079,BON TON STORES INC,cusip_link
025896,09857010,BAMM,0000891919,BOOKS A MILLION INC,cusip_link
119314,09857L10,PCLN,0001075531,Booking Holdings Inc,cusip_link
021898,09940610,BOOT,0001610250,Boot Barn Holdings Inc,cusip_link
025655,09946950,WEL,0000833845,BOOTS & COOTS INC,cusip_link
185881,09950210,BAH,0001443646,Booz Allen Hamilton Holding Corp,cusip_link
031849,09970910,BGP,0000940510,BORDERS GROUP INC,cusip_link
019830,09970L10,BRDR,0001277141,Borderfree Inc,cusip_link
028742,09972410,BWA,0000908255,BORG WARNER AUTOMOTIVE INC,cusip_link
061581,10055710,SAM,0000949870,BOSTON BEER CO INC,ticker_fallback
027977,10104410,BOMN,,,not_found
025279,10113710,BSX,0000885725,BOSTON SCIENTIFIC CORP,ticker_fallback
118223,10138810,EPAY,,,not_found
164408,10140510,SMBL,,,not_found
045157,10170A10,BOLD,0001782303,Boundless Bio Inc,cusip_link
002342,10256510,BWL,,,not_found
037855,10258P10,BOWL,0001840572,Bowlero Corp,cusip_link
038754,10300210,BWMN,0001847590,Bowman Consulting Group Ltd.,ticker_fallback
002346,10304310,BNE,,,not_found
020088,10316T10,BOX,0001372612,BOX INC,cusip_link
037476,10317410,BOXD,,,not_found
029011,10330410,BYD,0000906553,BOYD GAMING CORP,ticker_fallback
002352,10467410,BRC,0000746598,BRADY CORP,ticker_fallback
153957,10501E30,BCLI,0001137883,BRAINSTORM CELL THERAPEUTICS INC,cusip_link
042987,10523010,BOF,0001962481,BranchOut Food Inc.,ticker_fallback
185194,10567B10,BBRG,0001495479,FoodFirst Global Restaurants Inc,cusip_link
039942,10576N10,BRZE,0001676238,Braze Inc,cusip_link
018019,10586130,ATLX,0001540684,Atlas Lithium Corp,ticker_fallback
010692,10676410,BZC,,,not_found
174656,10677610,BBEP,,,not_found
035632,10802T20,BBI,0000819050,Fresh Tracks Therapeutics Inc,cusip_link
035264,10806X10,BBIO,0001743881,BridgeBio Pharma Inc,cusip_link
176768,10807Q70,BLIN,0001378590,Bridgeline Digital Inc,cusip_link
002390,10876310,BRID,0000014177,BRIDGFORD FOODS CORP,ticker_fallback
002393,10904310,BGG,,,not_found
064741,10917810,BEXP,,,not_found
035004,10918L10,MNRL,0001745797,Brigham Minerals Inc,cusip_link
065275,10919410,BFAM,0001437578,BRIGHT HORIZONS FAMILY SOLUTIONS INC.,ticker_fallback
041083,10920G10,BGXX,0001886799,Bright Green Corp,cusip_link
187959,10921T10,BCOV,,,not_found
030006,10947340,CELL,,,not_found
033637,10948C10,BV,0001734713,BrightView Holdings Inc,cusip_link
039556,10950410,BRLT,0001866757,"Brilliant Earth Group, Inc.",ticker_fallback
039916,10950A10,BTSG,0001865782,BrightSpring Health Services Inc,cusip_link
003007,10964110,EAT,0000703351,"BRINKER INTERNATIONAL, INC",ticker_fallback
028590,10969610,BCO,0000078890,BRINKS CO,ticker_fallback
181099,10969910,CFL,,,not_found
002403,11012210,BMY,0000014272,BRISTOL MYERS SQUIBB CO,ticker_fallback
008092,11040G10,ERA,0001525221,Bristow Group Inc,cusip_link
066708,11132010,BRCM,,,not_found
184514,11133B40,BSFT,,,not_found
176928,11133T10,BR,0001383312,BROADRIDGE FINANCIAL SOLUTIONS INC,cusip_link
180711,11135F10,AVGO,0001730168,Broadcom Inc.,ticker_fallback
063099,11141270,BVSN,,,not_found
179249,11161T20,BWEN,0001120370,BROADWIND ENERGY INC,cusip_link
120774,11162130,BRCD,,,not_found
164075,11221110,BRNC,,,not_found
164652,11246310,BKD,0001332349,Brookdale Senior Living Inc.,ticker_fallback
031477,11434010,BRKS,,,not_found
002435,11563720,BF,,,not_found
138483,11679410,BRKR,0001109354,BRUKER CORP,ticker_fallback
002444,11704310,BC,0000014930,BRUNSWICK CORP,ticker_fallback
125274,11776U30,BSQR,0001054721,BSQUARE CORP /WA,cusip_link
037740,11778X10,BTRS,0001774155,BTRS Holdings Inc,cusip_link
174316,11816710,BGH,0001521404,BARINGS GLOBAL SHORT DURATION HIGH YIELD FUND,ticker_fallback
013526,11823010,BPL,,,not_found
061596,11825510,BKI,,,not_found
025234,11844010,BKE,0000885245,BUCKLE INC,ticker_fallback
024363,11875910,BUCY,,,not_found
157218,11984810,BWLD,,,not_found
161055,12007610,BBW,0001113809,BUILD-A-BEAR WORKSHOP INC,ticker_fallback
163036,12008R10,BLDR,0001316835,Builders FirstSource Inc,cusip_link
041936,12021E10,BFRG,0001829247,"BullFrog AI Holdings, Inc.",ticker_fallback
037790,12047B10,BMBL,0001830043,Bumble Inc,cusip_link
033138,12122L10,OPES,0001723580,BurgerFi International Inc,cusip_link
018675,12201710,BURL,0001579298,"Burlington Stores, Inc.",ticker_fallback
038079,12415510,BFLY,0001804176,"Butterfly Network, Inc.",ticker_fallback
037610,12430A30,BZFD,0001828972,"BuzzFeed, Inc.",ticker_fallback
175457,12448X20,BYRN,0001354866,Byrna Technologies Inc,cusip_link
037517,12468P10,AI,0001577526,C3ai Inc,cusip_link
011805,12476920,CASM,,,not_found
177109,12477X10,CAP,0001388430,CAI INTERNATIONAL INC,cusip_link
031752,12480510,CBZ,0000944148,"CBIZ, Inc.",ticker_fallback
011930,12486710,CAW,,,not_found
002538,12507110,CDI,,,not_found
021761,12508E10,CDK,0001609702,CDK Global Inc,cusip_link
039378,12510Q10,CCCS,0001818201,CCC Intelligent Solutions Holdings Inc,cusip_link
118502,12513410,EXBD,,,not_found
001050,12514110,CECE,,,not_found
028320,12514G10,CDW,0001402057,CDW CORP,cusip_link
282553,12514V20,CDTI,,,not_found
163946,12526910,CF,0001324404,"CF Industries Holdings, Inc.",ticker_fallback
037081,12529R10,CCCC,0001662579,C4 Therapeutics Inc,cusip_link
002856,12541M10,CHG,0001061393,CH ENERGY GROUP INC,cusip_link
065609,12541W20,CHRW,0001043277,C H ROBINSON WORLDWIDE INC,cusip_link
002859,12561W10,CNL,0001089819,CLECO CORP,cusip_link
015253,12562M10,CKXE,0000793044,CKX INC,cusip_link
133726,12571T10,CCMP,,,not_found
003439,12589610,CMS,0000811156,CMS ENERGY CORP,ticker_fallback
002555,12590210,CPY,,,not_found
002556,12590610,CSS,,,not_found
025726,12591930,CVU,0000889348,CPI AEROSTRUCTURES INC,ticker_fallback
164665,12618H30,CXG,0001335793,CNX GAS CORP,cusip_link
109919,12618T10,CRAI,0001053706,CRA INTERNATIONAL INC,cusip_link
013582,12619F10,,0000814676,CPS TECHNOLOGIES CORP/DE/,cusip_link
180231,12620N10,CPEX,0001418919,CPEX PHARMACEUTICALS INC,cusip_link
039199,12632710,LAW,0001625641,"CS Disco, Inc.",ticker_fallback
062266,12634910,CSGS,,,not_found
025539,12634H20,PMTS,0001641614,CPI Card Group Inc,cusip_link
181745,12637A10,GSJK,0001449488,CSI Compressco LP,cusip_link
002573,12638910,CSPI,0000356037,CSP INC /MA/,ticker_fallback
024601,12640210,CSWI,,,not_found
002574,12640810,CSX,0000277948,CSX CORP,ticker_fallback
017699,12646R10,CST,,,not_found
064515,12648L60,CTIC,0000891293,CTI BIOPHARMA CORP,cusip_link
002577,12650110,CTS,0000026058,CTS CORP,ticker_fallback
026304,12650T10,CSRA,0001646383,CSRA Inc,cusip_link
120093,12653C10,CNX,0001070412,CNX Resources Corp,cusip_link
021652,12654A10,CNNX,0001610418,CNX Midstream Partners LP,cusip_link
002581,12660110,CVV,0000766792,CVD EQUIPMENT CORP,ticker_fallback
178672,12662P10,CVI,0001376139,CVR ENERGY INC,cusip_link
186139,12663320,UAN,0001425292,"CVR PARTNERS, LP",ticker_fallback
039127,12663810,CVRX,0001235912,"CVRx, Inc.",ticker_fallback
015093,12663P10,CVRR,0001558785,CVR Refining LP,cusip_link
007241,12665010,CVS,0000064803,CVS HEALTH Corp,ticker_fallback
037356,12667710,CVT,,,not_found
003310,12673P10,CA,0000356028,CA INC,cusip_link
186336,12674R10,CJ,0001615817,C&J Energy Services Inc,cusip_link
035727,12674W10,CABA,0001759138,Cabaletta Bio Inc,cusip_link
264708,12680430,CAB,,,not_found
023225,12685J10,CABO,0001632127,Cable One Inc,cusip_link
002593,12705510,CBT,0000016040,CABOT CORP,ticker_fallback
020548,12709710,COG,,,not_found
002595,12715030,CACH,,,not_found
002596,12719030,CACI,0000016058,CACI INTERNATIONAL INC /DE/,ticker_fallback
032938,12720310,WHD,0001699136,"Cactus, Inc.",ticker_fallback
013421,12738710,CDNS,0000813672,CADENCE DESIGN SYSTEMS INC,ticker_fallback
175483,12738T10,CADX,0001333248,CADENCE PHARMACEUTICALS INC,cusip_link
012964,12753720,CDZI,0000727273,CADIZ INC,ticker_fallback
041616,12763620,CVKD,0001937993,"Cadrenal Therapeutics, Inc.",ticker_fallback
039215,12763L10,CDRE,0001860543,Cadre Holdings Inc,cusip_link
020423,12768610,CZR,0001590895,"Caesars Entertainment, Inc.",ticker_fallback
188855,12769A10,PRSS,0001117733,CAFEPRESS INC,cusip_link
021808,12769G10,ERI,,,not_found
002606,12770310,CGL,0001934387,CGL Logistics Holdings Ltd,ticker_fallback
176238,12802T10,DVR,0001364100,Cal Dive International Inc,cusip_link
064275,12803020,CALM,0000016160,CAL-MAINE FOODS INC,ticker_fallback
004632,12805830,NBS,,,not_found
002615,12812620,CAMP,0001736730,Camp4 Therapeutics Corp,ticker_fallback
010002,12819510,SPF,,,not_found
147708,12824610,CVGW,,,not_found
002436,12950010,BWS,,,not_found
013406,12960310,CCC,0001818201,CCC Intelligent Solutions Holdings Inc.,ticker_fallback
138321,13054D10,CPKI,0000789356,CALIFORNIA PIZZA KITCHEN INC,cusip_link
021431,13057Q30,CRC,0001609253,California Resources Corp,cusip_link
002628,13078810,CWT,0001035201,CALIFORNIA WATER SERVICE GROUP,ticker_fallback
127455,13087210,CALP,,,not_found
021627,13089P50,CALA,,,not_found
183903,13100M50,CALX,0001406666,CALIX INC,cusip_link
024978,13119310,ELY,,,not_found
156613,13123E50,CALD,0001035748,CALLIDUS SOFTWARE INC,cusip_link
015060,13123X50,CPE,0000928022,Callon Petroleum Co,cusip_link
165846,13142810,CLMT,0002013745,"Calumet, Inc. /DE",ticker_fallback
108319,13200M60,LEI,,,not_found
013839,13201110,CBM,,,not_found
176939,13201A10,ABCD,0001466815,CAMBIUM LEARNING GROUP INC,cusip_link
060894,13342B10,CAM,0000941548,CAMERON INTERNATIONAL CORP,cusip_link
002663,13442910,CPB,0000016732,CAMPBELL'S Co,ticker_fallback
019071,13462K10,CWH,0001669779,Camping World Holdings Inc,cusip_link
050682,13463J10,CAMP,0001736730,Camp4 Therapeutics Corp,cusip_link
039269,13740410,CADL,0001841387,"Candel Therapeutics, Inc.",ticker_fallback
020960,13765N10,CNNE,0001704720,Cannae Holdings Inc,cusip_link
066515,13780110,CFW,,,not_found
038949,13781Y20,CANO,0001800682,Cano Health Inc,cusip_link
037576,13803R30,GOEV,,,not_found
002942,13809810,CMN,,,not_found
062213,13810310,USAT,,,not_found
031099,13811E10,CPHC,0000926761,CANTERBURY PARK HOLDING CORP,cusip_link
163878,13959410,CPLA,,,not_found
012782,14018Y20,CGC,0000726845,CAPITAL GOLD CORP,cusip_link
065732,14047520,CSU,,,not_found
019205,14070B30,,0001133869,CAPRICOR THERAPEUTICS INC,cusip_link
030185,14075T10,CPD,0000887708,CARACO PHARMACEUTICAL LABORATORIES LTD,cusip_link
062686,14078110,CRR,,,not_found
033423,14081R10,CBLK,0001366527,Carbon Black Inc,cusip_link
187434,14133710,CARB,,,not_found
147451,14141A10,CSCX,0001323115,CARDIAC SCIENCE CORP,cusip_link
027738,14141X10,CCN,0001614818,CardConnect Corp,cusip_link
155387,14147L10,TROV,0001213037,Cardiff Oncology Inc,cusip_link
002751,14149Y10,CAH,0000721371,CARDINAL HEALTH INC,cusip_link
179413,14161910,CSII,,,not_found
032935,14161W10,CDLX,0001666071,"Cardlytics, Inc.",ticker_fallback
019352,14163310,CRCM,,,not_found
179834,14167L10,CDNA,0001217234,CAREDX INC,cusip_link
020143,14167R10,MTBC,0001997504,YA Investments I LLC,cusip_link
183257,14170T10,CFN,0001457543,CAREFUSION Corp,cusip_link
038967,14171W20,CMAX,,,not_found
032541,14178810,CARG,0001494259,"CarGurus, Inc.",ticker_fallback
043555,14179K10,CRGX,0001966494,CARGO Therapeutics Inc,cusip_link
039291,14203810,CRBU,0001619856,"Caribou Biosciences, Inc.",ticker_fallback
164611,14204220,CBOU,,,not_found
019458,14216R10,EBIO,0001485003,Carisma Therapeutics Inc,cusip_link
002771,14233910,CSL,0000790051,CARLISLE COMPANIES INC,ticker_fallback
037861,14255210,LOTZ,,,not_found
064410,14313010,KMX,0001170010,CARMAX INC,ticker_fallback
012669,14343640,CKEC,,,not_found
063456,14390510,CSV,0001016281,CARRIAGE SERVICES INC,ticker_fallback
176593,14427M10,PRTS,0001378950,CarPartscom Inc,cusip_link
002787,14428510,CRS,0000017843,CARPENTER TECHNOLOGY CORP,ticker_fallback
036191,14448C10,CARR,0001783180,CARRIER GLOBAL Corp,cusip_link
065220,14457710,CRZO,,,not_found
176249,14574X10,TAST,0000809248,CARROLS RESTAURANT GROUP INC,cusip_link
029155,14575E10,CARS,0001683606,Carscom Inc,cusip_link
150278,14622910,CRI,0001060822,CARTERS INC,ticker_fallback
126496,14653410,TMNG,,,not_found
030999,14686910,CVNA,0001690820,CARVANA CO.,ticker_fallback
029375,14713L10,CASA,0001333835,Casa Systems Inc,cusip_link
002802,14719510,CASC,,,not_found
141389,14732210,CSCD,,,not_found
020245,14740B60,ONTY,0001412067,Cascadian Therapeutics Inc,cusip_link
065702,14744810,CWST,0000911177,CASELLA WASTE SYSTEMS INC,ticker_fallback
002807,14752810,CASY,0000726958,CASEYS GENERAL STORES INC,ticker_fallback
013032,14754D10,CSH,0000807884,CASH AMERICA INTERNATIONAL INC,cusip_link
036050,14762610,CSPR,,,not_found
025201,14808P10,CASS,0000708781,CASS INFORMATION SYSTEMS INC,cusip_link
137642,14817C10,PTIE,0001069530,CASSAVA SCIENCES INC,cusip_link
024035,14838T20,CTM,0001877939,Castellum Inc,cusip_link
165691,14843510,ROX,,,not_found
035396,14843C10,CSTL,0001447362,CASTLE BIOSCIENCES INC,cusip_link
019773,14862Q10,CSLT,0001433714,CASTLIGHT HEALTH INC,cusip_link
020228,14880610,CTLT,,,not_found
175966,14888U10,CPRX,0001369568,CATALYST PHARMACEUTICALS INC,cusip_link
043023,14892910,CAVA,0001639438,"CAVA GROUP, INC.",ticker_fallback
002817,14912310,CAT,0000018230,CATERPILLAR INC,ticker_fallback
002818,14920510,CATO,0000018255,CATO CORP,ticker_fallback
002820,14956810,CVCO,0000278166,"CAVCO INDUSTRIES, INC.",ticker_fallback
177225,14964U10,CAVM,,,not_found
179662,14964V20,CAVO,0001376742,CAVICO CORP,cusip_link
163987,14984710,CBEY,,,not_found
148772,14986C10,CBAK,0001117171,CBAK Energy Technology Inc,cusip_link
029612,15083810,CGI,,,not_found
162254,15087010,CE,0001306830,Celanese Corp,ticker_fallback
018613,15089R10,CPXX,0001327467,Celator Pharmaceuticals Inc,cusip_link
033706,15096410,CENN,0001707919,Cenntro Inc.,ticker_fallback
127234,15100E10,CRA,0000077551,APPLIED BIOSYSTEMS INC,cusip_link
013599,15102010,CELG,,,not_found
032356,15102K10,CELC,0001603454,Celcuity Inc,cusip_link
066798,15116910,CLU,,,not_found
179598,15117B20,CLDX,0000744218,Celldex Therapeutics Inc,cusip_link
177179,15117P10,CBMG,0001378624,Cellular Biomedicine Group Inc,cusip_link
018115,15117V10,ICEL,0001482080,CELLULAR DYNAMICS INTERNATIONAL INC,cusip_link
175269,15118V20,,0001341766,CELSIUS HOLDINGS INC,cusip_link
039277,15119020,CELU,0001752828,Celularity Inc,ticker_fallback
005742,15189T10,CNP,0001130310,CENTERPOINT ENERGY INC,cusip_link
111961,15343510,CEDC,,,not_found
025536,15352720,CENTA,0000887733,CENTRAL GARDEN & PET CO,ticker_fallback
002870,15577110,CV,0001378325,"CapsoVision, Inc",ticker_fallback
045232,15592310,CTRI,0001981599,"Centuri Holdings, Inc.",ticker_fallback
062516,15643110,CENX,0000949157,CENTURY ALUMINUM CO,ticker_fallback
112759,15643U10,USU,0001065059,CENTRUS ENERGY CORP,cusip_link
026863,15644G10,DFBG,0000844143,Centric Brands Inc,cusip_link
029151,15649210,CNTY,0000911147,CENTURY CASINOS INC /CO/,ticker_fallback
018004,15650430,CCS,0001576940,"Century Communities, Inc.",ticker_fallback
023945,15670810,CEPH,,,not_found
136804,15670R10,CPHD,0001037760,CEPHEID,cusip_link
061338,15670S40,CVO,0000920321,CENVEO INC,cusip_link
002888,15671010,CRDN,,,not_found
035614,15672710,CRNC,0001768267,Cerence Inc.,ticker_fallback
036335,15672X20,CISO,0001777319,"CISO Global, Inc.",ticker_fallback
038920,15673T10,IPSC,0001850119,Century Therapeutics Inc,cusip_link
037908,15673X20,CPTN,0001498233,Cepton Inc,cusip_link
187285,15677340,CERE,,,not_found
023546,15677J10,CDAY,0001725057,Dayforce Inc,cusip_link
012850,15678210,CERN,,,not_found
050525,15678C10,CBLL,0001861107,Ceribell Inc,cusip_link
037275,15678U12,CERE,0001805387,Cerevel Therapeutics Holdings Inc,cusip_link
037414,15687V10,CERT,0001827090,Certara Inc,cusip_link
043858,15694410,CGON,0001991792,"CG Oncology, Inc.",ticker_fallback
064327,15708510,CERS,0001020214,CERUS CORP,ticker_fallback
026809,15713L10,,0001053691,CervoMed Inc,cusip_link
014983,15870P30,,0000771856,CHAMPIONS ONCOLOGY INC,cusip_link
033326,15872M10,APY,0001723089,ChampionX Corp,cusip_link
034954,15912K10,CHNG,0001756497,Change Healthcare Inc,cusip_link
017811,15917910,ECOM,,,not_found
165556,15942R20,CHAP,0001346980,Chaparral Energy Inc,cusip_link
033596,15957P30,CHRA,0001730346,Charah Solutions Inc,cusip_link
176064,15961010,CRGE,,,not_found
065850,15976520,CTHR,,,not_found
137131,15986410,CRL,0001100682,"CHARLES RIVER LABORATORIES INTERNATIONAL, INC.",ticker_fallback
002938,16113310,CHRS,0001512762,"Coherus Oncology, Inc.",ticker_fallback
025964,16115Q30,GTLS,0000892553,CHART INDUSTRIES INC,cusip_link
126136,16119P10,CHTR,0001091667,CHARTER COMMUNICATIONS INC /MO/,cusip_link
003203,16150R10,CCF,0000830524,CHASE CORP,cusip_link
036779,16281810,CMPI,,,not_found
002953,16282510,CKP,,,not_found
029013,16282820,CKPT,,,not_found
025737,16307210,CAKE,0000887596,CHEESECAKE FACTORY INC,ticker_fallback
042891,16307X20,CTNT,0001951667,CHEETAH NET SUPPLY CHAIN SERVICE INC.,ticker_fallback
186960,16308610,CHEF,0001517175,"Chefs' Warehouse, Inc.",ticker_fallback
018556,16309210,CHGG,0001364954,"CHEGG, INC",ticker_fallback
153793,16342810,CHTP,,,not_found
140568,16357220,CEMI,,,not_found
002960,16359R10,CHE,0000019584,ROTO-ROOTER INC,cusip_link
179671,16383L10,CCXI,0001340652,ChemoCentryx Inc,cusip_link
022741,16385110,CC,0001627223,Chemours Co,ticker_fallback
003607,16389320,,,,not_found
176914,16411Q10,CQP,0001383650,CHENIERE ENERGY PARTNERS LP,cusip_link
029453,16411R20,LNG,0000003570,Cheniere Energy Inc,cusip_link
019296,16411W10,CQH,0001582966,Cheniere Energy Partners LP Holdings LLC,cusip_link
027786,16516773,CHK,,,not_found
002986,16530310,CPK,0000019745,CHESAPEAKE UTILITIES CORP,ticker_fallback
002991,16676410,CVX,0000093410,CHEVRON CORP,ticker_fallback
035287,16679L10,CHWY,0001766502,Chewy Inc,cusip_link
024523,16706W10,CHMA,0001339469,CHIASMA INC,cusip_link
002999,16808810,CVR,0000019871,CHICAGO RIVET & MACHINE CO,ticker_fallback
032322,16842Q10,CSSE,0001679063,Chicken Soup for the Soul Entertainment Inc,cusip_link
027981,16861510,CHS,,,not_found
065430,16890510,PLCE,0001041859,"Childrens Place, Inc.",ticker_fallback
183703,16890A20,CELM,,,not_found
184351,16890G20,CIL,,,not_found
153191,16891020,CHNG,,,not_found
017498,16934W10,CMRX,,,not_found
178304,16936J20,CALI,0001355042,China Auto Logistics Inc,cusip_link
164126,16937A20,CAGC,0001166389,CHINA AGRITECH INC,cusip_link
164342,16937B10,CHBT,0001271057,CHINA-BIOTICS INC,cusip_link
162384,16938R10,CFSG,0001271940,CHINA FIRE & SECURITY GROUP INC,cusip_link
160471,16938Y30,CEU,0001203900,CHINA EDUCATION ALLIANCE INC,cusip_link
151364,16941G10,NEP,0000787251,CHINA NORTH EAST PETROLEUM HOLDINGS LTD,cusip_link
176369,16941J20,CPSL,0001044577,China Precision Steel Inc,cusip_link
061205,16941P10,CSKI,0000798985,CHINA SKY ONE MEDICAL INC,cusip_link
177677,16941X10,KUN,,,not_found
109181,16942310,CRTP,,,not_found
064720,16942H10,SHZ,0000790024,CHINA SHEN ZHOU MINING & RESOURCES INC,cusip_link
166028,16942J10,CSR,0001260625,CHINA SECURITY & SURVEILLANCE TECHNOLOGY INC,cusip_link
166443,16942P10,CHGS,0001338578,CHINA GENGSHENG MINERALS INC,cusip_link
144383,16943R10,CMFO,0001099977,CHINA MARINE FOOD GROUP LTD,cusip_link
021241,16943W20,CGA,0000857949,China Green Agriculture Inc,cusip_link
183714,16944210,CCME,,,not_found
177731,16944H10,CIIC,,,not_found
129438,16944U10,CNGL,,,not_found
140761,16945310,CTFO,,,not_found
137371,16945D30,CNYD,0001091325,CHINA YIDA HOLDING CO,cusip_link
030618,16946710,CHDX,,,not_found
178443,16946P10,CAEI,0001287668,CHINA CGAME INC,cusip_link
270989,16946T10,CAST,0001261888,CHINACAST EDUCATION CORP,cusip_link
116284,16947620,CVVT,,,not_found
178327,16948F10,CXDC,0001353970,China XD Plastics Co Ltd,cusip_link
164407,16948P10,CBEH,0001070045,CHINA INTEGRATED ENERGY INC,cusip_link
184684,16950V20,CPGI,,,not_found
037168,16961L10,KDNY,0001435049,ADURO BIOTECH INC,cusip_link
165914,16965610,CMG,0001058090,CHIPOTLE MEXICAN GRILL INC,ticker_fallback
010884,17003280,CQB,,,not_found
025108,17104610,CBK,0001981546,"Commercial Bancgroup, Inc.",ticker_fallback
177367,17107740,CDXC,,,not_found
025181,17111710,CRC,0001609253,California Resources Corp,ticker_fallback
003026,17134010,CHD,0000313927,CHURCH & DWIGHT CO INC /DE/,ticker_fallback
003028,17148410,CHDN,0000020212,Churchill Downs Inc,ticker_fallback
187775,17160410,CHUY,,,not_found
003031,17160710,CHYR,,,not_found
032193,17166A10,CLXT,0001705843,Cibus Inc,cusip_link
023358,17175720,CDTX,,,not_found
064356,17177930,CIEN,0000936395,CIENA CORP,ticker_fallback
150699,17179810,XEC,,,not_found
003036,17187150,CBB,,,not_found
155616,17240630,CIDM,,,not_found
040475,17240Y10,CINC,0001868734,CinCor Pharma Inc,cusip_link
177108,17243V10,CNK,0001385280,Cinemark Holdings Inc,cusip_link
018321,17246410,OCIR,,,not_found
039620,17248W30,CING,0001862150,Cingulate Inc.,ticker_fallback
039538,17253J10,CIFR,0001819989,Cipher Digital Inc.,ticker_fallback
124775,17273K10,CIR,0001091883,CIRCOR INTERNATIONAL INC,cusip_link
016401,17275510,CRUS,0000772406,"CIRRUS LOGIC, INC.",ticker_fallback
020779,17275R10,CSCO,0000858877,CISCO SYSTEMS INC,cusip_link
003062,17290810,CTAS,0000723254,CINTAS CORP,ticker_fallback
163051,17306X10,CTRN,0001318484,CITI TRENDS INC,cusip_link
021807,17322U30,CTXR,0001506251,"Citius Pharmaceuticals, Inc.",ticker_fallback
038840,17331Y10,CTOR,0001851484,CITIUS ONCOLOGY INC,cusip_link
061676,17737610,CTXS,,,not_found
185337,17887R10,CIVI,0001608638,Civitas Solutions Inc,cusip_link
187698,17888H10,BCEI,0001509589,CIVITAS RESOURCES INC,cusip_link
003093,17989510,CLC,,,not_found
065042,18048910,CLRT,,,not_found
166142,18145M10,GLA,0000914139,PARKERVISION INC,cusip_link
185372,18270P10,BDE,0000913277,Clarus Corp,cusip_link
185946,18271L10,CRXT,0001817944,Clarus Therapeutics Holdings Inc,cusip_link
043674,18449210,ZONE,0001956741,"CleanCore Solutions, Inc.",ticker_fallback
014027,18449610,CLH,0000822818,CLEAN HARBORS INC,ticker_fallback
176343,18449910,CLNE,0001368265,Clean Energy Fuels Corp.,ticker_fallback
186904,18452B20,CLSK,0000827876,CLEANSPARK INC,cusip_link
164660,18453H10,CCO,0001334978,Clear Channel Outdoor Holdings Inc,cusip_link
038954,18467V10,YOU,0001856314,Clear Secure Inc,cusip_link
012482,18482P10,CLFD,0000796505,CLEARFIELD INC,cusip_link
171155,18506410,CLIR,0001434524,ClearSign Technologies Corp,ticker_fallback
184077,18507C10,MRIC,0001285550,ClearPoint Neuro Inc,cusip_link
039554,18512310,CWAN,0001866368,"Clearwater Analytics Holdings, Inc.",ticker_fallback
181904,18538Q10,CLWR,0001442505,CLEARWIRE CORP /DE,cusip_link
181931,18538R10,CLW,0001441236,CLEARWATER PAPER CORP,cusip_link
018293,18539C20,NYLD,,,not_found
037633,18563420,CLNN,0001822791,Clene Inc.,ticker_fallback
003107,18589910,CLF,0000764065,CLEVELAND-CLIFFS INC.,ticker_fallback
003116,18725U10,CLDA,0000716646,CLINICAL DATA INC,cusip_link
003121,18905410,CLX,0000021076,CLOROX CO /DE/,ticker_fallback
180635,18911Q10,CLD,0001441849,CLOUD PEAK ENERGY INC,cusip_link
031004,18914U10,CLDR,0001535379,Cloudera Inc,cusip_link
035604,18915M10,NET,0001477333,Cloudflare Inc,cusip_link
196055,18946410,CLVS,,,not_found
018339,18948M10,MYCC,0001577095,CLUBCORP HOLDINGS INC,cusip_link
031542,18976310,CODX,0001692415,"Co-Diagnostics, Inc.",ticker_fallback
003129,19034510,CRV,,,not_found
184040,19075F30,CIE,0001471261,Cobalt International Energy Inc,cusip_link
004128,19104210,COBR,,,not_found
003138,19109810,COKE,0000317540,"Coca-Cola Consolidated, Inc.",ticker_fallback
003144,19121610,KO,0000021344,COCA COLA CO,ticker_fallback
019467,19188J40,COCP,0001412486,Cocrystal Pharma Inc,cusip_link
183547,19188U20,CODA,0001334325,Coda Octopus Group Inc,cusip_link
038923,19200320,DNAY,,,not_found
179841,19200510,CDXS,0001200375,"CODEXIS, INC.",ticker_fallback
033081,19200A20,TMSR,0001641398,GD Culture Group Ltd,cusip_link
023494,19200J10,CDRB,0001613011,Code Rebel Corp,cusip_link
035154,19201010,CDAK,,,not_found
038082,19207A20,COEP,,,not_found
003153,19210850,CDE,0000215466,"Coeur Mining, Inc.",ticker_fallback
160742,19217610,JVA,0001007019,COFFEE HOLDING CO INC,ticker_fallback
147204,19239V30,CCOI,0001158324,COGENT COMMUNICATIONS GROUP INC,cusip_link
160498,19239Y10,COGT,0001289434,COGENT INC,cusip_link
036949,19240Q20,COGT,0001622229,"Cogent Biosciences, Inc.",ticker_fallback
016188,19242210,CGNX,0000851205,COGNEX CORP,ticker_fallback
065218,19243A10,VSCI,0000894237,COGENTIX MEDICAL INC /DE/,cusip_link
039290,19243B10,CGTX,0001455365,COGNITION THERAPEUTICS INC,cusip_link
111864,19244610,CTSH,0001058290,COGNIZANT TECHNOLOGY SOLUTIONS CORP,ticker_fallback
003157,19247910,COHR,0000820318,COHERENT CORP.,ticker_fallback
014561,19247G10,IIVI,0000820318,COHERENT CORP,cusip_link
021841,19249H10,CHRS,0001512762,Coherus BioSciences Inc,cusip_link
022803,19249J30,CWBR,,,not_found
003158,19257610,COHU,0000021535,COHU INC,ticker_fallback
064304,19306820,CWTR,,,not_found
030277,19329410,KCP,,,not_found
165640,19345930,CCIX,0002006291,Churchill Capital Corp IX/Cayman,ticker_fallback
179577,19401450,CFX,,,not_found
003170,19416210,CL,0000021665,COLGATE PALMOLIVE CO,ticker_fallback
125975,19421R20,CLCT,0001089143,COLLECTORS UNIVERSE INC,cusip_link
062667,19421W10,PSS,0001060232,COLLECTIVE BRANDS INC,cusip_link
023555,19459J10,COLL,0001267565,COLLEGIUM PHARMACEUTICAL INC,cusip_link
023521,19716T10,CLCD,0001348649,CoLucid Pharmaceuticals Inc,cusip_link
023827,19828010,CPGX,,,not_found
021895,19828110,CPPL,,,not_found
105936,19851610,COLM,0001050797,COLUMBIA SPORTSWEAR CO,ticker_fallback
062221,19933310,CMCO,0001005229,COLUMBUS MCKINNON CORP,ticker_fallback
064997,19990810,FIX,0001035983,COMFORT SYSTEMS USA INC,ticker_fallback
151928,20009T50,CBMX,0001383183,CombiMatrix Corp,cusip_link
003226,20030N10,CMCSA,0001166691,COMCAST CORP,cusip_link
036881,20037C10,CMRA,0001907685,Comera Life Sciences Holdings Inc,cusip_link
006809,20038K10,CFS,0000006814,COMFORCE CORP,cusip_link
022797,20050L10,MOC,0000864509,COMMAND SECURITY CORP,cusip_link
027635,20084V30,CHUBK,0001665658,CommerceHub Inc,cusip_link
003246,20172310,CMC,0000022444,COMMERCIAL METALS Co,ticker_fallback
160570,20260810,CVGI,0001290900,"Commercial Vehicle Group, Inc.",ticker_fallback
065142,20337210,CTV,,,not_found
018036,20337X10,COMM,0001517228,CommScope Holding Company Inc,cusip_link
023714,20366810,CYH,0001108109,COMMUNITY HEALTH SYSTEMS INC,ticker_fallback
174077,20416610,CVLT,0001169561,COMMVAULT SYSTEMS INC,ticker_fallback
157153,20451N10,CMP,0001227654,COMPASS MINERALS INTERNATIONAL INC,cusip_link
166368,20451Q10,CODI,0001345122,Compass Group Diversified Holdings LLC,cusip_link
178548,20452A10,CML,0001253955,COMPELLENT TECHNOLOGIES INC,cusip_link
164543,20453E10,CPX,0001340041,SPN FAIRWAY ACQUISITION INC,cusip_link
037364,20454B10,CMPX,0001738021,Compass Therapeutics Inc,cusip_link
185346,20454K10,GNOM,0001361103,COMPLETE GENOMICS INC,cusip_link
037153,20459V10,CMPO,0001823144,CompoSecure Inc,cusip_link
038059,20460L10,CSLR,0001838987,Complete Solaria Inc,cusip_link
147849,20530610,CPSI,,,not_found
003342,20547710,CTGX,,,not_found
026011,20563810,CPWR,0000827099,Ocean Thermal Energy Corp,ticker_fallback
066602,20563P10,CIX,0001049606,COMPX INTERNATIONAL INC,cusip_link
177780,20564W20,SCOR,0001158172,"COMSCORE, INC.",ticker_fallback
038077,20565040,COMS,,,not_found
034010,20576830,CRK,0000023194,COMSTOCK RESOURCES INC,ticker_fallback
003358,20582620,CMTL,0000023197,COMTECH TELECOMMUNICATIONS CORP /DE/,ticker_fallback
176289,20585910,COMV,,,not_found
012884,20586240,,,,not_found
003362,20588710,CAG,0000023217,CONAGRA BRANDS INC.,ticker_fallback
003416,20594410,CNW,,,not_found
062236,20601610,CPTS,,,not_found
019534,20602210,CNCE,,,not_found
037382,20602D10,CNXC,0001803599,Concentrix Corp,cusip_link
050345,20603L10,CON,0002014596,Concentra Group Holdings Parent Inc,cusip_link
177884,20605P10,CXO,0001358071,CONCHO RESOURCES INC,cusip_link
032098,20670410,INDU,,,not_found
116787,20670810,CNQR,,,not_found
028719,20678710,CNDT,0001677703,CONDUENT Inc,ticker_fallback
116526,20714230,CNXT,,,not_found
024084,20717E20,CFMS,,,not_found
038931,20717M10,CFLT,0001699838,Confluent Inc,cusip_link
013623,20741010,CNMD,0000816956,CONMED Corp,ticker_fallback
031751,20741M10,CONM,0000943324,CONMED HEALTHCARE MANAGEMENT INC,cusip_link
003394,20779710,CTWS,,,not_found
021999,20786J10,CNXR,,,not_found
041174,20794410,CNTM,0001895249,"ConnectM Technology Solutions, Inc.",ticker_fallback
156614,20824210,CONN,,,not_found
003399,20825486,CNLG,,,not_found
008549,20825C10,COP,0001163165,CONOCOPHILLIPS,cusip_link
039787,20848V10,CCSI,0001866633,Consensus Cloud Solutions Inc,cusip_link
023537,20855T10,CNXC,0001637558,CONSOL Coal Resources LP,cusip_link
162127,20903410,CNSL,,,not_found
003413,20911510,ED,0001047862,CONSOLIDATED EDISON INC,ticker_fallback
030310,20934110,CGX,,,not_found
178493,21031310,CTCT,,,not_found
002710,21036P10,STZ,0000016918,CONSTELLATION BRANDS INC,cusip_link
004049,21036U20,CNST,0000029806,CONSTAR INTERNATIONAL INC,cusip_link
001995,21037110,CEG,0001868275,Constellation Energy Corp,ticker_fallback
033724,21037310,CNST,,,not_found
040614,21037T10,CEG,0001868275,Constellation Energy Corp,cusip_link
033424,21044C10,ROAD,0001718227,Construction Partners Inc,cusip_link
018842,21075120,TCS,,,not_found
022053,21075N20,MCF,0001071993,CONTANGO OIL & GAS CO,cusip_link
186109,21077F10,CTGO,0001502377,Contango ORE Inc,cusip_link
039633,21077P10,CNTX,0001842952,Context Therapeutics Inc.,ticker_fallback
019442,21117110,CBPX,,,not_found
003465,21161530,CUO,,,not_found
003469,21201510,CLR,,,not_found
061061,21217210,CNU,,,not_found
045151,21217B10,CTNM,0001855175,Contineum Therapeutics Inc,cusip_link
021223,21232640,CFRX,,,not_found
018291,21240D10,CTRL,0001259515,CONTROL4 CORP,cusip_link
033150,21248110,CVON,,,not_found
113419,21248510,CVG,,,not_found
133547,21249J10,VCLK,0001080034,CONVERSANT INC,cusip_link
184219,21257W10,CNVO,,,not_found
038868,21258C10,CNVY,0001787640,Convey Health Solutions Holdings Inc,cusip_link
003504,21664850,COO,0000711404,"COOPER COMPANIES, INC.",ticker_fallback
163765,21676P10,CPS,0001320461,Cooper-Standard Holdings Inc,cusip_link
003502,21683110,CTB,,,not_found
162272,21720210,CPNO,,,not_found
029901,21720410,CPRT,0000900075,COPART INC,ticker_fallback
177949,21771220,COYN,,,not_found
022035,21833P30,CRBP,0001595097,Corbus Pharmaceuticals Holdings Inc,cusip_link
146616,21835210,CORT,0001088856,CORCEPT THERAPEUTICS INC,ticker_fallback
061759,21867A10,CLB,0001958086,Core Laboratories Inc /DE/,cusip_link
162876,21868110,CORE,,,not_found
014794,21868310,CMT,0001026655,CORE MOLDING TECHNOLOGIES INC,ticker_fallback
012796,21871D10,FAF,0000036047,CORELOGIC INC,cusip_link
021520,21873010,CVRS,,,not_found
037871,21874A10,CORZ,0001839341,Core Scientific Inc/tx,cusip_link
038870,21874C10,CNM,0001856525,Core & Main Inc,cusip_link
019912,21887L10,CORI,0001594337,Corium International Inc,cusip_link
183945,21900C30,CRMD,0001410098,CorMedix Inc,cusip_link
063707,21914110,CRN,,,not_found
181617,21924P10,CRTX,0001145404,CORNERSTONE THERAPEUTICS INC,cusip_link
025130,21925D10,NCS,,,not_found
185646,21925Y10,CSOD,,,not_found
003532,21935010,GLW,0000024741,CORNING INC /NY,ticker_fallback
007526,21979810,QDEL,0001906324,QuidelOrtho Corp,ticker_fallback
184700,21994810,FLT,,,not_found
062541,22004Y10,CRRS,0000943110,CORPORATE RESOURCE SERVICES INC,cusip_link
037090,22041X10,CRSR,0001743759,Corsair Gaming Inc,cusip_link
035168,22052L10,CTVA,0001755672,Corteva Inc,cusip_link
035102,22053A10,CRTX,0001662774,Cortexyme Inc,cusip_link
026895,22101510,CRVS,0001626971,"Corvus Pharmaceuticals, Inc.",ticker_fallback
148249,22122P20,COSI,0001171014,COSI INC,cusip_link
018874,22141330,COSM,0001474167,Cosmos Health Inc.,ticker_fallback
062590,22148510,CPWM,,,not_found
003612,22149T10,ATX,0000025793,COSTA INC,cusip_link
029028,22160K10,COST,0000909832,COSTCO WHOLESALE CORP /NEW,cusip_link
112111,22160N10,CSGP,0001057352,COSTAR GROUP INC,cusip_link
027245,22164K10,COTV,0001657197,Cotiviti Holdings Inc,cusip_link
012151,22207020,COTY,0001024305,COTY INC.,ticker_fallback
039059,22207T10,BASE,0001845022,Couchbase Inc,cusip_link
164746,22228P30,CPAH,0001236997,COUNTERPATH CORP,cusip_link
003556,22266010,CRRC,,,not_found
028084,22266L10,COUP,0001385867,Coupa Software Inc,cusip_link
038265,22266M10,COUR,0001651562,Coursera Inc,cusip_link
038092,22266T10,CPNG,0001834584,Coupang Inc,cusip_link
043284,22275C10,PODC,0001940177,"PodcastOne, Inc.",ticker_fallback
064162,22281610,CVD,,,not_found
023485,22282E10,CVA,0000225648,COVANTA HOLDING CORP,cusip_link
030877,22284P10,CVTI,0000928658,COVENANT LOGISTICS GROUP INC,cusip_link
011286,22289210,,,,not_found
034765,22304C10,CVET,0001752836,COVETRUS INC,cusip_link
033588,22305A10,CVIA,0001722287,Covia Holdings Corp,cusip_link
018571,22357R10,COVS,,,not_found
041878,22407B10,COYA,0001835022,Coya Therapeutics Inc,cusip_link
003570,22410J10,CBRL,0001067294,CRACKER BARREL OLD COUNTRY STORE INC,cusip_link
061192,22412210,HOOK,,,not_found
003580,22440810,CR,0001944013,Crane Co,ticker_fallback
042284,22444110,CXT,0000025445,"Crane NXT, Co.",ticker_fallback
061350,22522330,CRAY,,,not_found
182902,22529Y40,CELZ,0001187953,"CREATIVE MEDICAL TECHNOLOGY HOLDINGS, INC.",ticker_fallback
021554,22530J30,CREX,0001356093,CREATIVE REALITIES INC,cusip_link
003594,22543920,CRED,,,not_found
162894,22634420,NRGY,,,not_found
177124,22637810,NRGM,,,not_found
111629,22655210,IIG,,,not_found
184470,22658D10,CRCT,0001828962,Cricut Inc,cusip_link
025745,22662K20,CXPO,0000813779,CRIMSON EXPLORATION INC,cusip_link
033723,22663K10,CRNX,0001658247,Crinetics Pharmaceuticals Inc,cusip_link
164755,22704610,CROX,0001334036,"Crocs, Inc.",ticker_fallback
144396,22748310,CCRN,0001141103,CROSS COUNTRY HEALTHCARE INC,ticker_fallback
015212,22758A10,LGP,0001538849,CrossAmerica Partners LP,cusip_link
157074,22765Y10,XTXI,0001209821,CROSSTEX ENERGY INC,cusip_link
035182,22788C10,CRWD,0001535527,CrowdStrike Holdings Inc,cusip_link
003622,22830910,CRWS,0000025895,CROWN CRAFTS INC,ticker_fallback
003619,22836810,CCK,0001219601,"CROWN HOLDINGS, INC.",ticker_fallback
134026,22841110,CRWN,,,not_found
185083,22880310,CRMB,,,not_found
023790,22889510,,,,not_found
027823,22890310,CRY,,,not_found
162146,22905030,CYRX,0001124524,"Cryoport, Inc.",ticker_fallback
025731,22940F10,VPS,0001123316,CRYSTAL ROCK HOLDINGS INC,cusip_link
185926,22945C10,CTP,0001439199,CTPARTNERS EXECUTIVE SEARCH INC,cusip_link
003639,22966910,CUB,0002015955,Lionheart Holdings,ticker_fallback
133166,22967510,QBC,,,not_found
063866,22967810,CBST,,,not_found
032674,22978P10,CUE,0001645460,Cue Biopharma Inc,cusip_link
039563,22979010,HLTH,,,not_found
018885,22979430,CUEN,0001424657,Cuentas Inc.,ticker_fallback
037675,23003110,CGEM,0001789972,"Cullinan Therapeutics, Inc.",ticker_fallback
003647,23021510,CFI,,,not_found
178097,23077010,CPIX,0001087294,CUMBERLAND PHARMACEUTICALS INC,ticker_fallback
003650,23102110,CMI,0000026172,CUMMINS INC,ticker_fallback
112030,23108280,CMLS,0001058623,CUMULUS MEDIA INC,ticker_fallback
138341,23126930,CRIS,0001108205,CURIS INC,ticker_fallback
037214,23130Q10,CURI,0001776909,CuriosityStream Inc,cusip_link
003662,23156110,CW,0000026324,CURTISS WRIGHT CORP,ticker_fallback
035490,23204X10,NSCO,,,not_found
146648,23210910,CUTR,,,not_found
012575,23243730,CYAN,0000768408,CYANOTECH CORP,ticker_fallback
018322,23247G10,CVT,0001122897,CVENT INC,cusip_link
017692,23247W10,CYNI,0001391636,CYAN INC,cusip_link
037526,23248B10,CXAI,0001820875,CXApp Inc,cusip_link
178063,23248L10,CYDE,0001377720,CYBERDEFENDER CORP,cusip_link
014108,23251710,CYBE,,,not_found
121656,23251J10,CYBS,0000934280,CYBERSOURCE CORP,cusip_link
006839,23252E10,CYBI,0000060876,CYBEX INTERNATIONAL INC,cusip_link
106100,23254X20,CYTH,0000922247,Cyclo Therapeutics Inc,cusip_link
034746,23255M20,CYCN,0001755237,Cyclerion Therapeutics Inc,cusip_link
063600,23257210,CYMI,,,not_found
164664,23257720,CYNO,,,not_found
019600,23257D10,CBAY,0001042074,CYMABAY THERAPEUTICS INC,cusip_link
116829,23258P10,CTEK,0001011432,CYNERGISTEK INC,cusip_link
005841,23267450,CYPB,,,not_found
019184,23275110,CELP,,,not_found
012215,23280610,CY,,,not_found
029511,23282010,CYT,,,not_found
158563,23282W60,CYTK,0001061983,CYTOKINETICS INC,ticker_fallback
163965,23283X20,CTSO,0001175151,Cytosorbents Corp,cusip_link
039371,23284C10,CYXT,0001794905,Cyxtera Technologies Inc,cusip_link
026112,23284F10,CTMX,0001501989,CytomX Therapeutics Inc,cusip_link
038925,23284P10,CYT,0001662244,Cyteir Therapeutics Inc,cusip_link
039246,23285D10,CTKB,0001831915,Cytek Biosciences Inc,cusip_link
004497,23291C10,BOOM,0000034067,DMC Global Inc,cusip_link
165466,23311P10,DPM,0001338065,DCP Midstream Partners LP,cusip_link
133945,23316250,DDIC,,,not_found
030939,23330F10,TBUS,0000853695,DRI CORP,cusip_link
025340,23331A10,DHI,0000882184,HORTON D R INC /DE/,cusip_link
177943,23331S10,DHX,0001393883,DHI GROUP INC,cusip_link
003707,23332610,DST,,,not_found
029722,23332B10,DSPG,0000915778,DSP GROUP INC /DE/,cusip_link
003897,23333110,DTE,0000936340,DTE ENERGY CO,ticker_fallback
012304,23335Q10,TSTF,,,not_found
184339,23336Q10,DSKX,0001463959,DS HEALTHCARE GROUP INC,cusip_link
064223,23337740,DXPE,0001020710,DXP ENTERPRISES INC,ticker_fallback
039508,23345J10,DICE,0001645569,DICE Therapeutics Inc,cusip_link
039041,23345M10,DTM,0001842022,DT Midstream Inc,cusip_link
003336,23355L10,CSC,0001688568,DXC Technology Co,cusip_link
063057,23372010,UNFY,,,not_found
012568,23391210,DJCO,0000783412,DAILY JOURNAL CORP,ticker_fallback
170994,23425510,DAKP,,,not_found
029705,23426410,DAKT,0000915779,DAKTRONICS INC /SD/,ticker_fallback
179288,23505010,AHC,,,not_found
003734,23582520,DAN,0000026780,DANA Inc,ticker_fallback
003735,23585110,DHR,0000313616,DANAHER CORP /DE/,ticker_fallback
037630,23627240,DNMR,,,not_found
032233,23666P20,DARE,0001401914,"Dare Bioscience, Inc.",ticker_fallback
179428,23703P30,DARA,,,not_found
031846,23719410,DRI,0000940944,DARDEN RESTAURANTS INC,ticker_fallback
030651,23726610,DAR,0000916540,DARLING INGREDIENTS INC.,ticker_fallback
024552,23753F10,DSKE,0001642453,Daseke Inc,cusip_link
003761,23769010,DAIO,0000351998,DATA I/O CORP,ticker_fallback
179363,23786R20,DTST,0001419951,Data Storage Corp,cusip_link
025320,23791720,DWCH,,,not_found
113269,23793410,DTLK,,,not_found
035620,23804L10,DDOG,0001561550,Datadog Inc,cusip_link
026415,23811630,DTSS,0002110423,Datasea Intelligent Technology Ltd.,ticker_fallback
039426,23816M20,DATS,,,not_found
037254,23821D10,MSP,,,not_found
060923,23833710,PLAY,0001525769,"Dave & Buster's Entertainment, Inc.",ticker_fallback
061483,23918K10,DVA,0000927066,DAVITA INC,cusip_link
003806,23936010,TGE,0002053456,Generation Essentials Group,ticker_fallback
003807,23946710,DXR,0000027367,DAXOR CORP,ticker_fallback
038763,23954D10,DAWN,0001845337,Day One Biopharmaceuticals Inc,cusip_link
157217,23962Q40,DSTI,,,not_found
164422,24230910,TRAK,0000050471,"ReposiTrak, Inc.",ticker_fallback
062655,24237020,DF,,,not_found
037863,24343R10,DBTX,0001656536,Decibel Therapeutics Inc,cusip_link
032383,24344T10,DCPH,0001654151,Deciphera Pharmaceuticals Inc,cusip_link
179454,24345A50,,0001505611,DecisionPoint Systems Inc,cusip_link
029015,24353710,DECK,0000910521,DECKERS OUTDOOR CORP,ticker_fallback
003833,24363120,DII,,,not_found
177465,24379J20,DEER,0001388855,DEER CONSUMER PRODUCTS INC,cusip_link
003835,24419910,DE,0000315189,DEERE & CO,ticker_fallback
039476,24477E10,DH,0001861795,Definitive Healthcare Corp,cusip_link
179094,24507710,DFRG,,,not_found
019168,24549610,LEVY,,,not_found
140023,24661P80,DCTH,0000872912,DELCATH SYSTEMS INC,cusip_link
012833,24664T10,DKL,0001552797,"Delek Logistics Partners, LP",ticker_fallback
166563,24665A10,DK,0001694426,"Delek US Holdings, Inc.",ticker_fallback
119474,24691110,DLIA,,,not_found
014489,24703L20,DELL,0001571996,Dell Technologies Inc,cusip_link
003851,24736170,DAL,0000027904,"DELTA AIR LINES, INC.",ticker_fallback
137432,24736810,DLA,,,not_found
003855,24774810,DGAS,,,not_found
064423,24784L10,PROJ,0001029299,DELTEK INC,cusip_link
064135,24785010,DEL,,,not_found
020653,24790A10,DEN,0000945764,DENBURY INC,cusip_link
003863,24801910,DLX,0000027996,DELUXE CORP,ticker_fallback
178113,24802R50,DMAN,0001400400,DEMANDTEC INC,cusip_link
187687,24802Y10,DWRE,0001301031,DEMANDWARE INC,cusip_link
136884,24823Q10,DNDN,0001107332,DENDREON CORP,cusip_link
032775,24823R10,DNLI,0001714899,Denali Therapeutics Inc,cusip_link
019398,24869P10,DENN,0000852772,DENNY'S Corp,cusip_link
013700,24906P10,XRAY,0000818479,DENTSPLY SIRONA Inc,cusip_link
030205,24982750,DSCI,,,not_found
021617,24983L10,DERM,0001557883,Dermira Inc,cusip_link
020621,24984K10,DMTK,0001651944,DermTech Inc,cusip_link
024171,25056510,DSW,,,not_found
038441,25056L10,DSGN,0001807120,"Design Therapeutics, Inc.",ticker_fallback
037537,25058X30,DM,,,not_found
027936,25065D10,DEST,0000896985,Destination Maternity Corp,cusip_link
013381,25065K10,CMRG,0000813298,DESTINATION XL GROUP INC,cusip_link
132644,25066010,SLTC,,,not_found
014934,25179M10,DVN,0000837330,DEVON ENERGY CORP /OK/,cusip_link
162887,25213110,DXCM,0001093557,DEXCOM INC,ticker_fallback
111631,25213A10,DXM,0001556739,DEX MEDIA INC,cusip_link
165943,25236610,CRDC,,,not_found
185661,25250T20,DLGC,0001366649,DIALOGIC INC,cusip_link
001884,25252910,DCAI,,,not_found
163627,25260310,DMND,,,not_found
064418,25269L10,DTPI,0000924940,DIAMOND MANAGEMENT & TECHNOLOGY CONSULTANTS INC,cusip_link
061409,25271C20,DO,0000949039,DIAMOND OFFSHORE DRILLING INC,cusip_link
185363,25272T10,DRII,0001566897,DIAMOND RESORTS INTERNATIONAL INC,cusip_link
170750,25278X10,FANG,0001539838,Diamondback Energy Inc,cusip_link
033500,25282810,MGTA,,,not_found
019470,25303110,DRNA,,,not_found
150139,25339310,DKS,0001089063,"DICK'S SPORTING GOODS, INC.",ticker_fallback
003946,25365120,DBD,0000028823,"DIEBOLD NIXDORF, Inc",ticker_fallback
063572,25367520,DDRX,,,not_found
016710,25379810,DGII,0000854775,DIGI INTERNATIONAL INC,ticker_fallback
181290,25381B10,DMRC,0001089443,DIGIMARC CORP,cusip_link
021076,25381F10,DGLT,0001487906,DIGILITI MONEY GROUP INC,cusip_link
170353,25383B10,DCIN,0001510326,DIGITAL CINEMA DESTINATIONS CORP,cusip_link
187809,25386U10,DDMG,0001490930,DIGITAL DOMAIN MEDIA GROUP INC,cusip_link
113362,25388B10,DRIV,0001062530,DIGITAL RIVER INC /DE,cusip_link
180029,25389M87,DGI,0001208208,DIGITALGLOBE INC,cusip_link
038881,25400Q10,DJT,0001849635,Trump Media & Technology Group Corp,cusip_link
009551,25400W10,,0000317788,Digital Turbine Inc,cusip_link
036748,25401G40,DMS,,,not_found
035152,25401N50,DBGI,0001668010,"Digital Brands Group, Inc.",ticker_fallback
038188,25402D10,DOCN,0001582961,DigitalOcean Holdings Inc,cusip_link
003964,25406710,DDS,0000028917,"DILLARD'S, INC.",ticker_fallback
026197,25433V10,DMTX,0001592288,Dimension Therapeutics Inc,cusip_link
003969,25454310,DIOD,0000029002,DIODES INC /DEL/,ticker_fallback
003971,25454610,DNEX,,,not_found
021047,25456K10,DPLO,0001610092,Diplomat Pharmacy Inc,cusip_link
038027,25460410,GMTX,,,not_found
040261,25461T10,DRCT,0001880613,Direct Digital Holdings Inc,cusip_link
003980,25468710,DIS,0001744489,Walt Disney Co,ticker_fallback
060900,25470M10,DISH,0001001082,DISH Network CORP,cusip_link
012206,25490A30,DTV,0001465112,DIRECTV,cusip_link
121153,25500T10,DITC,0001080667,DITECH NETWORKS INC,cusip_link
030175,25510410,AVCA,,,not_found
180759,25532M10,BAGR,0001394156,DIVERSIFIED RESTAURANT HOLDINGS INC,cusip_link
174471,25541310,DIVX,,,not_found
004001,25551910,DXYN,0000029332,DIXIE GROUP INC,ticker_fallback
037146,25608610,DCGO,0001822359,DocGo Inc.,ticker_fallback
033301,25616310,DOCU,0001261333,"DOCUSIGN, INC.",ticker_fallback
177982,25659P40,DM,0001396838,Dolan Co,cusip_link
002812,25660310,DOLE,0001857475,Dole plc,ticker_fallback
004016,25667710,DG,0000029534,DOLLAR GENERAL CORP,ticker_fallback
066061,25674310,DTG,0000936340,DTE ENERGY CO,ticker_fallback
031587,25674610,DLTR,0000935703,"DOLLAR TREE, INC.",ticker_fallback
175299,25686H30,DLPN,0001282224,"Dolphin Entertainment, Inc.",ticker_fallback
021918,25745410,DM,,,not_found
004029,25746U10,D,0000715957,DOMINION ENERGY INC,cusip_link
160211,25754A20,DPZ,0001286681,DOMINOS PIZZA INC,cusip_link
033603,25755410,DOMO,0001505952,"DOMO, INC.",ticker_fallback
176760,25755920,UFS,,,not_found
004036,25765110,DCI,0000029644,DONALDSON Co INC,ticker_fallback
004040,25786720,RRD,,,not_found
027803,25787G10,DFIN,0001669811,Donnelley Financial Solutions Inc,cusip_link
037420,25809K10,DASH,0001792789,DoorDash Inc,cusip_link
023753,25827810,DORM,0000868780,"Dorman Products, Inc.",ticker_fallback
065413,25848T10,HILL,0001042783,DOT HILL SYSTEMS CORP,cusip_link
175835,25859810,DBTK,,,not_found
038412,25862V10,DV,0001819928,DoubleVerify Holdings Inc,cusip_link
184258,25960R10,PLOW,0001287213,DOUGLAS DYNAMICS INC,cusip_link
031657,25985T10,DOVA,0001685071,Dova Pharmaceuticals Inc,cusip_link
004058,26000310,DOV,0000029905,DOVER Corp,ticker_fallback
147657,26009510,DDE,,,not_found
063708,26017410,DVD,,,not_found
165053,26041210,DOVR,,,not_found
034443,26055710,DOW,0001751788,DOW INC.,ticker_fallback
179700,26138E10,DPS,0001418135,Dr Pepper Snapple Group Inc,cusip_link
036404,26142V10,DKNG,0001883685,DraftKings Inc,cusip_link
160912,26153C10,DWA,0001297401,DreamWorks Animation SKG Inc,cusip_link
037793,26154D10,DFH,0001825088,Dream Finders Homes Inc,cusip_link
163948,26160810,DRC,,,not_found
013505,26198320,DRJ,,,not_found
040224,26205E10,DTI,0001884516,Drilling Tools International Corp,cusip_link
033152,26210C10,DBX,0001467623,DROPBOX INC,cusip_link
037751,26210V10,DRVN,0001804745,Driven Brands Holdings Inc,cusip_link
122355,26224110,DSCM,,,not_found
018290,26253C20,DSS,0000771999,"DSS, INC.",ticker_fallback
004087,26353410,DD,0001666700,"DuPont de Nemours, Inc.",ticker_fallback
036788,26412010,DCT,,,not_found
004091,26414710,DCO,0000030305,DUCOMMUN INC /DE/,ticker_fallback
038160,26414D10,NAPA,0001835256,Duckhorn Portfolio Inc,cusip_link
004093,26441C20,DUK,0001326160,Duke Energy CORP,ticker_fallback
026335,26443V10,DLTH,0001649744,DULUTH HOLDINGS INC,cusip_link
004094,26484T10,DNB,0001799208,Dun & Bradstreet Holdings Inc,cusip_link
176565,26502610,DEP,,,not_found
174222,26550410,DNKN,,,not_found
039122,26603R10,DUOL,0001562088,Duolingo Inc,cusip_link
165147,26605B10,DYP,0001086142,DUOYUAN PRINTING INC,cusip_link
004060,26614N10,DWDP,0001666700,DuPont de Nemours Inc,cusip_link
038927,26622P10,DOCS,0001516513,"Doximity, Inc.",ticker_fallback
170961,26658A10,DRTX,0001544116,DURATA THERAPEUTICS INC,cusip_link
140044,26660550,DRRX,,,not_found
024898,26689810,DUSA,,,not_found
039483,26701L10,BROS,0001866581,Dutch Bros Inc.,ticker_fallback
037136,26740W10,QBTS,0001907982,D-Wave Quantum Inc,cusip_link
158055,26745T10,,0001213809,DYADIC INTERNATIONAL INC,cusip_link
112754,26746E10,DYAX,0000907562,DYAX CORP,cusip_link
004115,26747510,DY,0000067215,DYCOM INDUSTRIES INC,ticker_fallback
025312,26779V10,DYII,0000890908,DYNACQ HEALTHCARE INC,cusip_link
063468,26784F10,DDMX,0001015483,DYNAMEX INC,cusip_link
004127,26805710,DRCO,,,not_found
004130,26810220,DYSL,,,not_found
035447,26815010,DT,0001773383,"Dynatrace, Inc.",ticker_fallback
004124,26815750,DYNT,,,not_found
141496,26815820,DVAX,,,not_found
184109,26817F10,DVOX,0001479426,DYNAVOX INC,cusip_link
025495,26817R10,DYN,0001818794,"Dyne Therapeutics, Inc.",ticker_fallback
036911,26818M10,DYN,0001818794,Dyne Therapeutics Inc,cusip_link
028071,26821110,DZSI,,,not_found
064282,26843B10,EFJI,0001023516,EF JOHNSON TECHNOLOGIES INC,cusip_link
027907,26856L10,ELF,0001600033,elf Beauty Inc,cusip_link
021124,26860310,LOCO,0001606366,"El Pollo Loco Holdings, Inc.",ticker_fallback
012053,26864810,EMC,,,not_found
004279,26873N10,ELMG,0000032198,EMS TECHNOLOGIES INC,cusip_link
016478,26875P10,EOG,0000821189,EOG RESOURCES INC,cusip_link
018660,26878510,EPE,,,not_found
064346,26882D10,EPIQ,0001027207,EPIQ SYSTEMS INC,cusip_link
140905,26883D10,EPL,,,not_found
004430,26884L10,EQT,0000033213,EQT Corp,cusip_link
170748,26885B10,EQM,0001540947,EQT MIDSTREAM PARTNERS LP,cusip_link
023072,26885J10,EQGP,,,not_found
038187,26886C10,EQRX,0001843762,EQRx Inc,cusip_link
039875,26916J20,GWH,0001819438,"ESS Tech, Inc.",ticker_fallback
033533,26927E10,EVOP,,,not_found
163720,26928A20,EVVV,0001318310,EV3 INC,cusip_link
007295,26929N10,EVI,0000065312,EVI INDUSTRIES INC,cusip_link
030032,26969P10,EXP,0000918646,EAGLE MATERIALS INC,cusip_link
019784,26979610,EGRX,,,not_found
175157,26985R10,EROC,0001364541,EAGLE ROCK ENERGY PARTNERS L P,cusip_link
037080,27008720,EAR,,,not_found
022671,27032D30,ESTE,0000010254,EARTHSTONE ENERGY INC,cusip_link
062391,27033X10,ELNK,,,not_found
004186,27631710,EML,0000031107,EASTERN CO,ticker_fallback
029392,27743210,EMN,0000915389,EASTMAN CHEMICAL CO,ticker_fallback
004194,27746140,KODK,0000031235,EASTMAN KODAK CO,ticker_fallback
031381,27785810,ESIC,,,not_found
114524,27864210,EBAY,0001065088,EBAY INC,ticker_fallback
038339,27870020,EBET,,,not_found
013480,27871520,EBIX,,,not_found
112774,27874N30,ELON,0000031347,ECHELON CORP,cusip_link
179957,27875T10,ECHO,0001426945,ECHO GLOBAL LOGISTICS INC,cusip_link
179202,27876810,SATS,0001415404,EchoStar CORP,ticker_fallback
065812,27876L20,,,,not_found
113270,27885610,ECLP,,,not_found
004213,27886510,ECL,0000031462,ECOLAB INC.,ticker_fallback
013128,27887810,EEI,,,not_found
027086,27888N40,ZEST,0001437491,RiskOn International Inc,cusip_link
165710,27922Y20,ECTY,0001301206,ECOTALITY INC,cusip_link
032285,27923Q10,PQG,0001708035,Ecovyst Inc,cusip_link
013630,27928510,EDAC,,,not_found
120816,27976510,EDGR,,,not_found
170418,28014Q10,EDG,0001537951,EDGEN GROUP INC,cusip_link
063667,28035810,EDGW,,,not_found
133367,28035Q10,ENR,0001096752,EDGEWELL PERSONAL CARE Co,cusip_link
038467,28036F10,EWTX,0001710072,"Edgewise Therapeutics, Inc.",ticker_fallback
136646,28059720,DIET,,,not_found
009846,28102010,EIX,0000827052,EDISON INTERNATIONAL,ticker_fallback
026874,28106W10,EDIT,0001650664,Editas Medicine Inc,cusip_link
063907,28140M10,EDMC,0000880059,EDUCATION MANAGEMENT CORPORATION,cusip_link
004225,28147910,EDUC,0000031667,EDUCATIONAL DEVELOPMENT CORP,ticker_fallback
133366,28176E10,EW,0001099800,EDWARDS LIFESCIENCES CORP,cusip_link
039510,28202V20,EFTR,,,not_found
124036,28225C80,,0001066194,EGAIN COMMUNICATIONS CORP,cusip_link
033641,28249H10,EIDX,0001731831,Eidos Therapeutics Inc,cusip_link
027046,28249U20,EIGR,,,not_found
022362,28252B85,EFSH,,,not_found
036399,28252C20,GOED,,,not_found
023287,28253910,CAFD,,,not_found
035776,28255910,ETNB,,,not_found
062330,28257U10,BAGL,0000949373,EINSTEIN NOAH RESTAURANT GROUP INC,cusip_link
065021,28291410,EGHT,0001023731,8X8 INC /DE/,ticker_fallback
004242,28336L10,EP,0001066107,EL PASO CORP/DE,cusip_link
004241,28367785,EE,0001888447,"Excelerate Energy, Inc.",ticker_fallback
178863,28370210,EPB,,,not_found
033955,28414H10,ELAN,0001739104,Elanco Animal Health Inc,cusip_link
029304,28473M10,ESYS,,,not_found
039105,28489L10,ELMS,0001784168,Electric Last Mile Solutions Inc,cusip_link
037906,28504610,ELIQ,,,not_found
004273,28521810,ELRC,,,not_found
004274,28522910,ESIO,,,not_found
004275,28523310,ELSE,0000351789,ELECTRO SENSORS INC,ticker_fallback
033614,28531P20,ECOR,0001560258,"electroCore, Inc.",ticker_fallback
185125,28540910,ELMD,0001488917,"Electromed, Inc.",ticker_fallback
016721,28551210,ERTS,,,not_found
025774,28608210,EFII,,,not_found
031301,28617K10,NVUS,0001404281,Eledon Pharmaceuticals Inc,cusip_link
315318,28618M10,PAH,0001590714,Element Solutions Inc,cusip_link
039060,28623U10,ELEV,0001783032,Elevation Oncology Inc,cusip_link
020307,28657F10,ANGN,0001601485,Elicio Therapeutics Inc,cusip_link
039271,28658R10,ELYM,0001768446,Eliem Therapeutics Inc,cusip_link
061763,28660G10,RDEN,0000095052,ELIZABETH ARDEN INC,cusip_link
186955,28849P10,ELLI,0001122388,ELLIE MAE INC,cusip_link
028303,28885310,PERY,,,not_found
187970,29013910,ELOQ,,,not_found
032858,29014R20,,,,not_found
114698,29076N20,,0001046995,EMAGIN CORP,cusip_link
037607,29079J20,EMBK,,,not_found
041050,29082K10,EMBC,0001872789,Embecta Corp,cusip_link
064637,29084640,EMKR,,,not_found
006223,29084Q10,EME,0000105634,EMCOR Group Inc,cusip_link
175903,29084T10,EM,0001444598,EMDEON INC,cusip_link
176022,29089Q10,EBS,0001367644,Emergent BioSolutions Inc,cusip_link
111581,29089V20,LZR,0001021097,EMERGENT GROUP INC/NY,cusip_link
061584,29100510,ESC,,,not_found
164571,29100P10,EMS,0001334544,EMERGENCY MEDICAL SERVICES LP,cusip_link
004321,29101110,EMR,0000032604,EMERSON ELECTRIC CO,ticker_fallback
184742,29101U40,VOG,0001283843,Emerald Oil Inc,cusip_link
017628,29102H10,EMES,0001555177,Emerge Energy Services LP,cusip_link
030998,29103W10,EEX,0001579214,Emerald Expositions Events Inc,cusip_link
004322,29108720,MSN,0000032621,EMERSON RADIO CORP,ticker_fallback
030870,29109X10,AZPN,0001897982,Aspen Technology Inc,cusip_link
015337,29152540,EMMS,,,not_found
004331,29164110,EDE,,,not_found
026028,29203430,EP,0000887396,EMPIRE PETROLEUM CORP,ticker_fallback
029129,29205230,NYNY,,,not_found
063698,29206E10,,0001019272,EMPIRE RESOURCES INC /NEW/,cusip_link
012621,29246J20,ERI,0000854852,EMRISE Corp,cusip_link
004340,29247520,ELX,,,not_found
019273,29248010,ENBL,,,not_found
024810,29250R10,EEP,0000880285,ENBRIDGE ENERGY PARTNERS LP,cusip_link
150838,29250X10,EEQ,0001173911,ENBRIDGE ENERGY MANAGEMENT L L C,cusip_link
016269,29251M10,ENTA,0001177648,ENANTA PHARMACEUTICALS INC,cusip_link
025572,29256210,WIRE,,,not_found
178319,29257A10,ENP,0001398664,ENCORE ENERGY PARTNERS LP,cusip_link
022507,29257R20,ENCO,,,not_found
146137,29259G20,END,0001112412,ENDEAVOUR INTERNATIONAL CORP,cusip_link
035245,29260Y10,EDR,0001766363,Endeavor Group Holdings Inc,cusip_link
012589,29261A10,HLS,0000785161,Encompass Health Corp,cusip_link
140736,29264A20,ENWV,0001118941,ENDWAVE CORP,cusip_link
004352,29265910,ENER,,,not_found
004351,29265N10,EGN,0000277595,ENERGEN CORP,cusip_link
063083,29266S30,ELGX,0001013606,ENDOLOGIX INC /DE/,cusip_link
027873,29267A20,HEV,0000895642,ENER1 INC,cusip_link
030614,29268T50,EFOI,0000924168,"ENERGY FOCUS, INC/DE",ticker_fallback
185428,29269A10,ECYT,0001235007,ENDOCYTE INC,cusip_link
179738,29270J10,ERII,0001421517,Energy Recovery Inc,cusip_link
174282,29271Q10,ESA,0001357971,Energy Services of America CORP,cusip_link
197559,29272B10,EIGI,0001237746,ENDURANCE INTERNATIONAL GROUP HOLDINGS INC,cusip_link
023889,29272U10,GI,0001623919,EndoChoice Holdings Inc,cusip_link
023083,29272W10,ENR,0001632790,ENERGIZER HOLDINGS INC,cusip_link
029418,29273B50,NDRA,0001681682,ENDRA Life Sciences Inc.,ticker_fallback
165649,29273V10,ETE,0001276187,Energy Transfer LP,cusip_link
178846,29275620,ES,0000072741,EVERSOURCE ENERGY,ticker_fallback
160893,29275Y10,ENS,0001289308,ENERSYS,cusip_link
177256,29276410,ENOC,,,not_found
001706,29276510,ATU,,,not_found
184006,29276K10,EXXI,0001404973,Energy XXI Gulf Coast Inc,cusip_link
141720,29278N10,SXL,0001161154,Energy Transfer Partners LP,cusip_link
037937,29280W10,NRGV,0001828536,Energy Vault Holdings Inc,cusip_link
039684,29281210,ENFN,,,not_found
039526,29283F10,ESMT,0001863105,EngageSmart Inc,cusip_link
012413,29286C10,EGL,0001544229,Engility Holdings Inc,cusip_link
061971,29330620,ENG,,,not_found
041366,29332G10,EHAB,0001803737,Enhabit Inc,cusip_link
039908,29335V10,ENJY,0001830180,ENJOY TECHNOLOGY INC/DE,cusip_link
019935,29336T10,ENLC,0001592000,EnLink Midstream LLC,cusip_link
150277,29336U10,XTEX,0001179060,ENLINK MIDSTREAM PARTNERS LP,cusip_link
036204,29337E10,IMRA,0001672619,Enliven Therapeutics Inc,cusip_link
004390,29338910,EBF,0000033002,"ENNIS, INC.",ticker_fallback
187450,29355A10,ENPH,0001463101,Enphase Energy Inc,cusip_link
277918,29355M20,ENA,0000922237,ENOVA SYSTEMS INC,cusip_link
148950,29355X10,NPO,0001164863,Enpro Inc,cusip_link
178803,29358P10,ENSG,0001125376,ENSIGN GROUP INC,cusip_link
185323,29358Y20,,,,not_found
039251,29359410,ENVX,0001828318,Enovix Corp,ticker_fallback
272699,29359T10,ZBB,,,not_found
039160,29360250,ENSC,0001716947,"Ensysce Biosciences, Inc.",ticker_fallback
034016,29361410,ETTX,,,not_found
137573,29362U10,ENTG,0001101302,ENTEGRIS INC,cusip_link
022667,29363K10,ENTL,0001374128,ENTELLUS MEDICAL INC,cusip_link
007366,29364G10,ETR,0000065984,ENTERGY CORP /DE/,cusip_link
164668,29371610,EPE,,,not_found
112876,29379210,EPD,0001061219,ENTERPRISE PRODUCTS PARTNERS L.P.,ticker_fallback
137943,29382R10,EVC,0001109116,ENTRAVISION COMMUNICATIONS CORP,cusip_link
144139,29383V30,EGT,0001004673,Entertainment Gaming Asia Inc,cusip_link
039869,29384C10,TRDA,0001689375,Entrada Therapeutics Inc,cusip_link
178943,29384R10,ENTR,0001227930,ENTROPIC COMMUNICATIONS INC,cusip_link
004409,29390410,ENZN,0000727510,"Viskase Holdings, Inc.",ticker_fallback
012096,29402E10,DGSE,,,not_found
006995,29402J10,HTCO,0001928948,High-Trend International Group,ticker_fallback
004418,29410010,ENZ,,,not_found
186995,29413T10,ENVI,0001174266,ENVIVIO INC,cusip_link
018432,29413U10,EVHC,,,not_found
187697,29414B10,EPAM,0001352010,EPAM Systems Inc,cusip_link
065967,29414D10,AMSG,0001678531,Envision Healthcare Corp,cusip_link
023296,29415B10,EVA,0001592057,Enviva LLC,cusip_link
037392,29415C10,EOSE,0001805077,"Eos Energy Enterprises, Inc.",ticker_fallback
035497,29415F10,NVST,0001757073,Envista Holdings Corp,cusip_link
032396,29415J10,HJLI,0001661053,enVVeno Medical Corp,cusip_link
038030,29415V10,COCH,0001840877,"Envoy Medical, Inc.",ticker_fallback
063986,29426810,PLUS,0001022408,EPLUS INC,ticker_fallback
025859,29426L10,EPIC,0000891178,EPICOR SOFTWARE CORP,cusip_link
021126,29428P10,EPRS,0001135906,EPIRUS BIOPHARMACEUTICALS INC,cusip_link
017808,29428V10,EPZM,0001571498,EPIZYME INC,cusip_link
180030,29429D10,EPOC,0001096738,EPOCRATES INC,cusip_link
043360,29430C10,VSTS,0001967649,Vestis Corp,cusip_link
004423,29442910,EFX,0000033185,EQUIFAX INC,ticker_fallback
034164,29446K10,EQ,0001746466,Equillium Inc,cusip_link
034337,29460010,ETRN,,,not_found
039198,29479A10,ERAS,0001761918,"Erasca, Inc.",ticker_fallback
064341,29481V10,ERES,0001026650,ERESEARCHTECHNOLOGY INC /DE/,cusip_link
184868,29482P10,EAC,0001490165,ERICKSON AIR-CRANE INC,cusip_link
128098,29490B10,IVD,,,not_found
184652,29562510,CAK,,,not_found
004448,29605610,ESCA,0000033488,ESCALADE INC,ticker_fallback
041059,29605J10,ESAB,0001877322,ESAB Corp,cusip_link
004052,29606410,DBLE,,,not_found
025711,29607430,ESMC,0000862668,ESCALON MEDICAL CORP,ticker_fallback
023224,29631510,ESE,0000866706,ESCO TECHNOLOGIES INC,ticker_fallback
018162,29664W10,ESPR,0001434868,ESPERION THERAPEUTICS INC,cusip_link
004450,29665010,ESP,0000033533,ESPEY MFG & ELECTRONICS CORP,ticker_fallback
010981,29668910,USTR,,,not_found
008542,29670G10,WTR,,,not_found
183480,29718710,ESSX,,,not_found
004460,29742510,ESL,,,not_found
038535,29758410,ESLA,0001844417,"Estrella Immunopharma, Inc.",ticker_fallback
023252,29760210,ETH,0002020455,Grayscale Ethereum Staking Mini ETF,ticker_fallback
033997,29772L10,ETON,0001360214,HARROW HEALTH INC,cusip_link
023238,29786A10,ETSY,0001370637,ETSY INC,cusip_link
170759,29788A10,EOPN,,,not_found
036299,29788T10,PCPL,0001800347,E2open Parent Holdings Inc,cusip_link
039365,29882P10,EWCZ,0001856236,European Wax Center Inc,cusip_link
037373,29970N10,EVEX,0001823652,Eve Holding Inc,cusip_link
033444,29973420,EVLO,,,not_found
034076,29975E10,EB,0001475115,Eventbrite Inc,cusip_link
165728,29976620,EVK,,,not_found
038924,29977X10,EVCM,0001853145,EverCommerce Inc,cusip_link
027874,29978A10,EVBG,0001437352,EVERBRIDGE INC,cusip_link
140904,30033R30,ESLR,0000947397,EVERGREEN SOLAR INC,cusip_link
163678,30034T10,GCA,0001318568,Everi Holdings Inc,cusip_link
006338,30034W10,WR,0001711269,Evergy Inc,cusip_link
185375,30040P10,EVTC,0001559865,EVERTEC Inc,cusip_link
007970,30040W10,NU,0000072741,EVERSOURCE ENERGY,cusip_link
184208,30041510,EVDY,,,not_found
033694,30041R10,EVER,0001640428,EverQuote Inc,cusip_link
028087,30041T10,MRAM,0001438423,EVERSPIN TECHNOLOGIES INC.,ticker_fallback
050838,30042610,ECG,0002015845,"Everus Construction Group, Inc.",ticker_fallback
018025,30043910,EVRY,,,not_found
062626,30049A10,EPM,0001006655,EVOLUTION PETROLEUM CORP,cusip_link
018173,30049G30,EVOK,,,not_found
039280,30049H10,EVLV,0001805385,Evolv Technologies Holdings Inc,cusip_link
110529,30049R20,EVOL,0001052054,Symbolic Logic Inc,cusip_link
023818,30050B10,EVH,0001628908,Evolent Health Inc,cusip_link
032919,30052C10,EOLS,0001570562,Evolus Inc,cusip_link
039159,30052F10,EVGO,0001821159,EVgo Inc,cusip_link
175271,30053M20,CEP,,,not_found
032610,30057T10,AQUA,0001604643,Evoqua Water Technologies Corp,cusip_link
187773,30061450,EXA,,,not_found
141277,30063P10,EXAS,0001124140,EXACT SCIENCES CORP,cusip_link
004476,30064510,EXAR,,,not_found
062948,30064E10,EXAC,0000913165,EXACTECH INC,cusip_link
196855,30064K10,ET,0001420850,EXACTTARGET INC,cusip_link
185584,30066A10,EXAM,0001498021,ExamWorks Group Inc,cusip_link
026528,30068X10,XGN,0001274737,EXAGEN INC,cusip_link
040560,30069T10,EE,0001888447,Excelerate Energy Inc,cusip_link
008539,30161N10,EXC,0001109357,EXELON Corp,cusip_link
133885,30161Q10,EXEL,0000939767,EXELIXIS INC,cusip_link
189490,30162A10,XLS,0001524471,EXELIS INC,cusip_link
032074,30162V80,XELA,0001620179,Exela Technologies Inc,cusip_link
013634,30205120,XIDE,,,not_found
033499,30205M30,XCUR,0001698530,EXICURE INC,cusip_link
162449,30208110,EXLS,0001297989,"ExlService Holdings, Inc.",ticker_fallback
017012,30210410,XONE,,,not_found
126296,30212P30,EXPE,0001324424,"Expedia Group, Inc.",ticker_fallback
004494,30213010,EXPD,0000746515,EXPEDITORS INTERNATIONAL OF WASHINGTON INC,ticker_fallback
023027,30214U10,EXPO,0000851520,EXPONENT INC,cusip_link
040849,30218B20,XPON,0001894954,Expion360 Inc.,ticker_fallback
144375,30218U30,XJT,0001144331,EXPRESSJET HOLDINGS INC,cusip_link
184323,30219E20,EXPR,0001483510,EXPRESS INC,cusip_link
025356,30219G10,ESRX,,,not_found
039895,30219Q10,EXFY,0001476840,Expensify Inc,cusip_link
019163,30224P20,STAY,,,not_found
119574,30226D10,EXTR,0001078271,EXTREME NETWORKS INC,cusip_link
023864,30227H10,EXTN,0001635881,Exterran Corp,cusip_link
027677,30227M30,XOG,,,not_found
024430,30230110,EZPW,0000876523,EZCORP INC,ticker_fallback
004503,30231G10,XOM,0000034088,EXXON MOBIL CORP,cusip_link
253527,30233G20,PSDV,0001314102,EyePoint Pharmaceuticals Inc,cusip_link
031881,30241L10,FEIC,0000914329,FEI CO,cusip_link
028477,30244510,FLIR,,,not_found
004510,30249130,FMC,0000037785,FMC CORP,ticker_fallback
038739,30249210,FLYW,0001580560,Flywire Corp,ticker_fallback
142811,30249U10,FTI,0001135152,FMC TECHNOLOGIES INC,cusip_link
032592,30258N10,FAT,0001705012,Fat Brands Inc,cusip_link
038770,30260D10,FIGS,0001846576,"FIGS, Inc.",ticker_fallback
015293,30263310,FSII,,,not_found
028460,30269510,FXEN,,,not_found
127475,30277110,WZE,,,not_found
018240,30283R40,FTNW,0001122063,FTE Networks Inc,cusip_link
033067,30283W30,FTSI,0001529463,FTS International Inc,cusip_link
062823,30294110,FCN,0000887936,"FTI CONSULTING, INC",ticker_fallback
170617,30303M10,FB,,,not_found
063172,30307510,FDS,0001013237,FACTSET RESEARCH SYSTEMS INC,ticker_fallback
345556,30315R10,FSTX,0001566373,F-star Therapeutics Inc,cusip_link
038673,30320C30,FTCI,0001828161,"FTC Solar, Inc.",ticker_fallback
039061,30322L10,FXLV,0001788717,F45 Training Holdings Inc,cusip_link
013824,30325010,FICO,0000814547,FAIR ISAAC CORP,ticker_fallback
061285,30329Y30,PIH,,,not_found
065643,30372610,FCS,,,not_found
185277,30555Q10,FMSA,0001010858,FAIRMOUNT SANTROL HOLDINGS INC,cusip_link
148217,30556030,FRP,,,not_found
014868,30603D10,FWM,0001555492,FAIRWAY GROUP HOLDINGS CORP,cusip_link
038370,30612110,FBYD,0001937987,"Falcon's Beyond Global, Inc.",ticker_fallback
004560,30700010,FDO,,,not_found
039318,30735988,FFIE,,,not_found
004579,30767510,FARM,,,not_found
065421,31164210,FARO,,,not_found
037843,31187R10,FSRD,,,not_found
035120,31188V10,FSLY,0001517413,Fastly Inc,cusip_link
018562,31189P10,FATE,0001434316,FATE THERAPEUTICS INC,cusip_link
037817,31189Y20,FATH,,,not_found
014225,31190010,FAST,0000815556,FASTENAL CO,ticker_fallback
004600,31354940,FDML,,,not_found
004608,31385510,FSS,0000277509,FEDERAL SIGNAL CORP /DE/,ticker_fallback
037779,31423J10,FAZE,0001839360,FaZe Holdings Inc,cusip_link
004598,31428X10,FDX,0001048911,FDX CORP,cusip_link
127644,31429Y10,ADY,,,not_found
023630,31446L10,FENX,0001615153,Fenix Parts Inc,cusip_link
038829,31447E10,FEMY,0001339005,FEMASYS INC,cusip_link
100644,31488V10,FERG,0002011641,Ferguson Enterprises Inc /DE/,cusip_link
004622,31540510,FOE,,,not_found
121077,31561610,FFIV,0001048695,"F5, INC.",ticker_fallback
041133,31561T10,AIEV,0001912582,Feutune Light Acquisition Corp,cusip_link
175465,31567R20,FTWR,0001010286,FIBERTOWER CORP,cusip_link
021132,31572140,FCSC,,,not_found
043574,31573L10,FBLG,0001958777,"FibroBiologics, Inc.",ticker_fallback
165993,31620M10,FIS,0001136893,FIDELITY NATIONAL INFORMATION SERVICES INC,cusip_link
106418,31657010,FPP,,,not_found
187833,31660B10,FRGI,0001534992,FIESTA RESTAURANT GROUP INC,cusip_link
038389,31773D20,FNCH,,,not_found
126417,31787A50,FNSR,0001094739,FINISAR CORP,cusip_link
018108,31788H30,,,,not_found
025357,31792310,FINL,,,not_found
021663,31797010,,,,not_found
039048,31846B10,FA,0001210677,FIRST ADVANTAGE CORP,cusip_link
025157,32008D10,FDC,0000883980,FIRST DATA CORP,cusip_link
038824,32055110,DIBS,0001600641,"1stdibs.com, Inc.",ticker_fallback
175404,33643310,FSLR,0001274494,"FIRST SOLAR, INC.",ticker_fallback
039595,33748L10,FWRG,0001789940,"First Watch Restaurant Group, Inc.",ticker_fallback
024157,33768G10,FCFS,0000840489,"FirstCash Holdings, Inc.",ticker_fallback
012635,33773810,FISV,0000798354,FISERV INC,ticker_fallback
018364,33775620,FSCI,,,not_found
008099,33793210,FE,0001031296,FIRSTENERGY CORP,ticker_fallback
023856,33812L10,FIT,0001447599,FITBIT INC,cusip_link
037318,33813J10,FSR,,,not_found
171141,33829M10,FIVE,0001177609,FIVE BELOW INC,cusip_link
019908,33830710,FIVN,0001288847,"Five9, Inc.",ticker_fallback
018430,33830X10,FPRX,0001175505,FIVE PRIME THERAPEUTICS INC,cusip_link
146500,33832D20,FVE,0001159281,FIVE STAR SENIOR LIVING INC,cusip_link
004759,33851710,BDL,0000012040,FLANIGANS ENTERPRISES INC,ticker_fallback
004771,33938210,FLXS,0000037472,FLEXSTEEL INDUSTRIES INC,ticker_fallback
019511,33938J10,FLXN,0001419600,FLEXION THERAPEUTICS INC,cusip_link
022155,33975010,FND,0001507079,"Floor & Decor Holdings, Inc.",ticker_fallback
028347,34338940,FTK,0000928054,FLOTEK INDUSTRIES INC/CN/,ticker_fallback
004818,34341210,FLR,0001124198,FLUOR CORP,ticker_fallback
004807,34346810,FLOW,,,not_found
004809,34349810,FLO,0001128928,FLOWERS FOODS INC,ticker_fallback
004108,34354P10,FLS,0000030625,FLOWSERVE CORP,cusip_link
039751,34379V10,FLNC,0001868941,Fluence Energy Inc,cusip_link
183799,34380C20,IDI,,,not_found
179840,34385P10,FLDM,0001162194,STANDARD BIOTOOLS INC,cusip_link
038592,34392810,FLYX,0001843973,FLYEXCLUSIVE INC.,ticker_fallback
011703,34405730,FLUX,0001083743,"Flux Power Holdings, Inc.",ticker_fallback
037135,34417410,FHTX,0001822462,Foghorn Therapeutics Inc.,ticker_fallback
189462,34417710,FOGO,,,not_found
004826,34443740,FONR,,,not_found
023852,34479820,VIFL,,,not_found
011584,34484910,FL,,,not_found
114421,34520320,FRPT,0001611647,"Freshpet, Inc.",ticker_fallback
179694,34520U10,FNRG,,,not_found
004839,34537086,F,0000037996,FORD MOTOR CO,ticker_fallback
170639,34552U10,FELP,0001540729,Foresight Energy LP,cusip_link
032557,34553D10,FSCT,0001145057,FORESCOUT TECHNOLOGIES INC,cusip_link
004843,34583810,FRX,,,not_found
038209,34630N10,FORA,0001829280,Forian Inc,cusip_link
039487,34631B10,FORG,0001543916,ForgeRock Inc,cusip_link
036555,34633R10,FMTX,0001538927,Forma Therapeutics Holdings Inc,cusip_link
148390,34637510,FORM,0001039399,FORMFACTOR INC,ticker_fallback
064061,34656310,FORR,0001023313,"FORRESTER RESEARCH, INC.",ticker_fallback
183377,34959E10,FTNT,0001262039,FORTINET INC,cusip_link
026590,34959J10,FTV,0001659166,Fortive Corp,cusip_link
196269,34960Q30,CNDO,0001429260,Fortress Biotech Inc,cusip_link
023093,34960W10,FRTA,0001678463,Forterra Inc,cusip_link
036609,34962G20,FBRX,0001419041,"Forte Biosciences, Inc.",ticker_fallback
022542,34963X20,FFI,0000851249,FORTUNE INDUSTRIES INC,cusip_link
188255,34964C10,FBHS,0001519751,Fortune Brands Innovations Inc,cusip_link
043026,34965K10,FTRE,0001965040,Fortrea Holdings Inc,cusip_link
033696,34983P10,FTSV,0001667633,Forty Seven Inc,cusip_link
171059,34984V20,FET,0001401257,FORUM ENERGY TECHNOLOGIES INC,cusip_link
062262,34986240,FORD,,,not_found
040499,34988N10,FRZA,0001901305,Forza X1 Inc,cusip_link
028118,34988V10,FOSL,0000883569,Fossil Group Inc,cusip_link
004860,35006010,FSTR,0000352825,FOSTER L B CO,ticker_fallback
029835,35039210,FBM,,,not_found
018469,35046510,FMI,,,not_found
035729,35104E10,FDMT,0001650648,4D Molecular Therapeutics Inc,cusip_link
034636,35137L10,FOXA,0001754301,Fox Corp,cusip_link
018320,35138V10,FOXF,0001424929,FOX FACTORY HOLDING CORP,ticker_fallback
041130,35166510,FOXX,0002013807,Foxx Development Holdings Inc.,ticker_fallback
043888,35168W10,GUTS,0001572616,Fractyl Health Inc,cusip_link
187041,35179320,FRAN,,,not_found
188856,35180X10,TAX,0001528930,Franchise Group Inc,cusip_link
025331,35346910,FC,0000886206,FRANKLIN COVEY CO,ticker_fallback
004881,35351410,FELE,0000038725,FRANKLIN ELECTRIC CO INC,ticker_fallback
014112,35518410,,,,not_found
179342,35582T10,FOH,0000093631,FREDERICK'S OF HOLLYWOOD GROUP INC /NY/,cusip_link
012403,35610810,FRED,,,not_found
014590,35671D85,FCX,0000831259,FREEPORT-MCMORAN INC,cusip_link
162742,35702310,RAIL,0001320854,"FreightCar America, Inc.",ticker_fallback
004900,35801010,FEIM,0000039020,FREQUENCY ELECTRONICS INC,ticker_fallback
021798,35803910,FRPT,0001611647,"Freshpet, Inc.",ticker_fallback
184807,35804H10,TFM,0001489979,Fresh Market Inc,cusip_link
039539,35805410,FRSH,0001544522,Freshworks Inc.,ticker_fallback
343180,35834F10,FREY,0001992243,FREYR Battery Inc /DE/,cusip_link
004903,35843510,FRD,0000039092,FRIEDMAN INDUSTRIES INC,ticker_fallback
182116,35845330,FFN,,,not_found
004911,35874810,FRS,,,not_found
033951,35905A10,FTDR,0001727263,frontdoor inc,cusip_link
135484,35909D10,FYBR,0000020520,Frontier Communications Parent Inc,cusip_link
038282,35909R10,ULCC,0001670076,Frontier Group Holdings Inc,cusip_link
011257,35914P10,FTO,0000110430,FRONTIER OIL CORP /NEW/,cusip_link
004918,35936010,FFEX,,,not_found
028819,35952310,FTEK,0000846913,"FUEL TECH, INC.",ticker_fallback
025430,35952H70,FCEL,0000886128,FUELCELL ENERGY INC,ticker_fallback
012559,35952W10,FSYS,0001340786,FUEL SYSTEMS SOLUTIONS INC,cusip_link
041416,35953C10,FIP,0001899883,FTAI Infrastructure Inc,cusip_link
017001,35953D10,FUBO,0001484769,fuboTV Inc /FL,cusip_link
035376,35961610,FULC,0001680581,"Fulcrum Therapeutics, Inc.",ticker_fallback
028012,35966410,FLGT,0001674930,"Fulgent Genetics, Inc.",ticker_fallback
028749,35967810,FLL,0000891482,FULL HOUSE RESORTS INC,ticker_fallback
004926,35969410,FUL,0000039368,FULLER H B CO,ticker_fallback
011708,36077T20,,0000725876,Function(x) Inc,cusip_link
006025,36092120,FBN,,,not_found
032528,36100810,FNKO,0001704711,"Funko, Inc.",ticker_fallback
184961,36106P10,FURX,0001484478,Furiex Pharmaceuticals Inc,cusip_link
006331,36108610,FRM,,,not_found
186683,36112J10,FIO,0001383729,FUSION-IO INC,cusip_link
165979,36113E10,FSIN,0000710846,FUSHI INTERNATIONAL INC,cusip_link
287462,36116M10,FF,0001337298,FutureFuel Corp,cusip_link
033484,36116X10,FSNN,0001071411,Fusion Connect Inc,cusip_link
004936,36126810,GKSR,,,not_found
004941,36144810,GMT,,,not_found
030536,36162J10,GEO,0000923796,GEO GROUP INC,ticker_fallback
013664,36164V30,GLIBA,0000808461,GCI LIBERTY INC,cusip_link
026812,36164Y10,GCP,0001644440,GCP Applied Technologies Inc,cusip_link
005050,36165A10,JOB,0000040570,GEE Group Inc,cusip_link
039903,36170N10,GCTS,0001851961,GCT Semiconductor Holding Inc,cusip_link
185645,36191G10,GNC,,,not_found
177895,36191U10,SOLR,0001394954,GT ADVANCED TECHNOLOGIES INC,cusip_link
187644,36191X10,GSE,0001275712,GSE HOLDING INC,cusip_link
031294,3621LQ10,GTHX,,,not_found
007759,36225V10,GPX,0000070415,GP STRATEGIES CORP,cusip_link
061077,36227K20,GVP,0000944480,GSE SYSTEMS INC,cusip_link
019402,36237H10,GIII,0000821002,G III APPAREL GROUP LTD /DE/,cusip_link
014386,36238G10,GSIC,0000828750,GSI COMMERCE INC,cusip_link
024491,36238K10,GTSI,0000850483,GTSI CORP,cusip_link
163768,36239310,GTT,,,not_found
028368,36240910,GTYH,,,not_found
160213,36241U10,GSIT,0001126741,GSI TECHNOLOGY INC,cusip_link
022583,36251C10,GMS,0001600438,GMS Inc,cusip_link
003691,36254L30,,,,not_found
039319,36262G10,GXO,0001852244,GXO Logistics Inc,cusip_link
041818,36266G10,GEHC,0001932393,GE HealthCare Technologies Inc,cusip_link
038333,36269B10,GANX,0001819411,"Gain Therapeutics, Inc.",ticker_fallback
125601,36269P10,GAIA,0001089872,"GAIA, INC",ticker_fallback
150221,36322520,GALT,0001133416,GALECTIN THERAPEUTICS INC,ticker_fallback
037310,36322Q20,GLTO,,,not_found
035768,36338D10,GRTX,0001563577,Galera Therapeutics Inc,cusip_link
043120,36466210,GPAK,,,not_found
065911,36466D10,GMTC,0001045014,GAMETECH INTERNATIONAL INC,cusip_link
029964,36467A10,GPIC,0000918580,GAMING PARTNERS INTERNATIONAL CORP,cusip_link
145049,36467W10,GME,0001326380,GAMESTOP CORP,cusip_link
340388,36468G10,GAME,0001714562,"GameSquare Holdings, Inc.",ticker_fallback
019574,36472T10,NEWM,0001579684,Gannett Co Inc,cusip_link
023821,36473H10,GCI,0001635718,Gannett Media Corp,cusip_link
004990,36476010,GPS,,,not_found
034051,36650510,GTX,0001735707,Garrett Motion Inc.,ticker_fallback
012441,36665110,IT,0000749251,GARTNER INC,ticker_fallback
012994,36720410,EGAS,,,not_found
139225,36722010,GSX,,,not_found
178921,36729W20,GST,0001431372,GASTAR EXPLORATION INC,cusip_link
037293,36803610,GATO,,,not_found
045169,36828A10,GEV,0001996810,GE Vernova Inc,cusip_link
127282,36846Q20,LNUX,0001096199,Geeknet Inc,cusip_link
036678,36850R20,CPSR,0001805087,GELESIS HOLDINGS INC,cusip_link
014186,36866T10,GPRO,0000820237,GEN PROBE INC,cusip_link
007185,36867810,GENC,0000064472,GENCOR INDUSTRIES INC,ticker_fallback
043059,36870C10,GENK,0001891856,GEN Restaurant Group Inc,cusip_link
041538,36870H10,GNLX,0001231457,GENELUX Corp,cusip_link
022373,36872P10,LRAD,0000924383,Genasys Inc,cusip_link
183736,36873610,GNRC,0001474735,GENERAC HOLDINGS INC.,ticker_fallback
025405,36930010,BGC,0001094831,"BGC Group, Inc.",ticker_fallback
005046,36955010,GD,0000040533,GENERAL DYNAMICS CORP,ticker_fallback
005047,36960430,GE,0000040545,GENERAL ELECTRIC CO,ticker_fallback
166789,36982210,GFN,,,not_found
005071,37033410,GIS,0000040704,GENERAL MILLS INC,ticker_fallback
122212,37037310,GMO,,,not_found
005073,37045V10,GM,0001467858,General Motors Co,cusip_link
160961,37085320,GSI,,,not_found
005109,37153210,GCO,0000018498,GENESCO INC,ticker_fallback
063123,37155910,GWR,,,not_found
023109,37185X10,GEN,0001351051,Genesis Healthcare Inc,cusip_link
005116,37190110,GNTX,0000355811,GENTEX CORP,ticker_fallback
064063,37192710,GEL,0001022321,GENESIS ENERGY LP,ticker_fallback
190590,37228420,GNE,0001528356,Genie Energy Ltd.,ticker_fallback
183524,37229T50,GNUS,,,not_found
184542,37230910,GNMK,,,not_found
019425,37242740,GNCA,,,not_found
178738,37243V10,GXDX,0001138412,GENOPTIX INC,cusip_link
164609,37244C10,GHDX,0001131324,GENOMIC HEALTH INC,cusip_link
140033,37244E10,RRI,0001126294,GENON ENERGY INC,cusip_link
005125,37246010,GPC,0000040987,GENUINE PARTS CO,ticker_fallback
111965,37246C40,GNVC,0000934473,GENVEC INC,cusip_link
177206,37247610,GEOI,,,not_found
130200,37247A10,GTIV,0001096142,GENTIVA HEALTH SERVICES INC,cusip_link
165880,37248H30,GPR,0001116927,GEOPETRO RESOURCES CO,cusip_link
116387,37249T10,GGR,0000896726,GEOGLOBAL RESOURCES INC,cusip_link
114748,37250W10,GEOY,0001040570,GEOEYE INC,cusip_link
028408,37253A10,ARGN,,,not_found
012708,37291030,GOK,,,not_found
012233,37291710,GENZ,,,not_found
065896,37364X10,OYOG,0001001115,GEOSPACE TECHNOLOGIES CORP,cusip_link
024966,37367860,GOVX,0000832489,"GeoVax Labs, Inc.",ticker_fallback
005142,37373010,GRB,,,not_found
063405,37416310,GERN,0000886744,GERON CORP,ticker_fallback
036758,37427510,GETY,0001898496,"Getty Images Holdings, Inc.",ticker_fallback
038126,37427G10,GETR,0001839608,Getaround Inc,cusip_link
186437,37439640,GEVO,0001392380,"Gevo, Inc.",ticker_fallback
029131,37468910,ROCK,0000912562,"GIBRALTAR INDUSTRIES, INC.",ticker_fallback
012803,37518B10,GIMO,0001484504,GIGAMON INC,cusip_link
182012,37518Q10,GIG,0001432150,GigPeak Inc,cusip_link
024856,37555810,GILD,0000882095,"GILEAD SCIENCES, INC.",ticker_fallback
039680,37611X20,DNA,0001830214,"Ginkgo Bioworks Holdings, Inc.",ticker_fallback
039687,37637K10,GTLB,0001653482,Gitlab Inc,cusip_link
023990,37732210,GKOS,0001192448,GLAUKOS Corp,ticker_fallback
037079,37890B10,APSG,0001820872,Global Business Travel Group Inc,cusip_link
025349,37890U10,GBT,0001629137,Global Blood Therapeutics Inc,cusip_link
038827,37892C10,VRAR,0001854445,Glimpse Group Inc,cusip_link
060931,37892E10,SYX,0000945114,GLOBAL INDUSTRIAL Co,cusip_link
027816,37933610,GLBL,,,not_found
147340,37940G10,GSB,0001112920,GLOBALSCAPE INC,cusip_link
141913,37940X10,GPN,0001123360,GLOBAL PAYMENTS INC,cusip_link
186169,37946310,GWRS,0001434728,"Global Water Resources, Inc.",ticker_fallback
163935,37946R10,GLP,0001323468,GLOBAL PARTNERS LP,cusip_link
175834,37946S10,GGS,0001311486,Global Geophysical Services Inc,cusip_link
166402,37947B10,GNET,0001344907,GLOBAL TRAFFIC NETWORK INC,cusip_link
183555,37950B10,GTEC,0001471038,SOTERA DEFENSE SOLUTIONS INC,cusip_link
187215,37951D30,EAGL,,,not_found
185344,37953G10,BRSS,,,not_found
274165,37954N20,GSM,0001383571,GLOBE SPECIALTY METALS INC,cusip_link
065244,37956X10,GCOM,0001031028,GLOBECOMM SYSTEMS INC,cusip_link
171002,37957720,GMED,0001237831,GLOBUS MEDICAL INC,ticker_fallback
012257,37957B10,GBIM,0001245104,GLOBEIMMUNE INC,cusip_link
020399,37960610,GLRI,,,not_found
176782,37989010,GLUU,,,not_found
142339,38011M60,GMXR,,,not_found
023071,38023710,GDDY,0001609711,GoDaddy Inc.,ticker_fallback
170384,38046C10,GOGO,0001537054,GOGO INC,cusip_link
175503,38068T10,GORO,0001160791,GOLD RESOURCE CORP,cusip_link
005210,38101010,GLDC,,,not_found
117036,38101310,LACO,,,not_found
182172,38109830,GMGI,,,not_found
065921,38111940,AUMN,0001011509,Golden Minerals Co,ticker_fallback
037619,38113L10,GNOG,0001768012,Golden Nugget Online Gaming Inc,cusip_link
005218,38137010,GV,0001892274,Visionary Holdings Inc.,ticker_fallback
157117,38168Y10,GOLF,0001202273,GOLFSMITH INTERNATIONAL HOLDINGS INC,cusip_link
022543,38214087,GTIM,0000825324,Good Times Restaurants Inc.,ticker_fallback
005229,38238810,GR,,,not_found
008387,38241084,GDP,,,not_found
037023,38246G10,GDRX,0001809519,GoodRx Holdings Inc,cusip_link
005234,38255010,GT,0000042582,GOODYEAR TIRE & RUBBER CO /OH/,ticker_fallback
020644,38268T10,GPRO,0001500435,GoPro Inc,cusip_link
005237,38308210,GRC,0000042682,GORMAN RUPP CO,ticker_fallback
034578,38341P10,GOSS,0001728117,"Gossamer Bio, Inc.",ticker_fallback
005250,38388F10,GRA,0001045309,W R GRACE & CO,cusip_link
005252,38410910,GGG,0000042888,GRACO INC,ticker_fallback
005254,38455610,GHM,0000716314,GRAHAM CORP,ticker_fallback
011300,38463710,WPO,,,not_found
148221,38470110,GRM,,,not_found
045458,38474710,GRAL,0001699031,"GRAIL, Inc.",ticker_fallback
005256,38480210,GWW,0000277135,"W.W. GRAINGER, INC.",ticker_fallback
164046,38500T20,GTE,0001273441,GRAN TIERRA ENERGY INC,cusip_link
180083,38526M10,LOPE,0001434588,GRAND CANYON EDUCATION INC,cusip_link
144727,38724Q40,GCFB,0001048620,GRANITE CITY FOOD & BREWERY LTD,cusip_link
021429,38732810,GVA,0000861459,GRANITE CONSTRUCTION INC,ticker_fallback
036951,38743210,GRNT,0001928446,"Granite Ridge Resources, Inc.",ticker_fallback
025389,38868910,GPK,0001408075,GRAPHIC PACKAGING HOLDING CO,ticker_fallback
005284,38937510,GTN,0000043196,"GRAY MEDIA, INC",ticker_fallback
037062,38942Q20,GRAY,0001534133,CalciMedica Inc,cusip_link
005301,39006410,GAP,0000039911,GAP INC,ticker_fallback
148223,39060710,GLDD,,,not_found
006334,39116410,GXP,,,not_found
161056,39152310,WOLF,0000895419,"WOLFSPEED, INC.",ticker_fallback
022047,39270910,GRBK,0001373670,"Green Brick Partners, Inc.",ticker_fallback
184392,39304D10,GDOT,0001386278,GREEN DOT CORP,cusip_link
024073,39322110,GPP,,,not_found
181269,39322210,GPRE,0001309402,Green Plains Inc.,ticker_fallback
030463,39365710,GBX,0000923120,GREENBRIER COMPANIES INC,ticker_fallback
037212,39366L30,GBOX,,,not_found
179186,39530A10,GRH,0001410056,GreenHunter Resources Inc,cusip_link
039564,39531G30,GREE,0001844971,Greenidge Generation Holdings Inc.,ticker_fallback
037744,39536G10,GRNA,0001822691,GreenLight Biosciences Holdings PBC,cusip_link
036016,39539210,GNRS,,,not_found
022879,39540F30,GRNQ,0001597846,Greenpro Capital Corp.,ticker_fallback
033531,39572G10,GSKY,0001712923,GreenSky Inc,cusip_link
187686,39679B10,GWAY,0001080747,GREENWAY MEDICAL TECHNOLOGIES INC,cusip_link
036558,39687910,GLSI,0001799788,"Greenwich LifeSciences, Inc.",ticker_fallback
005338,39762410,GEF,0000043920,"GREIF, INC",ticker_fallback
036293,39813G10,GDYN,0001743725,GRID DYNAMICS HOLDINGS INC,cusip_link
005987,39843310,GFF,0000050725,GRIFFON CORP,ticker_fallback
037608,39850110,GRDI,,,not_found
037428,39854F10,GRND,0001820144,Grindr Inc.,ticker_fallback
034082,39868T10,GRTS,0001656634,Gritstone Oncology Inc,cusip_link
189579,39874R10,GO,0001771515,Grocery Outlet Holding Corp,cusip_link
032407,39878L50,GROM,0001662574,Grom Social Enterprises Inc,cusip_link
065718,39890510,GPI,0001031203,GROUP 1 AUTOMOTIVE INC,ticker_fallback
187363,39947320,GRPN,0001490281,"Groupon, Inc.",ticker_fallback
038109,39957D20,GROV,0001841761,Grove Collaborative Holdings Inc,cusip_link
038661,39959A20,GRVI,,,not_found
028515,39986L10,GRWG,0001604868,GrowGeneration Corp,cusip_link
019906,40011010,GRUB,,,not_found
183838,40068520,GPRC,,,not_found
034102,40131M10,GH,0001576280,Guardant Health Inc,cusip_link
035018,40145Q50,GHSI,0001642375,Guardion Health Sciences Inc,cusip_link
043421,40145W10,GRDN,0001802255,Guardian Pharmacy Services Inc,cusip_link
063447,40161710,GES,,,not_found
176255,40169210,GUID,,,not_found
190455,40171V10,GWRE,0001528396,GUIDEWIRE SOFTWARE INC,cusip_link
064568,40230710,GIFI,,,not_found
005379,40262950,GLF,,,not_found
026069,40263550,GPOR,0000874499,GULFPORT ENERGY CORP,ticker_fallback
178958,40273810,GIA,,,not_found
025999,40378310,CBIO,0001253689,"CRESCENT BIOPHARMA, INC.",ticker_fallback
005667,40394910,HOC,,,not_found
165856,40403010,HEES,,,not_found
022260,40412C10,HCA,0000860730,HCA Healthcare Inc,cusip_link
017812,40416M10,HDS,0001573097,HD Supply Holdings Inc,cusip_link
034030,40417F10,HFFG,0001680873,HF Foods Group Inc,cusip_link
005690,40425110,HNI,0000048287,HNI CORP,ticker_fallback
023079,40426A20,HQS,0000857073,HQ SUSTAINABLE MARITIME INDUSTRIES INC,cusip_link
180402,40430310,HSNI,,,not_found
022713,40434H30,HTGM,,,not_found
005606,40434L10,HPQ,0000047217,HP INC,cusip_link
021983,40449J10,HABT,,,not_found
111000,40460910,HCKT,0001057379,"HACKETT GROUP, INC.",ticker_fallback
037955,40472A10,HNRA,0001842556,HNR Acquisition Corp,cusip_link
024021,40502410,HAE,0000313143,HAEMONETICS CORP,ticker_fallback
029609,40521710,HAIN,0000910406,HAIN CELESTIAL GROUP INC,ticker_fallback
019129,40609P10,,0000788965,HALLADOR ENERGY CO,cusip_link
036701,40619L20,HOFV,,,not_found
005439,40621610,HAL,0000045012,HALLIBURTON CO,ticker_fallback
005442,40636440,HWG,,,not_found
151630,40637H10,HALO,0001159036,HALOZYME THERAPEUTICS INC,cusip_link
032352,40701T10,HBB,0001709164,Hamilton Beach Brands Holding Co,cusip_link
011462,41031510,WXCO,,,not_found
175319,41034510,HBI,,,not_found
016456,41043F20,HGR,0000722723,HANGER ORTHOPEDIC GROUP INC,cusip_link
175978,41130720,HNSN,,,not_found
156859,41145W10,HRBN,0001266719,HARBIN ELECTRIC INC,cusip_link
036349,41150T30,HCDI,,,not_found
018654,41232430,HDNG,,,not_found
012389,41282210,HOG,0000793952,"HARLEY-DAVIDSON, INC.",ticker_fallback
012788,41308610,HAR,,,not_found
031843,41316010,HLIT,0000851310,HARMONIC INC.,ticker_fallback
036847,41319710,HRMY,0001802665,"Harmony Biosciences Holdings, Inc.",ticker_fallback
034587,41358P20,HARP,0001708493,Harpoon Therapeutics Inc,cusip_link
127179,41454910,HPOL,,,not_found
009284,41458510,RDK,,,not_found
176636,41585810,IMMY,,,not_found
005496,41586410,HSC,,,not_found
012545,41619620,HHS,0000045919,HARTE HANKS INC,ticker_fallback
141469,41690610,HBIO,0001123494,HARVARD BIOSCIENCE INC,ticker_fallback
015291,41754V20,HNR,0000845289,HARVEST NATURAL RESOURCES INC,cusip_link
005518,41805610,HAS,0000046080,"HASBRO, INC.",ticker_fallback
039391,41810010,HCP,,,not_found
111532,41836510,HAST,,,not_found
031748,41913110,HAUP,,,not_found
005523,41959610,HVT,0000216085,HAVERTY FURNITURE COMPANIES INC,ticker_fallback
005526,41987010,HE,0000354707,HAWAIIAN ELECTRIC INDUSTRIES INC,ticker_fallback
060902,41987910,HA,,,not_found
185980,42003110,HCOM,,,not_found
066050,42008910,HWK,,,not_found
005530,42026110,HWKN,0000046250,HAWKINS INC,ticker_fallback
023587,42087720,HAYN,,,not_found
038125,42129810,HAYW,0001834622,"Hayward Holdings, Inc.",ticker_fallback
005539,42190610,HCSG,0000731012,HEALTHCARE SERVICES GROUP INC,ticker_fallback
012338,42193310,HMA,,,not_found
061576,42210P10,HW,0001003344,HEADWATERS INC,cusip_link
064360,42218Q10,HGRD,0001027915,HEALTH GRADES INC,cusip_link
002589,42222L10,HTRN,0001018871,HEALTHTRONICS SURGICAL SERVICES INC,cusip_link
133766,42222N10,HSTM,0001095565,HEALTHSTREAM INC,cusip_link
035391,42225T10,HCAT,0001636422,Health Catalyst Inc,cusip_link
043935,42227T10,HCWC,0001948864,HEALTHY CHOICE WELLNESS CORP,cusip_link
012840,42234710,HTLD,0000799233,HEARTLAND EXPRESS INC,ticker_fallback
014606,42236030,EAR,,,not_found
271794,42236810,HTWR,,,not_found
017910,42237K50,HTBX,0001476963,Scorpius Holdings Inc,cusip_link
039592,42238H10,BEAT,0001779372,HeartBeam Inc,cusip_link
040534,42240Q10,HTCR,0001892322,"HeartCore Enterprises, Inc.",ticker_fallback
041270,42254E30,HSCS,0001468492,HeartSciences Inc.,ticker_fallback
005560,42270410,HL,0000719413,HECLA MINING CO/DE/,ticker_fallback
176235,42279M10,HLYS,0001373980,HEELYS INC,cusip_link
005567,42280610,HEI,0000046619,HEICO CORP,ticker_fallback
120048,42281910,HSII,,,not_found
039435,42309B60,HLBZ,,,not_found
177284,42326R10,HLCS,0001274563,HELICOS BIOSCIENCES CORP,cusip_link
065247,42327L30,HMNA,0001040792,Helios & Matheson Analytics Inc,cusip_link
064254,42328H10,SNHY,0001024795,HELIOS TECHNOLOGIES INC,cusip_link
038015,42329E20,HLGN,0001840292,Heliogen Inc,cusip_link
065006,42330P10,HLX,0000866829,HELIX ENERGY SOLUTIONS GROUP INC,cusip_link
005581,42345210,HP,0000046765,"Helmerich & Payne, Inc.",ticker_fallback
017687,42365Q10,HMTV,0001567345,HEMISPHERE MEDIA GROUP INC,cusip_link
041468,42371L20,HPCO,,,not_found
011811,42628110,JKHY,0000779152,JACK HENRY & ASSOCIATES INC,ticker_fallback
146071,42628610,HBE,,,not_found
026749,42704L10,HRI,0001364479,HERC HOLDINGS INC,cusip_link
164607,42709330,HERO,,,not_found
179597,42726M10,HCCI,0001403431,HERITAGE-CRYSTAL CLEAN INC,cusip_link
005594,42739810,HRLY,,,not_found
013786,42774610,APPA,,,not_found
005597,42786610,HSY,0000047111,HERSHEY CO,ticker_fallback
065011,42805E30,HSKA,0001038133,HESKA CORP,cusip_link
005600,42806J70,HTZ,0001657853,HERTZ GLOBAL HOLDINGS INC,cusip_link
001380,42809H10,HES,0000004447,HESS CORP,cusip_link
021833,42810310,HESM,0001789832,Hess Midstream LP,ticker_fallback
147658,42822Q10,HEW,0001168478,HEWITT ASSOCIATES INC,cusip_link
026156,42824C10,HPE,0001645590,Hewlett Packard Enterprise Co,cusip_link
005608,42829110,HXL,0000717605,HEXCEL CORP /DE/,ticker_fallback
012432,42833710,HCLP,,,not_found
177882,42833L10,HGG,0001396279,HHGREGG INC,cusip_link
025623,42840B10,HITK,0000887497,HI TECH PHARMACAL CO INC,cusip_link
063763,42856710,HIBB,,,not_found
043859,42981K10,ROLR,0001947210,High Roller Technologies Inc,cusip_link
180249,43113X10,HPJ,0001368308,Highpower International Inc,cusip_link
162459,43114K20,BBG,,,not_found
036897,43114Q10,HPK,0001792849,HighPeak Energy Inc,cusip_link
175055,43146610,HIL,,,not_found
005639,43147510,HRC,,,not_found
179657,43157110,HI,,,not_found
041118,43157M10,HLVX,0001888012,HilleVax Inc,cusip_link
066871,43163610,HLMN,0001822492,Hillman Solutions Corp.,ticker_fallback
009411,43258910,SLE,0001621672,"Super League Enterprise, Inc.",ticker_fallback
039755,43270530,HILS,,,not_found
037851,43300010,HIMS,0001773751,"Hims & Hers Health, Inc.",ticker_fallback
005643,43300A20,HLT,0001585689,Hilton Worldwide Holdings Inc,cusip_link
035481,43353510,HQI,0001140102,"HireQuest, Inc.",ticker_fallback
039831,43353710,HRT,,,not_found
036525,43358Y20,HSTO,,,not_found
163927,43365Y10,HITT,0001130866,HITTITE MICROWAVE CORP,cusip_link
163975,43471110,HOKU,,,not_found
039265,43538H10,HLLY,0001822928,Holley Inc,cusip_link
264509,43576310,HEP,,,not_found
020904,43644010,HOLX,,,not_found
005680,43707610,HD,0000354950,"HOME DEPOT, INC.",ticker_fallback
186714,43739Q10,AWAY,,,not_found
038635,43833310,HNST,0001530979,"Honest Company, Inc.",ticker_fallback
001300,43851610,HON,0000773840,HONEYWELL INTERNATIONAL INC,ticker_fallback
184281,43858620,SCOK,,,not_found
122211,43903810,HOFT,0001077688,HOOKER FURNISHINGS Corp,ticker_fallback
035014,43906K20,HOOK,,,not_found
005697,43910420,HH,,,not_found
005709,44045210,HRL,0000048465,HORMEL FOODS CORP /DE/,ticker_fallback
023540,44052W10,HZN,0001637655,Horizon Global Corp,cusip_link
176639,44069430,ZINC,,,not_found
022178,44089410,HDP,,,not_found
160255,44106010,HSP,,,not_found
025424,44109J10,GRSH,0001644406,Hostess Brands Inc,cusip_link
063621,44133910,HOTT,,,not_found
034566,44148G20,HOTH,0001711786,Hoth Therapeutics Inc,cusip_link
016738,44157R10,HMHC,0001580156,Houghton Mifflin Harcourt Co,cusip_link
039981,44170P10,HOUR,0001874875,"Hour Loop, Inc",ticker_fallback
174119,44244K10,HWCC,0001356949,HOUSTON WIRE & CABLE CO,cusip_link
005750,44248740,HOV,0000357294,HOVNANIAN ENTERPRISES INC,ticker_fallback
028192,44320110,ARNC,,,not_found
062378,44332010,HUBG,0000940942,"Hub Group, Inc.",ticker_fallback
005764,44351060,HUB,,,not_found
021847,44357310,HUBS,0001404655,HUBSPOT INC,ticker_fallback
153128,44378720,HHGP,,,not_found
030899,44414410,HDSN,0000925528,HUDSON TECHNOLOGIES INC /NY,ticker_fallback
166208,44439810,HUGH,,,not_found
015489,44486320,KBIO,,,not_found
039525,44486Q10,HUMA,0001818382,Humacyte Inc,cusip_link
029312,44490310,HGSI,,,not_found
005783,44565810,JBHT,0000728535,HUNT J B TRANSPORT SERVICES INC,ticker_fallback
186310,44641310,HII,0001501585,"HUNTINGTON INGALLS INDUSTRIES, INC.",ticker_fallback
162401,44701110,HUN,0001307954,Huntsman CORP,ticker_fallback
005788,44732410,HURC,0000315374,HURCO COMPANIES INC,ticker_fallback
161997,44746210,HURN,0001289848,Huron Consulting Group Inc.,ticker_fallback
033195,44812J10,HUT,0001964789,Hut 8 Corp,cusip_link
005791,44840710,HTCH,,,not_found
005792,44845110,,,,not_found
183366,44857910,H,0001468174,Hyatt Hotels Corp,ticker_fallback
177405,44862P20,HYMC,0001718405,HYCROFT MINING HOLDING CORP,ticker_fallback
036691,44891N20,IAC,0001800227,IAC Inc,cusip_link
062396,44894750,IDT,0001005731,IDT CORP,ticker_fallback
063383,44895420,HDY,,,not_found
037182,44910910,HYLN,0001759631,Hyliion Holdings Corp.,ticker_fallback
065527,44913M10,HYC,0001045769,HYPERCOM CORP,cusip_link
171097,44915N10,HPTX,0001386858,HYPERION THERAPEUTICS INC,cusip_link
037799,44916K10,HYPR,0001833769,Hyperfine Inc,cusip_link
033624,44916T10,HYRE,0001713832,HyreCar Inc,cusip_link
160681,44917210,HY,0001173514,"HYSTER-YALE, INC.",ticker_fallback
033750,44925310,IAA,,,not_found
174637,44925C10,ICFI,0001362004,ICF International Inc,cusip_link
025110,44930G10,ICUI,0000883984,ICU MEDICAL INC/DE,cusip_link
152170,44930M50,ICOP,,,not_found
012874,44934S20,ICAD,0000749660,ICAD INC,cusip_link
178805,44934T10,ICXT,0001334303,ICX TECHNOLOGIES INC,cusip_link
005831,44949L10,IEC,0000049728,IEC ELECTRONICS CORP,cusip_link
066371,44951W10,IESC,0001048268,IES Holdings Inc,cusip_link
039273,44951Y20,HYZN,,,not_found
040383,44952J10,CRGY,0001866175,Crescent Energy Co,cusip_link
030262,44953810,IFMK,,,not_found
035639,44958510,IGMS,,,not_found
034163,44967K30,IMAC,,,not_found
063800,44970B10,IMS,0001595262,IMS Health Holdings Inc,cusip_link
039899,44977810,IOBT,,,not_found
175955,44980X10,IPGP,0001111928,IPG PHOTONICS CORP,cusip_link
179299,44984A10,IPCM,0001410471,IPC Healthcare Inc,cusip_link
028367,45005610,IRTC,0001388658,"iRhythm Holdings, Inc.",ticker_fallback
138662,45031X20,ISTA,0000930553,ISTA PHARMACEUTICALS INC,cusip_link
037671,45032V20,ISPC,0001558569,iSpecimen Inc.,ticker_fallback
031224,45068B10,ESI,0000922475,ITT EDUCATIONAL SERVICES INC,cusip_link
140759,45071R10,XXIA,0001120295,IXIA,cusip_link
005860,45073V10,ITT,0000216228,ITT INC,cusip_link
033549,45095830,FGMC,0001906364,FG Merger II Corp.,ticker_fallback
180683,45103370,IBIO,0001420720,"iBio, Inc.",ticker_fallback
266316,45104P50,ICGN,,,not_found
045223,45105110,IBTA,0001538379,"Ibotta, Inc.",ticker_fallback
013709,45110010,IEP,0000813762,ICAHN ENTERPRISES L.P.,ticker_fallback
005870,45110710,IDA,0001057877,IDACORP INC,ticker_fallback
039358,45114M10,ICVX,0001786255,Icosavax Inc,cusip_link
018509,45162220,IPWR,0001507957,Ideal Power Inc.,ticker_fallback
035136,45166A10,IDYA,0001676725,IDEAYA Biosciences Inc,cusip_link
148169,45166R20,IDIX,0001093649,IDENIX PHARMACEUTICALS INC,cusip_link
024658,45166V20,YOD,,,not_found
015267,45167R10,IEX,0000832101,IDEX CORP /DE/,cusip_link
024197,45168D10,IDXX,0000874716,IDEXX LABORATORIES INC /DE,cusip_link
064165,45169U10,IGTE,0001024732,IGATE CORP,cusip_link
065552,45170X20,INVE,0001036044,Identiv Inc,cusip_link
187737,45173010,IRG,,,not_found
019116,45173110,RXDX,,,not_found
160797,45173E20,IKAN,,,not_found
003105,45174J50,IHRT,0001400891,iHeartMedia Inc,cusip_link
038070,45175Q10,AILE,0001835972,iLearningEngines Inc,cusip_link
005878,45230810,ITW,0000049826,ILLINOIS TOOL WORKS INC,ticker_fallback
138205,45232710,ILMN,0001110803,"ILLUMINA, INC.",ticker_fallback
024234,45246520,VVTV,,,not_found
039203,45250K10,IMGO,0001623715,Imago BioSciences Inc,cusip_link
126318,45252110,IMMR,0001058811,IMMERSION CORP,ticker_fallback
013235,45252530,ICCC,0000811641,IMMUCELL CORP /DE/,ticker_fallback
021008,45252L10,IMDZ,0001437786,IMMUNE DESIGN CORP,cusip_link
017101,45253H10,IMGN,0000855654,ImmunoGen Inc,cusip_link
018566,45254C20,,0001208261,IMMUNE PHARMACEUTICALS INC,cusip_link
039189,45254E10,IMRX,0001790340,Immuneering Corp,cusip_link
347007,45256X10,IBRX,0001326110,"ImmunityBio, Inc.",ticker_fallback
037035,45257U10,IMNM,0001472012,Immunome Inc.,ticker_fallback
039677,45258H10,IMMX,0001873835,Immix Biopharma Inc,cusip_link
035982,45258J10,IMVT,0001764013,Immunovant Inc,cusip_link
038674,45258K10,IMPL,0001445499,IMPEL NEUROPHARMA INC,cusip_link
043541,45259L20,IBO,0001834105,IMPACT BIOMEDICAL INC.,ticker_fallback
331856,4525EP10,IMUX,0001280776,IMMUNIC INC,cusip_link
005902,45290710,IMMU,,,not_found
014503,45309620,IPSU,,,not_found
027387,45320410,PI,0001114995,IMPINJ INC,ticker_fallback
187490,45321L10,IMPV,,,not_found
020884,45323J10,IMPR,0001328015,Imprivata Inc,cusip_link
036236,45332Y10,NARI,,,not_found
284719,45333F10,IXHL,0001873875,Incannex Healthcare Inc.,ticker_fallback
066268,45336E10,SAAS,0001087934,INCONTACT INC,cusip_link
029127,45337C10,INCY,0000879169,INCYTE GENOMICS INC,cusip_link
021165,45341560,ICD,,,not_found
166491,45408X30,IGC,0001326205,India Globalization Capital Inc,cusip_link
038995,45569U10,INDI,0001841925,indie Semiconductor Inc,cusip_link
061925,45631410,IDSA,,,not_found
175533,45665G30,INFI,0001113148,INFINITY PHARMACEUTICALS INC,cusip_link
120134,45666Q10,INFA,0001080099,INFORMATICA LLC,cusip_link
177257,45667G10,INFN,0001138639,INFINERA Corp,cusip_link
174066,45668X20,IFLG,0001315320,INFOLOGIX INC,cusip_link
024934,45670G10,IUSA,0000879437,INFOGROUP INC,cusip_link
170444,45672H10,BLOX,,,not_found
039810,45674M10,INFA,0001868778,Informatica Inc,cusip_link
176251,45675Y10,III,0001371489,INFORMATION SERVICES GROUP INC,cusip_link
174428,45685K10,INFU,0001337013,InfuSystem Holdings Inc,cusip_link
033279,45686J10,IEA,0001652362,Infrastructure & Energy Alternatives Inc,cusip_link
030098,45687V10,GDI,0001699150,Ingersoll Rand Inc,cusip_link
027119,45688C10,NGVT,0001653477,Ingevity Corp,cusip_link
039789,45694810,MSAI,0001863990,"MultiSensor AI Holdings, Inc.",ticker_fallback
012972,45703010,IMKTA,0000050493,INGLES MARKETS INC,ticker_fallback
050831,45715210,INGM,0001897762,Ingram Micro Holding Corp,ticker_fallback
063919,45715310,IM,,,not_found
066016,45718710,CPO,,,not_found
264270,45719T10,INHX,0001274913,INHIBITEX INC,cusip_link
036787,45719W20,IKT,0001750149,Inhibikase Therapeutics Inc,cusip_link
035306,45720L10,INBX,0001739614,Inhibrx Inc,cusip_link
045388,45720N10,INBX,0002007919,Inhibrx Biosciences Inc,cusip_link
028717,45764220,INOD,0000903651,INNODATA INC,ticker_fallback
065671,45765110,DRQ,,,not_found
031453,45765U10,NSIT,0000932696,INSIGHT ENTERPRISES INC,cusip_link
136186,45766930,INSM,0001104506,INSMED Inc,ticker_fallback
037909,45767910,CTV,,,not_found
110387,45767M10,INOC,0001051114,INNOTRAC CORP,cusip_link
110566,45768S10,IOSP,0001054905,INNOSPEC INC,cusip_link
135844,45769N10,ISSC,0000836690,INNOVATIVE SOLUTIONS & SUPPORT INC,cusip_link
185112,45772F10,IPHI,0001160958,INPHI CORP,cusip_link
033435,45773010,INSP,0001609550,"Inspire Medical Systems, Inc.",ticker_fallback
138466,45773310,ISPH,,,not_found
066697,45773H40,INO,0001055726,INOVIO PHARMACEUTICALS INC,cusip_link
174541,45773Y10,INWK,0001350381,INNERWORKINGS INC,cusip_link
174567,45774N10,IPHS,0001364099,Innophos Holdings Inc,cusip_link
004498,45774W10,IIIN,0000764401,INSTEEL INDUSTRIES INC,cusip_link
140529,45777T10,INV,0001098482,Innovaro Inc,cusip_link
064302,45778Q10,ASF,0001000753,INSPERITY INC,cusip_link
039312,45779010,INST,,,not_found
186953,45779A84,NSPR,0001433607,InspireMD Inc,cusip_link
019274,45780L10,INGN,0001294133,Inogen Inc,cusip_link
019516,45780R10,IBP,0001580905,Installed Building Products Inc,cusip_link
022708,45781D10,INOV,0001619954,Inovalon Holdings Inc,cusip_link
160668,45781M10,THRX,0001080014,Innoviva Inc,cusip_link
026321,45781U10,INST,0001355754,INSTRUCTURE INC,cusip_link
141178,45782B30,NVTL,,,not_found
029666,45782N10,INSE,0001615063,Inspired Entertainment Inc,cusip_link
034078,45782T10,INMB,0001711754,Inmune Bio Inc,cusip_link
038386,45783C20,TIL,0001789769,Instil Bio Inc,cusip_link
065905,45783Q10,BASI,0000720154,Inotiv Inc,cusip_link
038174,45784A10,INNV,0001834376,InnovAge Holding Corp,cusip_link
063952,45784J30,PTGI,,,not_found
177227,45784P10,PODD,0001145197,INSULET CORP,cusip_link
036769,45790W10,INZY,0001693011,Inozyme Pharma Inc,cusip_link
040414,45791D20,LUCY,0001808377,Innovative Eyewear Inc,ticker_fallback
037362,45791E20,ISPO,,,not_found
061181,45798520,IART,0000917520,INTEGRA LIFESCIENCES HOLDINGS CORP,ticker_fallback
022059,45810H10,ISYS,0000718130,INTEGRAL SYSTEMS INC /MD/,cusip_link
025789,45810N30,INMD,0000885988,INTEGRAMED AMERICA INC,cusip_link
006003,45811810,IDTI,,,not_found
031488,45812P10,ISSI,0000854701,INTEGRATED SILICON SOLUTION INC,cusip_link
006008,45814010,INTC,0000050863,INTEL CORP,ticker_fallback
006013,45816D10,INS,0000320340,INTELLIGENT SYSTEMS CORP,cusip_link
126020,45817G20,IDN,0001040896,"Intellicheck, Inc.",ticker_fallback
179731,45824V20,INSY,0001516479,INSYS THERAPEUTICS INC,cusip_link
178767,45825N10,TNDM,0001292653,INTELIQUENT INC,cusip_link
170756,45825X20,INLX,0001081745,"INTELLINETICS, INC.",ticker_fallback
140073,45826H10,GB,0001114483,Integer Holdings Corp,cusip_link
027155,45826J10,NTLA,0001652130,Intellia Therapeutics Inc,cusip_link
039070,45827U10,INTA,0001565687,Intapp Inc,cusip_link
039991,45828J10,INTS,0001567264,INTENSITY THERAPEUTICS INC,cusip_link
039069,45828L10,IAS,0001842718,INTEGRAL AD SCIENCE HOLDING CORP,cusip_link
014309,45833410,IPAR,0000822663,INTERPARFUMS INC,ticker_fallback
124038,45841V10,ININ,,,not_found
014320,45845P10,ICPT,0001270073,INTERCEPT PHARMACEUTICALS INC,cusip_link
177576,45848320,ICLK,,,not_found
006034,45866530,IFSIA,,,not_found
007632,45868510,INTG,0000069422,INTERGROUP CORP,ticker_fallback
065930,45873810,ILI,,,not_found
028374,45875130,,,,not_found
065676,45878610,IN,,,not_found
187722,45882D10,IMI,,,not_found
133246,45884X10,ITMN,0001087432,INTERMUNE INC,cusip_link
124358,45885A40,INAP,0001056386,Internap Corp,cusip_link
006066,45920010,IBM,0000051143,INTERNATIONAL BUSINESS MACHINES CORP,ticker_fallback
162283,45928H10,ICO,0001320934,INTERNATIONAL COAL GROUP INC,cusip_link
006078,45950610,IFF,0000051253,INTERNATIONAL FLAVORS & FRAGRANCES INC,ticker_fallback
006097,45990210,IGT,,,not_found
006104,46014610,IP,0000051434,INTERNATIONAL PAPER CO /NEW/,ticker_fallback
006109,46025410,IRF,,,not_found
006115,46032120,ISH,,,not_found
006116,46033520,ISCA,,,not_found
006130,46059310,INPH,,,not_found
178850,46060810,INET,,,not_found
110728,46062X30,PDII,0001054102,INTERPACE BIOSCIENCES INC,cusip_link
006136,46069010,IPG,,,not_found
130762,46069S10,ISIL,0001096324,INTERSIL COMMUNICATIONS INC,cusip_link
021006,46071F10,XENT,,,not_found
019190,46090K10,SNOW,0001587755,Intrawest Resorts Holdings Inc,cusip_link
157862,46098130,INTX,,,not_found
064915,46114710,INTT,0001036262,INTEST CORP,ticker_fallback
061587,46114810,IVAC,,,not_found
019412,46116X10,ITCI,0001567514,INTRA-CELLULAR THERAPIES INC,cusip_link
184676,46118H10,IL,,,not_found
027928,46120210,INTU,0000896878,INTUIT INC.,ticker_fallback
006158,46120310,IVC,,,not_found
136725,46120E60,ISRG,0001035267,INTUITIVE SURGICAL INC,cusip_link
064102,46121210,SNAK,,,not_found
025302,46121E30,,,,not_found
009590,46121H10,IIN,0000088790,INTRICON CORP,cusip_link
179843,46121Y20,IPI,0001421461,Intrepid Potash Inc,cusip_link
185180,46123D20,INVN,0001294924,InvenSense Inc,cusip_link
038258,46125A10,LUNR,0001844452,Intuitive Machines Inc,cusip_link
022867,46185L10,NVTA,0001501134,Invitae Corp,cusip_link
065045,46185W10,INXI,0001020017,INX INC,cusip_link
185826,46186M60,NVIV,0001292519,INVIVO THERAPEUTICS HOLDINGS CORP,cusip_link
023704,46187J20,IVTY,0001393020,Invuity Inc,cusip_link
023810,46204420,IO,,,not_found
024040,46222210,ISIS,,,not_found
039800,46222L10,IONQ,0001824920,IonQ Inc,cusip_link
180057,46226010,LBIO,,,not_found
162336,46259420,IWA,,,not_found
108778,46261R10,IPT,0001078383,IPARTY CORP,cusip_link
153728,46261V30,IPAS,,,not_found
033064,46263D10,IPIC,,,not_found
023001,46264C30,AUID,0001534154,authID Inc.,ticker_fallback
020945,46266A10,IRMD,0001325618,IRADIMED CORP,cusip_link
017928,46266C10,Q,0001478242,IQVIA HOLDINGS INC,cusip_link
062168,46268410,IRIX,0001006045,IRIDEX CORP,ticker_fallback
183640,46269C10,IRDM,0001418819,Iridium Communications Inc,cusip_link
006110,46270W10,IRIS,0000319240,IRIS INTERNATIONAL INC,cusip_link
164416,46272610,IRBT,,,not_found
039535,46323Q10,IRNT,0001777946,IronNet Inc,cusip_link
184256,46333X10,IRWD,0001446847,IRONWOOD PHARMACEUTICALS INC,cusip_link
176279,46432L10,ISLN,0001373671,ISILON SYSTEMS INC,cusip_link
025314,46459210,ISLE,,,not_found
012818,46489V30,ISR,0000728387,Perspective Therapeutics Inc,cusip_link
039307,46500510,ISO,,,not_found
041957,46501C10,ISPR,0001948455,Ispire Technology Inc,cusip_link
006194,46514140,ISRL,,,not_found
183139,46520M20,,0000843006,ISSUER DIRECT CORP,cusip_link
035367,46524610,PECK,,,not_found
176867,46527C20,ONP,,,not_found
008087,46564T10,ITI,0000350868,ITERIS INC,cusip_link
036679,46565G10,ITOS,0001808865,iTeos Therapeutics Inc,cusip_link
037785,46571210,MOND,,,not_found
033638,46571Y10,IIIV,0001728688,i3 Verticals Inc,cusip_link
029133,46574110,ITRI,0000780571,"ITRON, INC.",ticker_fallback
041293,46578C10,IE,0001879016,Ivanhoe Electric Inc,cusip_link
178882,46583A30,IVDA,0001397183,Iveda Solutions Inc,cusip_link
018572,46583P10,OPHT,0001410939,IVERIC bio Inc,cusip_link
114370,46600W10,IXYS,0000945699,IXYS CORP /DE/,cusip_link
012825,46603210,JJSF,0000785956,J&J SNACK FOODS CORP,ticker_fallback
187357,46604H20,IZEA,0001495231,IZEA Worldwide Inc,cusip_link
011538,46609J10,JAX,0001617227,J Alexander's Holdings Inc,cusip_link
062399,46612K10,JDAS,0001006892,JDA SOFTWARE GROUP INC,cusip_link
030435,46620W20,JILL,0001687932,"J.Jill, Inc.",ticker_fallback
028195,46631310,JBL,0000898293,JABIL INC,ticker_fallback
013092,46636710,JACK,0000807882,JACK IN THE BOX INC,ticker_fallback
020537,46643C10,JPEP,0001523404,JP Energy Partners LP,cusip_link
014864,46645Q10,CVSL,0001403085,JRjr33 Inc,cusip_link
041111,46655E10,DC,0001852353,Dakota Gold Corp,cusip_link
264507,46820210,JTX,,,not_found
006216,46982L10,JEC,0000052988,JACOBS SOLUTIONS INC,cusip_link
029565,47009K10,JAG,0001685715,Jagged Peak Energy Inc,cusip_link
062745,47012E40,JAKK,0001009829,JAKKS PACIFIC INC,cusip_link
164255,47023A30,JMBA,0001316898,JAMBA INC,cusip_link
160838,47035520,JRCC,,,not_found
036717,47074L10,JAMF,0001721947,Jamf Holding Corp,cusip_link
038857,47103J10,JANX,0001817713,Janux Therapeutics Inc,cusip_link
038961,47103N10,JBI,0001839839,Janus International Group Inc,cusip_link
027980,47110910,JAH,,,not_found
018479,47117210,QPAC,,,not_found
039740,47187120,JSPR,0001788028,"Jasper Therapeutics, Inc.",ticker_fallback
143892,47189410,JAV,,,not_found
027386,47580P10,JELD,0001674335,JELD-WEN Holding Inc,cusip_link
033476,47632P10,JRSH,0001696558,Jerash Holdings (US) Inc,cusip_link
147305,47714310,JBLU,0001158463,JETBLUE AIRWAYS CORP,ticker_fallback
039412,47714H30,JTAI,0001861622,Jet.AI Inc.,ticker_fallback
108753,47737R10,JGBO,0001091164,JIANGBO PHARMACEUTICALS INC,cusip_link
004523,47758P30,JAS,0000034151,JO-ANN STORES INC,cusip_link
187969,47760A10,JIVE,0001462633,JIVE SOFTWARE INC,cusip_link
038081,47768J10,JOAN,0001834585,JOANN Inc,cusip_link
180466,47783910,JBT,,,not_found
006266,47816010,JNJ,0000200406,JOHNSON & JOHNSON,ticker_fallback
013906,47916710,JOUT,0000788329,JOHNSON OUTDOORS INC,ticker_fallback
018109,48019R30,JONE,0001573166,Jones Energy Inc,cusip_link
024032,48020T10,JNY,0000874016,JONES GROUP INC,cusip_link
108693,48023P10,JSDA,0001083522,JONES SODA CO,cusip_link
030138,48083810,JOSB,,,not_found
029684,48111610,JNCE,,,not_found
012478,48113010,JRN,,,not_found
023354,48114A10,JMG,0001622893,Journal Media Group Inc,cusip_link
039941,48115J10,DERM,0001867066,Journey Medical Corp,cusip_link
013003,48116510,JOYG,,,not_found
122172,48123V10,JCOM,0001084048,ZIFF DAVIS INC,cusip_link
014597,48203L10,CBRX,0000821995,JUNIPER PHARMACEUTICALS INC,cusip_link
121718,48203R10,JNPR,0001043604,JUNIPER NETWORKS INC,cusip_link
022230,48205A10,JUNO,0001594864,Juno Therapeutics Inc,cusip_link
183581,48238T10,KAR,0001395942,KAR AUCTION SERVICES INC,cusip_link
174310,48242W10,KBR,0001357615,KBR INC,cusip_link
141240,48247020,KITD,,,not_found
006304,48248010,KLAC,0000319201,KLA CORP,ticker_fallback
022343,48253910,KLXI,,,not_found
034055,48253L20,KLXE,0001738827,KLX Energy Services Holdings Inc,cusip_link
064848,48256410,KMGB,,,not_found
022205,48268610,KSWS,,,not_found
061984,48268R10,KSW,0001004125,KSW INC,cusip_link
155133,48268Y10,KSP,0001178575,K-SEA TRANSPORTATION PARTNERS LP,cusip_link
062549,48273810,KVHI,0001007587,KVH INDUSTRIES INC \DE\,ticker_fallback
020003,48273J10,KTWO,0001499807,K2M GROUP HOLDINGS INC,cusip_link
006315,48274020,KV,,,not_found
025922,48282T10,KAI,0000886346,KADANT INC,cusip_link
027476,48283N10,KDMN,0001557142,Kadmon Holdings Inc,cusip_link
024293,48300770,KALU,0000811596,KAISER ALUMINUM CORP,ticker_fallback
043442,48301N10,KAPA,0001962011,"Kairos Pharma, LTD.",ticker_fallback
164146,48310440,KAVL,0001762239,"Kaival Brands Innovations Group, Inc.",ticker_fallback
032018,48311920,KALA,0001479419,"KALA BIO, Inc.",ticker_fallback
034640,48334710,KLDO,,,not_found
035909,48337920,KLR,,,not_found
038491,48346710,KLTR,0001432133,KALTURA INC,ticker_fallback
029251,48349710,KALV,0001348911,"KalVista Pharmaceuticals, Inc.",ticker_fallback
006326,48354810,KAMN,,,not_found
006335,48517030,KSU,,,not_found
164680,48562P10,KS,0001325281,KAPSTONE PAPER & PACKAGING CORP,cusip_link
035674,48563L10,KRT,0001758021,Karat Packaging Inc,cusip_link
035290,48576A10,KRTX,0001771917,Karuna Therapeutics Inc,cusip_link
012421,48583710,TWMC,,,not_found
006768,48586510,LIZ,,,not_found
186473,48657710,KYAK,,,not_found
006357,48658710,KDN,,,not_found
012689,48666K10,KBH,0000795266,KB HOME,cusip_link
006370,48758410,KEI,,,not_found
006375,48783610,K,,,not_found
006379,48815220,KELYA,0000055135,KELLY SERVICES INC,ticker_fallback
025848,48836020,,,,not_found
023339,48844520,KMPH,,,not_found
065317,48880L10,KNDL,0001039151,KENDLE INTERNATIONAL INC,cusip_link
163771,48887910,KNXA,,,not_found
006386,48917010,KMT,0000055242,KENNAMETAL INC,ticker_fallback
061703,49005710,KNSY,,,not_found
041897,49177J10,KVUE,0001944048,Kenvue Inc,cusip_link
036328,49232710,KROS,0001664710,"Keros Therapeutics, Inc.",ticker_fallback
138126,49251510,KERX,,,not_found
028877,49271V10,KDP,0001418135,Keurig Dr Pepper Inc,cusip_link
006410,49285410,KEQU,0000055529,KEWAUNEE SCIENTIFIC CORP /DE/,ticker_fallback
028641,49314310,KTEC,,,not_found
006416,49314410,KTCC,0000719733,KEY TRONIC CORP,ticker_fallback
124196,49330810,KEYN,,,not_found
020232,49338L10,KEYS,0001601046,Keysight Technologies Inc,cusip_link
185006,49372210,KEYP,,,not_found
185119,49372310,KEYW,,,not_found
033631,49372L20,KZR,,,not_found
061179,49373210,KFRC,0000930420,KFORCE INC,ticker_fallback
009289,49375T10,KID,0000739878,KID BRANDS INC,cusip_link
039838,49382L20,PIK,,,not_found
006433,49427410,KBALB,,,not_found
020692,49428J10,KE,0001606757,Kimball Electronics Inc,cusip_link
029760,49435R10,KRP,0001657788,Kimbell Royalty Partners LP,cusip_link
006435,49436810,KMB,0000055785,KIMBERLY CLARK CORP,ticker_fallback
025627,49455010,KMP,,,not_found
143640,49455U10,KMR,0001135017,KINDER MORGAN MANAGEMENT LLC,cusip_link
006310,49456B10,KMI,0001506307,"KINDER MORGAN, INC.",ticker_fallback
039913,49456W10,KLC,0001873529,"KinderCare Learning Companies, Inc.",ticker_fallback
019143,49457710,KIN,,,not_found
043457,49457M10,KDLY,,,not_found
017239,49458010,KND,,,not_found
037588,49461C10,YMTX,0001445283,KINETA INC/DE,cusip_link
112033,49558210,KG,0002055116,Kestrel Group Ltd,ticker_fallback
184070,49579A30,,,,not_found
037486,49705R10,KNTE,0001797768,Kinnate Biopharma Inc,cusip_link
186898,49721710,KIOR,,,not_found
021282,49721T50,EYEG,0001372514,KIORA PHARMACEUTICALS INC,cusip_link
006461,49726610,KEX,0000056047,KIRBY CORP,ticker_fallback
184660,49726K10,KIPS,0001460198,Kips Bay Medical Inc,cusip_link
148391,49749810,KIRK,,,not_found
036465,49763420,KRBP,,,not_found
020643,49803L10,KITE,0001510580,Kite Pharma Inc,cusip_link
043288,49845K10,KVYO,0001835830,Klaviyo Inc,cusip_link
183486,49876K10,WENA,,,not_found
042950,49889410,KNF,0001955520,Knife River Corp,ticker_fallback
064745,49890420,KNL,,,not_found
030861,49904910,SWFT,,,not_found
040672,49907V20,KSCP,0001600983,"Knightscope, Inc.",ticker_fallback
148476,49918380,KNOL,,,not_found
019518,49926D10,KN,0001587523,Knowles Corp,cusip_link
038447,49926T10,KNBE,0001664998,KnowBe4 Inc,cusip_link
042856,50012A10,KGS,0001767042,Kodiak Gas Services Inc,cusip_link
034118,50015M10,KOD,0001468748,Kodiak Sciences Inc,cusip_link
025283,50025510,KSS,0000885639,KOHLS Corp,ticker_fallback
164290,50047H20,KONA,0001265572,KONA GRILL INC,cusip_link
035035,50050N10,KTB,0001760965,Kontoor Brands Inc,cusip_link
025166,50060010,KOPN,0000771266,KOPIN CORP,ticker_fallback
163113,50060P10,KOP,0001315257,Koppers Holdings Inc,cusip_link
118267,50064320,KFY,0000056679,KORN FERRY,ticker_fallback
039804,50066V30,KORE,0001855457,"KORE Group Holdings, Inc.",ticker_fallback
186276,50068810,KOS,0001509991,Kosmos Energy Ltd.,ticker_fallback
006497,50069210,KOSS,0000056701,KOSS CORP,ticker_fallback
005568,50075410,KHC,0001637459,Kraft Heinz Co,ticker_fallback
012978,50076Q10,KRFT,0001545158,KRAFT FOODS GROUP INC,cusip_link
126056,50077B20,KTOS,0001069258,KRATOS DEFENSE & SECURITY SOLUTIONS INC,cusip_link
166230,50077C10,KRA,0001321646,KRATON PERFORMANCE POLYMERS INC,cusip_link
035647,50094610,FREQ,,,not_found
133767,50101L10,DNUT,0001857154,Krispy Kreme Inc,cusip_link
006502,50104410,KR,0000056873,KROGER CO,ticker_fallback
157354,50105F10,KRO,0001257640,KRONOS WORLDWIDE INC,cusip_link
037102,50107A10,KRON,0001741830,Kronos Bio Inc,cusip_link
032348,50114710,KRYS,0001711279,"Krystal Biotech, Inc.",ticker_fallback
036735,50116V10,KBNT,0001729750,Kubient Inc,cusip_link
006509,50124210,KLIC,0000056978,KULICKE & SOFFA INDUSTRIES INC,ticker_fallback
035423,50127010,KRUS,0001772177,"KURA SUSHI USA, INC.",ticker_fallback
026081,50127T10,KURA,0001422143,Kura Oncology Inc,cusip_link
039963,50155Q10,KD,0001867072,Kyndryl Holdings Inc,cusip_link
005241,50157010,KYTH,,,not_found
036819,50157510,KYMR,0001815442,"Kymera Therapeutics, Inc.",ticker_fallback
161897,50162D10,LLEN,0001137083,L & L ENERGY INC,cusip_link
061900,50180330,LCAV,,,not_found
018625,50185U10,LDRH,0001348324,LDR HOLDING CORP,cusip_link
006848,50186A10,LGL,0000061004,LGL GROUP INC,cusip_link
162404,50187A10,LHCG,0001303313,LHC GROUP INC,cusip_link
018629,50187T10,LGIH,0001580670,LGI HOMES INC,cusip_link
155394,50188920,LKQX,,,not_found
011796,50189K10,DW,0000763744,LCI INDUSTRIES,cusip_link
043843,50197610,KYTX,0001994702,"Kyverna Therapeutics, Inc.",ticker_fallback
024901,50207450,LMFA,0001640384,"LM FUNDING AMERICA, INC.",ticker_fallback
112034,50207910,LMIA,,,not_found
063959,50212A10,ID,0001018332,L-1 IDENTITY SOLUTIONS INC,cusip_link
187167,50214A10,LRE,0001519632,LRR ENERGY LP,cusip_link
006528,50216010,LXU,0000060714,"LSB INDUSTRIES, INC.",ticker_fallback
006529,50216110,LSI,,,not_found
006527,50216C10,LYTS,0000763532,LSI INDUSTRIES INC,cusip_link
027802,50218P10,LKSD,,,not_found
110685,50241310,LLL,,,not_found
005492,50243110,HRS,,,not_found
006534,50247010,LB,0001995807,LandBridge Co LLC,ticker_fallback
030281,50345960,,,,not_found
014960,50492210,LH,0000920148,LABCORP HOLDINGS INC.,ticker_fallback
006543,50533610,LZB,0000057131,LA-Z-BOY INC,ticker_fallback
038648,50535E10,OSA,0001934064,ProSomnus Inc,cusip_link
030016,50568810,BOOT,0001610250,"Boot Barn Holdings, Inc.",ticker_fallback
066300,50575420,LDSH,,,not_found
036989,50736T10,LSF,0001650696,Laird Superfood Inc,cusip_link
012597,51179510,LAKE,0000798081,LAKELAND INDUSTRIES INC,ticker_fallback
050260,51216F10,LSH,0001996192,Lakeside Holding Ltd,ticker_fallback
006565,51280730,LRCX,0000707549,LAM RESEARCH CORP,ticker_fallback
028790,51327210,LW,0001679273,"Lamb Weston Holdings, Inc.",ticker_fallback
006573,51384710,LANC,,,not_found
062169,51476610,LNDC,,,not_found
014169,51476K10,LDR,0000825410,LANDAUER INC,cusip_link
037924,51506920,LABP,,,not_found
028765,51508L10,LNY,0000908652,LANDRYS SEAFOOD RESTAURANTS INC,cusip_link
021440,51509810,LSTR,0000853816,LANDSTAR SYSTEM INC,ticker_fallback
019581,51509F10,LE,0000799288,LANDS' END INC,cusip_link
037713,51509P10,LSEA,,,not_found
022632,51601220,LCI,,,not_found
021004,51654410,LNTH,0001521036,"Lantheus Holdings, Inc.",ticker_fallback
138467,51654820,LTRX,0001114925,LANTRONIX INC,ticker_fallback
036394,51654W10,LTRN,0001763950,Lantern Pharma Inc,cusip_link
187961,51680620,LPI,,,not_found
036536,51712510,LRMR,0001374690,"Larimar Therapeutics, Inc.",ticker_fallback
161844,51783410,LVS,0001300514,LAS VEGAS SANDS CORP,ticker_fallback
040645,51807Q10,LASE,0001807887,Laser Photonics Corp,ticker_fallback
004077,51807U10,LCRD,0000030140,LASERCARD CORP,cusip_link
038953,51818V10,LTCH,0001826000,Latch Inc,cusip_link
038576,51819L10,SWIM,0001833197,Latham Group Inc,cusip_link
016597,51841510,LSCC,0000855658,LATTICE SEMICONDUCTOR CORP,ticker_fallback
061567,51843910,EL,0001001250,ESTEE LAUDER COMPANIES INC,ticker_fallback
026305,51861320,LAUR,0000912766,"LAUREATE EDUCATION, INC.",ticker_fallback
006617,52077610,LAWS,,,not_found
144135,52078P10,LWSN,0001141517,LAWSON SOFTWARE AMERICAS INC,cusip_link
025680,52105010,LAYN,,,not_found
185703,52177G10,DMD,0001365038,LEAF GROUP LTD,cusip_link
114484,52186330,LEAP,,,not_found
016477,52186520,LEA,0000842162,LEAR CORP,ticker_fallback
148410,52186N10,LF,0001138951,LEAPFROG ENTERPRISES INC,cusip_link
029914,52187K20,LPTX,0001509745,LEAP THERAPEUTICS INC,cusip_link
061662,52201510,LTRE,,,not_found
155933,52323410,XPRT,,,not_found
061398,52324W10,LCRY,0000943580,LECROY CORP,cusip_link
006639,52376840,LEE,0000058361,"LEE ENTERPRISES, Inc",ticker_fallback
006649,52466010,LEG,0000058492,LEGGETT & PLATT INC,ticker_fallback
039225,52466B10,LZ,0001286139,LEGALZOOMCOM INC,cusip_link
166436,52470610,LGCY,0001836754,Legacy Education Inc.,ticker_fallback
033733,52472M10,LEGH,0001436208,Legacy Housing Corp,cusip_link
165123,52532710,SAI,,,not_found
174390,52555820,LMAT,0001158895,LEMAITRE VASCULAR INC,ticker_fallback
006669,52605710,LEN,0000920760,LENNAR CORP /NEW/,ticker_fallback
122380,52610710,LII,0001069202,LENNOX INTERNATIONAL INC,ticker_fallback
036929,52634L10,LNSR,0001320350,LENSAR Inc,cusip_link
039063,52635N10,GRPH,0001815776,LENZ Therapeutics Inc,cusip_link
038477,52661A10,DRS,0001833756,Leonardo DRS Inc,cusip_link
013440,52729N30,LVLT,,,not_found
016476,52736R10,LEVI,0000094845,LEVI STRAUSS & CO,cusip_link
043385,52886X10,LXEO,0001907108,Lexeo Therapeutics Inc,cusip_link
133868,52887230,LXRX,0001062822,"LEXICON PHARMACEUTICALS, INC.",ticker_fallback
061552,52977110,LXK,,,not_found
028462,52989810,LBY,,,not_found
164275,53012L10,LBMH,0000017485,LIBERATOR MEDICAL HOLDINGS INC,cusip_link
021227,53030730,LBRDK,0001611983,Liberty Broadband Corp,ticker_fallback
183812,53032230,LSTZA,,,not_found
027054,53046P10,LEXEA,0001669600,Liberty Expedia Holdings Inc,cusip_link
030284,53115L10,LBRT,0001694028,Liberty Energy Inc,cusip_link
027187,53122975,FWONK,0001560385,Liberty Media Corp,ticker_fallback
020699,53146510,LTRPA,,,not_found
039648,53190C10,LTH,0001869198,Life Time Group Holdings Inc,cusip_link
015087,53191410,LWAY,0000814586,"Lifeway Foods, Inc.",ticker_fallback
025472,53216B10,LFMD,0000948320,LifeMD Inc,cusip_link
160183,53217R20,LTM,0001076195,LIFE TIME FITNESS INC,cusip_link
118577,53217V10,LIFE,0001073431,LIFE TECHNOLOGIES CORP,cusip_link
120297,53219L10,LPNT,0001074772,LIFEPOINT HOSPITALS INC,cusip_link
332179,53220610,LIF,0001581760,"Life360, Inc.",ticker_fallback
025937,53220K50,LGND,0000886163,LIGAND PHARMACEUTICALS INC,ticker_fallback
025027,53222K20,LFVN,0000849146,Lifevantage Corp,cusip_link
024099,53222Q10,LCUT,0000874396,LIFETIME BRANDS INC,cusip_link
140982,53224K30,LTBR,0001084554,LIGHTBRIDGE Corp,cusip_link
014032,53224V10,LOCK,0001383871,LIFELOCK INC,cusip_link
062217,53225780,LPTH,0000889971,LIGHTPATH TECHNOLOGIES INC,ticker_fallback
106233,53227510,LWLG,0001325964,"Lightwave Logic, Inc.",ticker_fallback
038834,53228F10,LFST,0001845257,LifeStance Health Group Inc,cusip_link
034459,53228T20,ZEV,,,not_found
182491,53235210,LIWA,,,not_found
186061,53240320,RECV,,,not_found
006730,53245710,LLY,0000059478,ELI LILLY & Co,ticker_fallback
177315,53261M20,LLNW,,,not_found
020517,53263P10,TFSC,0001606163,Limbach Holdings Inc,cusip_link
029962,53274610,LMNR,0001342423,Limoneira CO,ticker_fallback
148531,53277110,LIN,0001707925,LINDE PLC,ticker_fallback
025062,53279110,LNCR,,,not_found
163668,53353510,LINC,0001286613,LINCOLN EDUCATIONAL SERVICES CORP,ticker_fallback
006737,53390010,LECO,0000059527,LINCOLN ELECTRIC HOLDINGS INC,ticker_fallback
024351,53521910,LIND,0001512499,"LINDBLAD EXPEDITIONS HOLDINGS, INC.",ticker_fallback
014954,53555510,LNN,0000836157,LINDSAY CORP,ticker_fallback
024996,53566P10,BTIM,0000876343,Lineage Cell Therapeutics Inc,cusip_link
012216,53567810,LLTC,,,not_found
015452,53578210,LNCO,,,not_found
186342,53578A10,LNKD,0001271024,LINKEDIN CORP,cusip_link
123016,53625210,LIOX,,,not_found
041448,53630L20,LIPO,0001347242,LIPELLA PHARMACEUTICALS INC.,ticker_fallback
147898,53630M10,LPDX,0001168197,LIPOSCIENCE INC,cusip_link
018424,53630X20,LPCN,0001535955,Lipocine Inc.,ticker_fallback
188355,53632A30,LIQT,0001307579,LIQTECH INTERNATIONAL INC,cusip_link
017810,53633A10,LIQD,0001562594,LIQUID HOLDINGS GROUP INC,cusip_link
166213,53635B10,LQDT,0001235468,LIQUIDITY SERVICES INC,cusip_link
033810,53635D20,LQDA,0001330436,Liquidia Technologies Inc,cusip_link
064175,53679710,LAD,0001023128,LITHIA MOTORS INC,ticker_fallback
025747,53700810,LFUS,0000889331,LITTELFUSE INC /DE,ticker_fallback
165746,53803410,LYV,0001335258,"Live Nation Entertainment, Inc.",ticker_fallback
066261,53814230,LIVE,0001045742,LIVE VENTURES Inc,ticker_fallback
002536,53815P10,ACXM,0000733269,LiveRamp Holdings Inc,cusip_link
036979,53838J10,LVWR,0001898795,LiveWire Group Inc,cusip_link
039053,53838L10,LVOX,0001723648,LiveVox Holdings Inc,cusip_link
035394,53918310,LVGO,,,not_found
178291,53931930,LIXT,0001335105,"LIXTE BIOTECHNOLOGY HOLDINGS, INC.",ticker_fallback
012789,53945110,LOJN,,,not_found
045265,53947R10,LOAR,0002000178,Loar Holdings Inc,cusip_link
035358,53952P10,LMPX,0001731727,LMP Automotive Holdings Inc,cusip_link
160798,53954W10,LOCM,0001259550,LOCAL CORP,cusip_link
037856,53960E20,LOCL,0001840780,Local Bounti Corporation/DE,ticker_fallback
006774,53983010,LMT,0000936468,LOCKHEED MARTIN CORP,ticker_fallback
028998,54021110,LNET,,,not_found
014938,54140210,LOGC,0002064307,ContextLogic Holdings Inc.,ticker_fallback
034266,54142F10,LOGC,0001664106,LogicBio Therapeutics Inc,cusip_link
179666,54142L10,LOGM,0001420302,LOGMEIN INC,cusip_link
186087,54222A10,LPR,0001506932,LONE PINE RESOURCES INC,cusip_link
024175,54261410,LTEA,,,not_found
038284,54300N10,LBPH,0001832168,Longboard Pharmaceuticals Inc,cusip_link
037807,54303L20,LGVN,0001721484,Longeveron Inc.,ticker_fallback
181036,54335410,LPH,,,not_found
025332,54351810,LOOP,0001504678,"Loop Industries, Inc.",ticker_fallback
039874,54352F20,LPTV,0001643988,Loop Media Inc,cusip_link
062640,54388110,LORL,,,not_found
037268,54405Q20,RIDE,,,not_found
147175,54414710,LO,,,not_found
006821,54634710,LPX,0000060519,LOUISIANA-PACIFIC CORP,ticker_fallback
033425,54738L10,LOVE,0001701758,Lovesac Co,cusip_link
006829,54866110,LOW,0000060667,LOWES COMPANIES INC,ticker_fallback
021016,54886210,LOXO,,,not_found
039962,54911Q10,LYLT,0001870997,Loyalty Ventures Inc,cusip_link
006830,54927110,LZ,0001286139,"LEGALZOOM.COM, INC.",ticker_fallback
006831,54928210,LUB,,,not_found
037840,54948U10,LHDX,0001652724,Lucira Health Inc,cusip_link
039728,54948X10,LUCD,0001799011,Lucid Diagnostics Inc,cusip_link
006836,54976410,LUFK,,,not_found
178015,55002110,LULU,0001397187,lululemon athletica inc.,ticker_fallback
178806,55003T10,LL,0001396033,LL Flooring Holdings Inc,cusip_link
002884,55024110,CTL,,,not_found
023249,55024U10,LITE,0001633978,Lumentum Holdings Inc,cusip_link
133504,55027E10,LMNX,0001033905,LUMINEX CORP,cusip_link
190959,55028310,LMOS,,,not_found
036333,55028X10,LUMO,0001126234,LUMOS PHARMA INC,cusip_link
166583,55035110,LUNA,,,not_found
037490,55042430,LAZR,,,not_found
006845,55081910,LDL,,,not_found
034873,55087P10,LYFT,0001759509,Lyft Inc,cusip_link
024544,55207470,WLH,,,not_found
060887,55254110,MFW,,,not_found
041132,55264110,MAIA,0001878313,"MAIA Biotechnology, Inc.",ticker_fallback
006865,55267610,MDC,,,not_found
006867,55269010,MDU,0000067716,MDU RESOURCES GROUP INC,ticker_fallback
014581,55276810,ANGN,,,not_found
006932,55277P10,MGEE,0001161728,MGE ENERGY INC,cusip_link
165911,55277Q20,MAMS,0000832488,MAM SOFTWARE GROUP INC,cusip_link
157865,55279B30,MSHL,0001262104,MEI Pharma Inc,cusip_link
050526,55287L10,MBX,0001776111,MBX Biosciences Inc,cusip_link
014418,55295310,MGM,0000789570,MGM Resorts International,ticker_fallback
063337,55302P20,MGT,0001001601,MGT CAPITAL INVESTMENTS INC,cusip_link
014891,55303J10,MGPI,0000835011,MGP INGREDIENTS INC,cusip_link
012615,55305B10,MHO,0000799292,M I SCHOTTENSTEIN HOMES INC,cusip_link
119275,55306N10,MKSI,0001049502,MKS INSTRUMENTS INC,cusip_link
160555,55328R10,MICT,,,not_found
037407,55336810,MP,0001801368,MP Materials Corp. / DE,ticker_fallback
012294,55336V10,MPLX,0001552000,MPLX LP,cusip_link
180016,55345K10,MRC,,,not_found
025978,55347740,,,,not_found
007420,55349810,MSA,0000066570,MSA Safety Inc,ticker_fallback
061732,55353010,MSM,0001003078,MSC INDUSTRIAL DIRECT CO INC,ticker_fallback
184157,55357310,MSG,,,not_found
025079,55376910,MNTG,,,not_found
006900,55377710,MTSC,,,not_found
041420,55380K10,MPTI,0001902314,M-tron Industries Inc,cusip_link
163893,55402X10,MWIV,0001323974,MWI Veterinary Supply Inc,cusip_link
180646,55405W10,MYRG,0000700923,MYR GROUP INC,cusip_link
187740,55405Y10,MTSI,0001493594,MACOM Technology Solutions Holdings Inc,cusip_link
021082,55414P70,,0001109196,MABVAX THERAPEUTICS HOLDINGS INC,cusip_link
065630,55415310,TUC,,,not_found
029170,55433520,MACE,,,not_found
043507,55445L10,MNR,0001980088,MACH NATURAL RESOURCES LP,cusip_link
161120,55608B10,MIC,0001289790,MACQUARIE INFRASTRUCTURE CO LLC,cusip_link
018658,55609910,MGNX,0001125345,MACROGENICS INC,ticker_fallback
004611,55616P10,M,0000794367,MACY'S INC,cusip_link
029382,55626910,SHOO,0000913241,"STEVEN MADDEN, LTD.",ticker_fallback
032918,55825610,MSGE,0001952073,Madison Square Garden Entertainment Corp.,ticker_fallback
024481,55825T10,MSG,0001636519,Madison Square Garden Co,cusip_link
036309,55826T10,MSGE,0001795250,Sphere Entertainment Co,cusip_link
027716,55886810,MDGL,0001157601,"MADRIGAL PHARMACEUTICALS, INC.",ticker_fallback
002940,55907920,MGLN,,,not_found
142230,55908010,MMP,,,not_found
143668,55918110,LAVA,,,not_found
233491,55933J20,MX,0001325702,MAGNACHIP SEMICONDUCTOR Corp,ticker_fallback
012581,55942440,MAG,,,not_found
019753,55955D10,RUBI,0001595974,MAGNITE INC,cusip_link
031252,55966310,TPGE,,,not_found
163879,56030510,MFB,,,not_found
006963,56037710,MAM,,,not_found
042971,56066710,MSS,0001892292,Maison Solutions Inc.,ticker_fallback
024937,56068V10,MJCO,0001626853,Majesco,cusip_link
060942,56086P20,MMUS,0000920707,MAKEMUSIC INC,cusip_link
179380,56087910,MAKO,0001784930,Mako Mining Corp.,ticker_fallback
019391,56117J10,MBUU,0001590976,Malibu Boats Inc,cusip_link
017494,56146T10,MMMB,0001520358,Mama's Creations Inc,cusip_link
021834,56155L10,TUSK,0001679268,MAMMOTH ENERGY SERVICES INC,cusip_link
018487,56266210,FEYE,,,not_found
042220,56270V20,MGRX,0001938046,"MANGOCEUTICALS, INC.",ticker_fallback
109826,56275010,MANH,0001056696,MANHATTAN ASSOCIATES INC,ticker_fallback
161843,56342010,MNTX,,,not_found
006994,56357140,MTW,0000061986,MANITOWOC CO INC,ticker_fallback
112968,56377120,MTEX,0001056358,MANNATECH INC,ticker_fallback
160340,56400P70,MNKD,0000899460,MANNKIND CORP,cusip_link
014370,56418H10,MAN,0000062072,MANPOWER INC,cusip_link
146171,56456310,MANT,,,not_found
178531,56509R10,MAPP,0001297401,DREAMWORKS ANIMATION SKG INC,cusip_link
043316,56539410,CART,0001579091,Maplebear Inc.,ticker_fallback
004384,56578810,MARA,0001507605,"MARA Holdings, Inc.",ticker_fallback
007017,56584910,MRO,,,not_found
186989,56585A10,MPC,0001510295,MARATHON PETROLEUM CORP,cusip_link
037354,56600D10,MRVI,0001823239,MARAVAI LIFESCIENCES HOLDINGS INC,cusip_link
157755,56624R10,MCHX,0001224133,MARCHEX INC,cusip_link
007022,56633010,MCS,0000062234,MARCUS CORP,ticker_fallback
111103,56790810,HZO,0001057060,MARINEMAX INC,ticker_fallback
017376,56804T30,MRIN,,,not_found
142546,56842710,MPX,,,not_found
148281,56845T30,ME,0001022345,MARINER ENERGY INC,cusip_link
020567,56854Q20,MRNS,0001267813,MARINUS PHARMACEUTICALS INC,cusip_link
107843,57055L20,TPIV,,,not_found
161814,57056R10,LEDR,0001298978,MARKET LEADER INC,cusip_link
017693,57063L10,MKTO,0001490660,MARKETO INC,cusip_link
039250,57064N20,MKFG,,,not_found
148770,57075910,MWE,,,not_found
038832,57142B10,MQ,0001522540,Marqeta Inc,cusip_link
191255,57164Y10,VAC,0001524358,MARRIOTT VACATIONS WORLDWIDE Corp,cusip_link
018270,57165B10,MBII,0001441693,MARRONE BIO INNOVATIONS INC,cusip_link
028930,57190320,MAR,0001048286,MARRIOTT INTERNATIONAL INC /MD/,ticker_fallback
029278,57290110,MATK,,,not_found
012625,57307510,MRTN,0000799167,MARTEN TRANSPORT LTD,ticker_fallback
125237,57308310,MSO,,,not_found
029733,57328410,MLM,0000916076,MARTIN MARIETTA MATERIALS INC,ticker_fallback
150201,57333110,MMLP,0001176334,MARTIN MIDSTREAM PARTNERS L.P.,ticker_fallback
137310,57387410,MRVL,0001835632,"Marvell Technology, Inc.",ticker_fallback
007085,57459910,MAS,0000062996,MASCO CORP /DE/,ticker_fallback
177881,57479510,MASI,0000937556,MASIMO CORP,ticker_fallback
141400,57620610,MEE,,,not_found
045070,57628N10,MAMO,0001952853,Massimo Group,cusip_link
002497,57632310,MTZ,0000015615,MASTEC INC,ticker_fallback
180822,57633B10,MHH,0001437226,Mastech Holdings Inc,cusip_link
160225,57636Q10,MA,0001141391,MASTERCARD INC,cusip_link
024911,57637H10,MCFT,0001638290,"MasterCraft Boat Holdings, Inc.",ticker_fallback
041835,57638P10,MBC,0001941365,MasterBrand Inc,cusip_link
187812,57648520,MTDR,0001520006,Matador Resources Co,ticker_fallback
007107,57667410,,,,not_found
026061,57667L10,MTCH,0000891103,Match Group Inc,cusip_link
002448,57669010,BW,0001630805,"Babcock & Wilcox Enterprises, Inc.",ticker_fallback
020756,57681030,MTNB,0001582554,"Matinas BioPharma Holdings, Inc.",ticker_fallback
023195,57685310,MTRX,0000866273,MATRIX SERVICE CO,ticker_fallback
062700,57685L10,MTXX,0001006195,MATRIXX INITIATIVES INC,cusip_link
001254,57686G10,ALEX,0000003453,MATSON INC,cusip_link
007116,57708110,MAT,0000063276,MATTEL INC /DE/,ticker_fallback
039323,57709610,MTTR,,,not_found
129840,57709710,ELOY,,,not_found
030477,57712810,MATW,0000063296,MATTHEWS INTERNATIONAL CORP,ticker_fallback
030710,57722310,MTSN,,,not_found
161036,57722W10,MFRM,0001419852,MATTRESS FIRM HOLDING CORP,cusip_link
018879,57767510,MVNR,,,not_found
014256,57772K10,MXIM,0000743316,MAXIM INTEGRATED PRODUCTS INC,cusip_link
007124,57776710,MXWL,,,not_found
184551,57776J10,MXL,0001288469,MAXLINEAR INC,cusip_link
127481,57777610,MAXY,,,not_found
321429,57777K10,MXCT,0001287098,MAXCYTE INC,cusip_link
023035,57777M20,MXPT,0001611231,MaxPoint Interactive Inc,cusip_link
137609,57778K10,MAXR,0001121142,Maxar Technologies Inc,cusip_link
064901,57793310,MMS,0001032220,"MAXIMUS, INC.",ticker_fallback
035099,57860510,MEC,0001766368,"Mayville Engineering Company, Inc.",ticker_fallback
037180,57906310,MCFE,,,not_found
025783,57906410,MFE,,,not_found
014163,57948930,MNI,,,not_found
007146,57978020,MKC,0000063754,MCCORMICK & CO INC,ticker_fallback
160338,57979310,MSSR,,,not_found
007154,58013510,MCD,0000063908,MCDONALDS CORP,ticker_fallback
009728,58039P30,UXG,,,not_found
007161,58058910,MGRC,0000752714,MCGRATH RENTCORP,ticker_fallback
007171,58155Q10,MCK,0000927653,MCKESSON CORP,cusip_link
030234,58241110,MMR,,,not_found
180833,58283910,MJN,,,not_found
064595,58306220,MEAD,,,not_found
012236,58342110,MEAS,,,not_found
007183,58354330,,,,not_found
035374,58402110,MDLA,,,not_found
179027,58404510,MDAS,,,not_found
143605,58404W10,MDTH,0001139463,MEDCATH CORP,cusip_link
007186,58405U10,MHS,0001170650,MEDCO HEALTH SOLUTIONS INC,cusip_link
037396,58406B20,MDVL,,,not_found
030950,58441K10,MEG,0000216539,MEDIA GENERAL INC,cusip_link
129442,58446K10,MCCC,0001098659,MEDIACOM COMMUNICATIONS CORP,cusip_link
179648,58449C10,MDMD,0001275791,MEDIAMIND TECHNOLOGIES INC,cusip_link
007205,58449L10,MDCI,0000748270,MEDICAL ACTION INDUSTRIES INC,cusip_link
035583,58450D10,MDIA,0001784254,Mediaco Holding Inc,cusip_link
037148,58450V10,MAX,0001818383,MediaAlpha Inc,cusip_link
138608,58468810,MDCO,,,not_found
162892,58468P20,MNOV,0001226616,MEDICINOVA INC,cusip_link
021186,58469030,MRX,0001997464,Marex Group plc,ticker_fallback
029517,58470H10,MED,0000910329,MEDIFAST INC,cusip_link
182308,58471A10,MDSO,0001453814,MEDIDATA SOLUTIONS INC,cusip_link
024378,58494610,MEDW,,,not_found
025216,58494910,MEDQ,,,not_found
012091,58497720,MTOX,,,not_found
164266,58501N10,MDVN,0001011835,MEDIVATION INC,cusip_link
061325,58502B10,MD,0000893949,MEDNAX INC,cusip_link
022484,58504H10,MDVX,0001591165,Medovex Corp,cusip_link
019998,58506Q10,MEDP,0001668397,Medpace Holdings Inc,cusip_link
121662,58513U10,,0001078099,Meet Group Inc,cusip_link
196856,58549G20,MLNT,0001461993,MELINTA THERAPEUTICS INC /NEW/,cusip_link
039068,58600110,MCG,,,not_found
020168,58605Q10,MRD,0001599222,Memorial Resource Development Corp,cusip_link
179082,58626410,MEMS,,,not_found
007251,58720010,MENT,,,not_found
178081,58733R10,MELI,0001099590,MERCADOLIBRE INC,cusip_link
014563,58805610,MERC,0001333274,MERCER INTERNATIONAL INC.,ticker_fallback
007257,58933Y10,MRK,0000310158,Merck & Co Inc,cusip_link
066393,58937810,MRCY,0001049521,MERCURY SYSTEMS INC,ticker_fallback
007260,58943310,MDP,,,not_found
066630,58949910,MRGE,,,not_found
012433,58958410,VIVO,0001681348,VivoPower PLC,ticker_fallback
038748,58985J10,MLNK,0001834494,MeridianLink Inc,cusip_link
021777,58988910,MMSI,0000856982,MERIT MEDICAL SYSTEMS INC,ticker_fallback
014790,59001A10,MTH,0000833079,MERITAGE HOMES CORP,cusip_link
065399,59001K10,ARM,0001113256,MERITOR INC,cusip_link
187631,59032820,MACK,,,not_found
184057,59047Q10,MERU,0001167294,MERU NETWORKS INC,cusip_link
007275,59064R10,MLAB,0000724004,MESA LABORATORIES INC /CO,cusip_link
007281,59087630,MPR,,,not_found
036952,59101E10,MTCR,0001634379,Metacrine Inc,cusip_link
043792,59102M10,MGX,0001785279,Metagenomi Inc,cusip_link
021845,59116R10,MPG,0001616817,Metaldyne Performance Group Inc,cusip_link
160474,59117610,MEA,,,not_found
175087,59132A10,MUSA,0001362491,METALS USA HOLDINGS CORP,cusip_link
039108,59134N30,MMAT,,,not_found
012005,59151710,MEIL,,,not_found
007291,59152020,MEI,0000065270,METHODE ELECTRONICS INC,ticker_fallback
064404,59214210,MDF,,,not_found
065772,59268810,MTD,0001037646,METTLER TOLEDO INTERNATIONAL INC/,ticker_fallback
007309,59277010,MXC,0000066418,MEXCO ENERGY CORP,ticker_fallback
062698,59283R10,CASA,0001009244,MEXICAN RESTAURANTS INC,cusip_link
007316,59408Q10,MIK,0001593936,Michaels Companies Inc,cusip_link
031147,59479310,MCRL,,,not_found
007331,59490110,MCRS,,,not_found
012141,59491810,MSFT,0000789019,MICROSOFT CORP,ticker_fallback
063531,59496030,MVIS,0000065770,"MICROVISION, INC.",ticker_fallback
111534,59497240,MSTR,0001050446,Strategy Inc,ticker_fallback
027965,59501710,MCHP,0000827054,MICROCHIP TECHNOLOGY INC,ticker_fallback
029293,59503A20,MBOT,0000883975,Microbot Medical Inc,cusip_link
174160,59509C10,MITI,0001131907,MICROMET INC,cusip_link
007343,59511210,MU,0000723125,MICRON TECHNOLOGY INC,ticker_fallback
014417,59512510,NOIZ,,,not_found
007346,59513710,MSCC,,,not_found
135805,59514P10,TUNE,0001108058,MICROTUNE INC,cusip_link
039338,59516C10,MVST,0001760689,Microvast Holdings Inc,cusip_link
163102,59518V10,MEND,0001028318,MICRUS ENDOVASCULAR CORP,cusip_link
187810,59560V20,MCEP,,,not_found
066438,59562610,MDS,,,not_found
019104,59564N10,MEP,0001578685,MIDCOAST ENERGY PARTNERS LP,cusip_link
155614,59608710,MBRK,,,not_found
013570,59627810,MIDD,0000769520,MIDDLEBY Corp,ticker_fallback
007368,59668010,MSEX,0000066004,MIDDLESEX WATER CO,ticker_fallback
023569,59870L10,MCRN,0001637913,Milacron Holdings Corp,cusip_link
061496,59935P20,,0000855683,MILESTONE SCIENTIFIC INC/NJ,cusip_link
170458,60040N10,MM,0001372375,Millennial Media Inc,cusip_link
066228,60052710,MILL,,,not_found
007401,60054410,MLHR,,,not_found
030558,60055120,MLR,0000924822,MILLER INDUSTRIES INC /TN/,ticker_fallback
007409,60107310,MIL,,,not_found
178157,60249610,MDXG,0001376339,"MIMEDX GROUP, INC.",ticker_fallback
023935,60255W10,MB,0001458962,MINDBODY Inc,cusip_link
031214,60256630,MIND,0000926423,"MIND TECHNOLOGY, INC",ticker_fallback
154434,60268220,MSPD,,,not_found
025870,60315810,MTX,0000891014,MINERALS TECHNOLOGIES INC,ticker_fallback
041916,60317010,MLYS,0001933414,"Mineralys Therapeutics, Inc.",ticker_fallback
020225,60338020,NERV,0001598646,"Minerva Neurosciences, Inc.",ticker_fallback
022650,60343210,MGN,0001995075,Megan Holdings Ltd.,ticker_fallback
039753,60343F20,UTRS,,,not_found
183666,60365W20,MINM,,,not_found
043186,60458C10,MIRA,0001904286,MIRA PHARMACEUTICALS INC,cusip_link
160770,60468T10,MRTX,0001576263,MIRATI THERAPEUTICS INC,cusip_link
039935,60471A10,MIR,0001809987,Mirion Technologies Inc,cusip_link
038917,60471P10,MIRO,0001527096,Miromatrix Medical Inc,cusip_link
035375,60474910,MIRM,0001759425,"Mirum Pharmaceuticals, Inc.",ticker_fallback
024890,60487110,MSON,,,not_found
037019,60510V10,AVO,0001802974,Mission Produce Inc,cusip_link
038936,60646V10,MCW,0001853513,Mister Car Wash Inc,cusip_link
180229,60649T10,MG,0001436126,MISTRAS GROUP INC,cusip_link
014113,60671020,,,,not_found
285536,60689B10,MEDH,0001441567,MMODAL INC,cusip_link
040494,60737110,MGAM,0001886362,"Mobile Global Esports, Inc.",ticker_fallback
020330,60739U20,MOBL,0001470099,MOBILEIRON INC,cusip_link
029734,60740F10,MINI,0000911109,MOBILE MINI INC,cusip_link
041640,60741F10,MBLY,0001910139,Mobileye Global Inc,cusip_link
163850,60743F60,MOBQ,0001084267,"Mobiquity Technologies, Inc.",ticker_fallback
039121,60743G10,MOBX,0001855467,MOBIX LABS INC,cusip_link
007481,60749410,MOCO,,,not_found
152809,60749510,MPAC,,,not_found
017553,60752510,MODN,,,not_found
034410,60770K10,MRNA,0001682852,Moderna Inc,cusip_link
007486,60782810,MOD,0000067347,MODINE MANUFACTURING CO,ticker_fallback
154758,60783X10,PRSC,0001220754,ModivCare Inc,cusip_link
165750,60785L20,MODD,0001074871,Modular Medical Inc,cusip_link
025119,60819010,MHK,0000851968,MOHAWK INDUSTRIES INC,ticker_fallback
166200,60852M10,MIPI,0001340752,MOLECULAR INSIGHT PHARMACEUTICALS INC,cusip_link
032267,60855020,MTEM,,,not_found
007506,60855410,MOLX,,,not_found
003505,60871R20,TAP,0000024545,MOLSON COORS BEVERAGE CO,cusip_link
007509,60875310,MCP,,,not_found
264414,60877T10,MNTA,0001235010,MOMENTA PHARMACEUTICALS INC,cusip_link
034140,60878Y10,SVMK,0001739936,MOMENTIVE GLOBAL INC,cusip_link
028704,60902710,MCRI,0000907242,MONARCH CASINO & RESORT INC,ticker_fallback
142953,60920710,KFT,,,not_found
032526,60937P10,MDB,0001441816,MongoDB Inc,cusip_link
042945,60978610,MGRM,,,not_found
160888,60983910,MPWR,0001280452,MONOLITHIC POWER SYSTEMS INC,ticker_fallback
177099,61022P10,TYPE,0001385292,MONOTYPE IMAGING HOLDINGS INC,cusip_link
024350,61023610,MNRO,0000876427,"MONRO, INC.",ticker_fallback
035664,61023L20,MNPR,0001645469,Monopar Therapeutics,cusip_link
140760,61166W10,MON,0001110783,MONSANTO CO /NEW/,cusip_link
064156,61174210,MWW,,,not_found
024316,61174X10,HANS,0000865752,Monster Beverage Corp,cusip_link
020513,61179L10,ECR,0001600470,Montage Resources Corp,cusip_link
040295,61216010,AIRJ,0001855474,AirJoule Technologies Corp.,ticker_fallback
037672,61218C10,MNTK,0001826600,Montauk Renewables Inc,cusip_link
039057,61225M10,GLUE,0001826457,Monte Rosa Therapeutics Inc,cusip_link
036718,61511110,MEG,,,not_found
139665,61536910,MCO,0001059556,MOODYS CORP /DE/,ticker_fallback
007549,61539420,MOG,,,not_found
165924,61748W10,MHGC,0001342126,MORGANS HOTEL GROUP CO,cusip_link
035280,61775R10,MORF,0001679363,Morphic Holding Inc,cusip_link
025334,61943010,MRT,0001852767,"Marti Technologies, Inc.",ticker_fallback
162129,61945C10,MOS,0001285785,MOSAIC CO,cusip_link
029930,62007110,MPAA,0000918251,MOTORCAR PARTS OF AMERICA INC,ticker_fallback
007585,62007630,MOT,0002099681,MetaOptics Ltd,ticker_fallback
186106,62009710,MMI,0001578732,"Marcus & Millichap, Inc.",ticker_fallback
037674,62011B20,MSGM,0001821175,Motorsport Games Inc.,ticker_fallback
031348,62014P50,MOTS,0001686850,Motus GI Holdings Inc,cusip_link
007951,62458010,MOV,0000072573,MOVADO GROUP INC,ticker_fallback
122674,62458M20,MOVE,0001085770,MOVE INC,cusip_link
037923,62459N10,MVLA,0001839132,Movella Holdings Inc,cusip_link
036235,62464R10,MITQ,0001770236,MOVING iMAGE TECHNOLOGIES INC,cusip_link
015343,62475610,MLI,0000089439,MUELLER INDUSTRIES INC,ticker_fallback
166482,62475810,MWA,0001350593,"Mueller Water Products, Inc.",ticker_fallback
030535,62520710,MULE,,,not_found
013782,62538310,LABL,,,not_found
160216,62541B10,MFLX,0000830916,MULTI FINELINE ELECTRONIX INC,cusip_link
108740,62544X20,MBND,0000732412,MULTIBAND CORP,cusip_link
062107,62545310,MGAM,0001886362,"Mobile Global Esports, Inc.",ticker_fallback
037188,62548M20,MPLN,,,not_found
007620,62671710,MUR,0000717423,MURPHY OIL CORP,ticker_fallback
018498,62675510,MUSA,0001573516,Murphy USA Inc.,ticker_fallback
296866,62844N40,MYSZ,0001211805,"My Size, Inc.",ticker_fallback
007636,62846410,MYE,0000069488,MYERS INDUSTRIES INC,ticker_fallback
061399,62855J10,MYGN,0000899923,MYRIAD GENETICS INC,cusip_link
183101,62856H10,MYRX,0001459450,MYREXIS INC,cusip_link
031805,62857J20,MYO,0001369290,MYOMO INC,cusip_link
026269,62857M10,MYOK,0001552451,MyoKardia Inc,cusip_link
039182,62878D10,NABL,0001834488,N-able Inc,cusip_link
007648,62886E10,NCR,0000070866,NCR CORP,cusip_link
164432,62886K10,NCIT,0001334478,NCI INC,cusip_link
031005,62887720,NCSM,0001692427,"NCS Multistage Holdings, Inc.",ticker_fallback
041685,62911P30,NFTG,0001895618,GAXOSAI INC,cusip_link
140902,62913F50,NIHD,0001037016,NII HOLDINGS INC,cusip_link
186501,62913M10,NGL,0001504461,NGL ENERGY PARTNERS LP,cusip_link
122078,62914B10,EGOV,0001065332,NIC INC,cusip_link
180679,62914U10,NIV,0001403795,NIVS INTELLIMEDIA TECHNOLOGY GROUP INC,cusip_link
007658,62915640,NL,0000072162,NL INDUSTRIES INC,ticker_fallback
034221,62921N10,NGM,0001426332,NGM BIOPHARMACEUTICALS INC,cusip_link
063676,62929410,NMTI,,,not_found
029894,62933710,NNBR,0000918541,NN INC,ticker_fallback
030255,62936P10,NPSP,0000890465,NPS PHARMACEUTICALS INC,cusip_link
033573,62937510,NRCG,,,not_found
135990,62937750,NRG,0001013871,"NRG ENERGY, INC.",ticker_fallback
147750,62943B10,XFN,0001126216,NTS INC,cusip_link
038874,62944420,NRXP,0001719406,"NRX Pharmaceuticals, Inc.",ticker_fallback
021743,62944520,NVEC,0000724910,NVE CORP /NEW/,ticker_fallback
012459,62944T10,NVR,0000906163,NVR INC,cusip_link
017277,62945V10,NVEE,0001532961,NV5 HOLDINGS INC,cusip_link
063892,62955J10,NOV,0001021860,NOV Inc,cusip_link
007938,62957910,NC,0000789933,NACCO INDUSTRIES INC,ticker_fallback
013362,62983920,NAKD,,,not_found
161797,62985Q10,NLC,0001298341,NALCO HOLDING CO,cusip_link
043198,63001N10,NATL,0001974138,NCR Atleos Corp,cusip_link
065937,63007910,NANX,,,not_found
160997,63008730,NNVC,0001379006,"NANOVIRICIDES, INC.",ticker_fallback
178752,63009F20,NSPH,,,not_found
018009,63009R10,NSTG,0001401708,NANOSTRING TECHNOLOGIES INC,cusip_link
027274,63010430,NH,,,not_found
045158,63010H10,NNE,0001923891,Nano Nuclear Energy Inc.,ticker_fallback
007685,63040210,NSSC,0000069633,"NAPCO SECURITY TECHNOLOGIES, INC",ticker_fallback
007691,63115810,NAFC,,,not_found
024176,63230710,NTRA,0001604821,"Natera, Inc.",ticker_fallback
007696,63234710,NATH,0000069733,"NATHANS FAMOUS, INC.",ticker_fallback
126046,63238130,NCOC,,,not_found
184149,63245Q10,NAUH,0001399855,NATIONAL AMERICAN UNIVERSITY HOLDINGS INC,cusip_link
024463,63501710,FIZZ,0000069891,NATIONAL BEVERAGE CORP,ticker_fallback
176523,63530920,NCMI,0001377630,"National CineMedia, Inc.",ticker_fallback
029461,63563H10,NADX,0000913616,NATIONAL DENTEX CORP /MA/,cusip_link
007741,63590610,NHC,0001047335,NATIONAL HEALTHCARE CORP,ticker_fallback
007733,63618010,NFG,0000070145,NATIONAL FUEL GAS CO,ticker_fallback
031607,63651810,NATI,,,not_found
007762,63721510,NPK,0000080172,NATIONAL PRESTO INDUSTRIES INC,ticker_fallback
065587,63737220,NRCIA,,,not_found
007772,63764010,NSM,,,not_found
007781,63810410,NTSC,,,not_found
032574,63845R10,EYE,0001710155,National Vision Holdings Inc,cusip_link
013765,63884230,NAII,0000787253,NATURAL ALTERNATIVES INTERNATIONAL INC,ticker_fallback
150562,63886Q10,NGS,0001084991,NATURAL GAS SERVICES GROUP INC,cusip_link
060911,63888P40,,0000912061,NATURAL HEALTH TRENDS CORP,cusip_link
011922,63888U10,NGVC,0001547459,NATURAL GROCERS BY VITAMIN COTTAGE INC,cusip_link
007799,63902710,NATR,0000275053,NATURES SUNSHINE PRODUCTS INC,ticker_fallback
040689,63903P20,NMHI,0001947861,Nature's Miracle Holding Inc.,ticker_fallback
144436,63905010,BABY,,,not_found
038979,63909J10,NAUT,0001808805,Nautilus Biotechnology Inc,cusip_link
027760,63910B10,NLS,0001078207,NAUTILUS GROUP INC,cusip_link
006081,63934E10,NAV,0000808450,NAVISTAR INTERNATIONAL CORP /DE/NEW,cusip_link
125358,63935M20,NAVI,0001084750,NAVISITE INC,cusip_link
063724,63935N10,NCI,0001019737,NAVIGANT CONSULTING INC,cusip_link
025924,63937X20,,0000810509,NAVIDEA BIOPHARMACEUTICALS INC,cusip_link
039931,63942X10,NVTS,0001821769,Navitas Semiconductor Corp,cusip_link
036711,63947X10,NCNO,0001902733,nCino Inc,cusip_link
037691,63949410,NIR,,,not_found
162264,64007910,NP,0002067129,Neptune Insurance Holdings Inc.,ticker_fallback
110804,64009420,NEFF,,,not_found
022114,64044220,NMRD,,,not_found
016453,64049110,NEOG,0000711377,NEOGEN CORP,ticker_fallback
125794,64049M20,NEO,0001077183,NEOGENOMICS INC,cusip_link
033664,64050Y10,NTGN,0001694187,Neon Therapeutics Inc,cusip_link
178153,64051M70,,0000087050,Neonode Inc,cusip_link
184702,64051T10,NPTN,0001227025,NEOPHOTONICS CORP,cusip_link
025377,64052L10,NEOS,0001467652,Neos Therapeutics Inc,cusip_link
035789,64065510,NEOV,0001748137,NeoVolta Inc.,ticker_fallback
019416,64066710,NRX,,,not_found
151423,64067140,NEPH,0001196298,NEPHROS INC,ticker_fallback
039703,64081V10,NRDY,0001819404,Nerdy Inc,cusip_link
039867,64082B10,NRDS,0001625278,NERDWALLET INC,cusip_link
043287,64097910,NMRA,0001885522,"Neumora Therapeutics, Inc.",ticker_fallback
160364,64104X10,NSTC,0001089638,NESS TECHNOLOGIES INC,cusip_link
038336,64107A10,NPWR,0001845437,NET Power Inc,cusip_link
065540,64107N20,UEPS,0001041514,LESAKA TECHNOLOGIES INC,cusip_link
061591,64110D10,NTAP,0001002047,NETAPP INC,cusip_link
147579,64110L10,NFLX,0001065280,NETFLIX INC,cusip_link
177654,64111N10,NZ,0001132484,NETEZZA CORP,cusip_link
154039,64111Q10,NTGR,0001122904,NETGEAR INC,cusip_link
107446,64115A40,NTWK,0001039280,NETSOL TECHNOLOGIES INC,cusip_link
122902,64115T10,NTCT,0001078075,NETSCOUT SYSTEMS INC,cusip_link
160232,64118B10,NETL,0001135711,NETLOGIC MICROSYSTEMS INC,cusip_link
176035,64118P10,NLST,0001282631,NETLIST INC,cusip_link
179084,64118Q10,N,0001117106,NETSUITE INC,cusip_link
013011,64120810,NWK,,,not_found
137641,64121A10,NENG,0001110903,NETWORK ENGINES INC,cusip_link
177110,64125210,NGSX,,,not_found
160488,64125588,NURO,,,not_found
062921,64125C10,NBIX,0000914475,NEUROCRINE BIOSCIENCES INC,cusip_link
008266,64126Q20,UWN,0000277058,NEVADA GOLD & CASINOS INC,cusip_link
163629,64126X20,NSR,0001265888,NEUSTAR INC,cusip_link
038507,64128810,NPCE,0001528287,NeuroPace Inc,ticker_fallback
018638,64129T20,NTRP,0001513856,Neurotrope Inc,cusip_link
032247,64130M20,NMTC,0001500198,NEUROONE MEDICAL TECHNOLOGIES Corp,cusip_link
033698,64131A10,STIM,0001227636,Neuronetics Inc,cusip_link
032984,64132K20,NBSE,0001173281,NeuBase Therapeutics Inc,cusip_link
041953,64134X20,NRXS,0001933567,Neuraxis INC,cusip_link
019717,64135M10,AQXP,0001404644,Neurogene Inc,cusip_link
021916,64157F10,NVRO,0001444380,NEVRO CORP,cusip_link
039018,64187110,AMAM,,,not_found
041981,64204510,AESI,0001984060,Atlas Energy Solutions Inc.,ticker_fallback
130298,64378H10,NWD,,,not_found
150720,64384710,NEWN,,,not_found
034418,64439310,NFE,0001749723,New Fortress Energy Inc.,ticker_fallback
062088,64439810,NOOF,,,not_found
162064,64446110,NGBF,,,not_found
018171,64537010,NWHM,,,not_found
066246,64582720,IDR,0001030192,"Idaho Strategic Resources, Inc.",ticker_fallback
007849,64602510,NJR,0000356309,NEW JERSEY RESOURCES CORP,ticker_fallback
164648,64758A10,NOEC,,,not_found
022182,64829B10,NEWR,0001448056,NEW RELIC INC,cusip_link
016927,64881E10,NSLP,0001560443,NEW SOURCE ENERGY PARTNERS LP,cusip_link
007866,65011110,NYT,0000071691,NEW YORK TIMES CO,ticker_fallback
021178,65019410,NBEV,,,not_found
007875,65122910,NWL,0000814453,NEWELL BRANDS INC.,ticker_fallback
029173,65129010,NFX,,,not_found
004462,65158710,NEU,0001282637,NEWMARKET CORP,ticker_fallback
007881,65163910,NEM,0001164727,NEWMONT Corp /DE/,ticker_fallback
007882,65171850,NR,,,not_found
007883,65182410,NEWP,0001369085,NEW PACIFIC METALS CORP,ticker_fallback
018043,65249B10,NWSA,0001564708,NEWS CORP,ticker_fallback
029524,65290C10,FRAC,0001688476,NEXTIER OILFIELD SOLUTIONS INC,cusip_link
041996,65290E10,NXT,0001852131,Nextpower Inc.,ticker_fallback
149177,65336K10,NXST,0001142125,NEXSTAR BROADCASTING INC,cusip_link
176066,65337Y40,WAVE,0001374993,NEXTWAVE WIRELESS INC,cusip_link
004517,65339F10,FPL,0000753308,NEXTERA ENERGY INC,cusip_link
020655,65341B10,NEP,0001603145,NEXTERA ENERGY PARTNERS LP,cusip_link
020619,65342H10,WLRH,0001604416,Nexeo Solutions Inc,cusip_link
032244,65342K10,NEXT,0001612720,NextDecade Corp,cusip_link
008858,65343C10,QSII,0000708818,NEXTGEN HEALTHCARE INC,cusip_link
037808,65344D20,NEXI,,,not_found
034624,65344E10,NXGL,0001468929,"NEXGEL, INC.",ticker_fallback
349530,65344G20,NXTP,,,not_found
040536,65345B20,NXL,0001527352,"Nexalin Technology, Inc.",ticker_fallback
038100,65345M10,KIND,0001846069,Nextdoor Holdings Inc,cusip_link
039992,65345N10,NN,0001865631,NEXTNAV INC,cusip_link
065365,65373A10,NICK,,,not_found
007904,65408610,GAS,,,not_found
007906,65410610,NKE,0000320187,"NIKE, Inc.",ticker_fallback
036565,65411030,NKLA,,,not_found
165844,65411N10,NHWK,0001292470,NIGHTHAWK RADIOLOGY HOLDINGS INC,cusip_link
033048,65440520,INNT,,,not_found
062922,65440K10,NDN,0001011290,99 CENTS ONLY STORES,cusip_link
018975,65440R10,NMBL,0001452751,NIMBLE STORAGE INC,cusip_link
031507,65441V10,NINE,0001532286,Nine Energy Service Inc,cusip_link
037480,65443P10,MASS,0001555279,908 Devices Inc,cusip_link
174108,65467810,NKA,,,not_found
007974,65473P10,NI,0000823392,NISOURCE INC,cusip_link
033420,65487K10,LASR,0001124796,NLIGHT INC,cusip_link
036642,65487U10,NKTX,0001787400,Nkarta Inc,cusip_link
012855,65488910,NLCI,,,not_found
038649,65488A10,NKGN,0001845459,NKGen Biotech Inc,cusip_link
007911,65489210,NOBH,0000072205,NOBILITY HOMES INC,ticker_fallback
007912,65504410,NBL,,,not_found
026411,65506L10,NBLX,0001647513,Noble Midstream Partners LP,cusip_link
034770,65518650,NCRA,0001756180,"NOCERA, INC.",ticker_fallback
038416,65528N20,NOGN,0001841800,Nogin Inc,cusip_link
018047,65540B10,NDLS,0001275158,NOODLES & CO,cusip_link
177303,65542W20,NOR,,,not_found
066927,65557Y10,NCFT,0001582616,NORCRAFT COMPANIES INC,cusip_link
007921,65566310,NDSN,0000072331,NORDSON CORP,ticker_fallback
007922,65566410,JWN,,,not_found
007923,65584410,NSC,0000702165,NORFOLK SOUTHERN CORP,ticker_fallback
003962,65655310,NSYS,0000722313,NORTECH SYSTEMS INC,ticker_fallback
260408,65655930,NTK,,,not_found
006437,65686Y10,NGA,0000055805,NORTH AMERICAN GALVANIZING & COATINGS INC,cusip_link
142337,66553130,NOG,0001104485,"NORTHERN OIL & GAS, INC.",ticker_fallback
019209,66580910,NTIC,0000875582,NORTHERN TECHNOLOGIES INTERNATIONAL CORP,ticker_fallback
170297,66582610,NTI,,,not_found
007985,66680710,NOC,0001133421,NORTHROP GRUMMAN CORP /DE/,ticker_fallback
144887,66737P60,,0001072379,NORTHWEST BIOTHERAPEUTICS INC,cusip_link
007993,66765N10,NWN,0001733998,Northwest Natural Holding Co,cusip_link
061635,66774610,NWPX,0001001385,"NWPX Infrastructure, Inc.",ticker_fallback
008001,66807430,NWE,0001993004,"NorthWestern Energy Group, Inc.",ticker_fallback
015855,66877110,SYMC,,,not_found
184585,66979P30,NVFY,0001473334,Nova Lifestyle Inc,cusip_link
123017,66986W20,NOVA,,,not_found
177228,66987P40,NBY,,,not_found
027905,66988N20,NOVN,0001467154,Novan Inc,cusip_link
008017,66990810,NUHC,,,not_found
061655,67000240,NVAX,0001000694,NOVAVAX INC,ticker_fallback
011910,67000610,NOVL,,,not_found
014623,67000810,NVLS,,,not_found
020235,67011P10,DNOW,0001599617,NOW Inc,cusip_link
031370,67011T30,NVOS,,,not_found
064028,67018T10,NUS,0001021561,NU SKIN ASIA PACIFIC INC,cusip_link
002328,67019E10,NST,0001085871,NSTAR,cusip_link
165845,67020Q30,NTLS,,,not_found
061685,67020Y10,NUAN,0001002517,Nuance Communications Inc,cusip_link
036883,67021W30,BURU,0001814215,Nuburu Inc,cusip_link
008030,67034610,NUE,0000073309,NUCOR CORP,ticker_fallback
030029,67053A10,NMRX,0000870753,NUMEREX CORP /PA/,cusip_link
022320,67054R20,BRLI,,,not_found
141363,67058H10,NS,0001110805,NUSTAR ENERGY LP,cusip_link
174135,67059L10,NSH,0001223786,NUSTAR GP HOLDINGS LLC,cusip_link
184884,67059M10,PATH,0001375200,NUPATHE INC,cusip_link
026746,67059N10,NTNX,0001618732,Nutanix Inc,cusip_link
066496,67060Y10,NUTR,0001050007,NUTRACEUTICAL INTERNATIONAL CORP,cusip_link
117768,67066G10,NVDA,0001045810,NVIDIA CORP,cusip_link
031227,67069D10,NTRI,0001096376,NUTRI SYSTEM INC /DE/,cusip_link
039344,67070310,NUVL,0001861560,"Nuvalent, Inc.",ticker_fallback
264385,67070410,NUVA,,,not_found
164612,67072V10,NXTM,0001333170,NXSTAGE MEDICAL INC,cusip_link
007824,67073Y10,NVE,0000741508,NV ENERGY INC,cusip_link
026382,67075N10,NVTR,0001648893,Nuvectra Corp,cusip_link
037073,67079K10,SMR,0001822966,NUSCALE POWER Corp,cusip_link
035824,67079U30,NUTX,0001479681,Nutex Health Inc,cusip_link
036767,67080M10,NRIX,0001549595,Nurix Therapeutics Inc,cusip_link
038076,67080N10,NUVB,0001811063,Nuvation Bio Inc.,ticker_fallback
039839,67080T10,NVCT,0001875558,Nuvectis Pharma Inc,cusip_link
022829,67082310,CHUX,,,not_found
008113,67083710,OGE,0001021635,OGE ENERGY CORP.,ticker_fallback
008047,67084110,OICO,,,not_found
284041,67086E30,OCZ,,,not_found
183526,67086W10,AMCF,0001469606,ANDATEE CHINA MARINE FUEL SERVICES CORP,cusip_link
029001,67087210,OMG,,,not_found
178851,67091K30,NES,0001403853,Nuverra Environmental Solutions Inc,cusip_link
018868,67091N10,OCIP,,,not_found
031942,67092M20,NTRB,0001676047,NutriBand Inc,cusip_link
008215,67098H10,OI,0000812074,O-I Glass Inc /DE/,cusip_link
028180,67103H10,ORLY,0000898173,O REILLY AUTOMOTIVE INC,cusip_link
012180,67104010,OSIP,,,not_found
065607,67104410,OSIS,0001039065,OSI SYSTEMS INC,ticker_fallback
036728,67181A10,OSH,0001564406,Oak Street Health Inc,cusip_link
031442,67420T20,OMP,0001652133,Oasis Midstream Partners LP,cusip_link
184442,67421520,OAS,,,not_found
176275,67423R10,OMPI,0001375247,OBAGI MEDICAL PRODUCTS INC,cusip_link
036003,67443430,OBLG,,,not_found
150681,67457L10,OCAT,0001140098,Ocata Therapeutics Inc,cusip_link
137130,67457P30,OCNW,0001108185,OCCAM NETWORKS INC/DE,cusip_link
008068,67459910,OXY,0000797468,OCCIDENTAL PETROLEUM CORP /DE/,ticker_fallback
008073,67463110,OBCI,,,not_found
260737,67487050,OPTT,0001378140,"Ocean Power Technologies, Inc.",ticker_fallback
008079,67523210,OII,0000073756,OCEANEERING INTERNATIONAL INC,ticker_fallback
018350,67552A10,OCRX,0001274644,OCERA THERAPEUTICS INC,cusip_link
133944,67555N20,OCLR,0001110647,OCLARO INC,cusip_link
021015,67576A10,OCUL,0001393434,OCULAR THERAPEUTIX INC,cusip_link
035712,67577C10,OCGN,0001372299,Ocugen Inc,cusip_link
037325,67577R10,OCUP,0001228627,Opus Genetics Inc,cusip_link
065374,67611820,OMEX,0000798528,ODYSSEY MARINE EXPLORATION INC,ticker_fallback
141847,67611V10,ODSY,0001129623,ODYSSEY HEALTHCARE INC,cusip_link
002290,67622P10,OMX,0000012978,OFFICEMAX INC,cusip_link
066059,67623R10,TIER,,,not_found
039573,67644C10,OCEA,0001869974,Ocean Biomedical Inc,cusip_link
008105,67786410,ODC,0000074046,Oil-Dri Corp of America,ticker_fallback
142260,67802610,OIS,0001121484,"OIL STATES INTERNATIONAL, INC",ticker_fallback
139526,67804610,BQI,,,not_found
186846,67804910,OILT,,,not_found
030736,67929510,OKTA,0001660134,"Okta, Inc.",ticker_fallback
039544,67936910,OLPX,0001868726,"OLAPLEX HOLDINGS, INC.",ticker_fallback
024617,67958010,ODFL,0000878927,"OLD DOMINION FREIGHT LINE, INC.",ticker_fallback
037412,68062P10,OLMA,0001750284,Olema Pharmaceuticals Inc,cusip_link
008123,68066520,OLN,0000074303,OLIN Corp,ticker_fallback
024076,68111610,OLLI,0001639300,"Ollie's Bargain Outlet Holdings, Inc.",ticker_fallback
038285,68134L10,OLO,0001431695,Olo Inc,cusip_link
029870,68162K10,ZEUS,0000917470,OLYMPIC STEEL INC,cusip_link
008133,68190410,OCR,,,not_found
004066,68191910,OMC,0000029989,OMNICOM GROUP INC.,ticker_fallback
164116,68209510,OFLX,0001317945,"Omega Flex, Inc.",ticker_fallback
109084,68210P10,OME,0001053650,OMEGA PROTEIN CORP,cusip_link
065973,68210T20,OMNI,0001046212,OMNI ENERGY SERVICES CORP,cusip_link
137704,68212810,OVTI,,,not_found
124254,68212910,OMN,,,not_found
142956,68213N10,OMCL,0000926326,OMNICELL INC,cusip_link
183593,68214310,OMER,0001285819,OMEROS CORP,ticker_fallback
017500,68217A10,OMTH,0001477598,OMTHERA PHARMACEUTICALS INC,cusip_link
183727,68217C20,OMNT,,,not_found
155894,68217M10,OMQS,0000278165,OMNIQ Corp.,ticker_fallback
039181,68217N10,OMGA,0001850838,Omega Therapeutics Inc,cusip_link
134932,68218910,ONNN,,,not_found
039399,68218J10,OABI,0001846253,OmniAb Inc,cusip_link
018172,68232V88,ONTX,0001130598,Traws Pharma Inc,cusip_link
182023,68234L40,ONCS,0001444307,ONCOSEC MEDICAL Inc,cusip_link
003169,68234X10,OMED,,,not_found
026669,68235C20,OCX,,,not_found
019517,68235P10,OGS,0001587732,ONE Gas Inc,cusip_link
033073,68236H20,ONDS,0001646188,Ondas Holdings Inc,cusip_link
035320,68236P20,ONCT,,,not_found
037083,68236R10,ONCR,0001671818,Oncorus Inc,cusip_link
036237,68236X10,DFPH,0001799191,Oncology Institute Inc,cusip_link
122519,68243Q10,FLWS,0001084869,1 800 FLOWERS COM INC,cusip_link
032851,68247W10,OSS,0001394056,ONE STOP SYSTEMS INC,cusip_link
008151,68268010,OKE,0001039684,ONEOK INC /NEW/,ticker_fallback
028919,68268N10,OKS,0000909281,ONEOK Partners LP,cusip_link
036025,68269G10,ONEM,0001404123,1Life Healthcare Inc,cusip_link
038308,68270C10,ONMD,0001849380,OneMedNet Corp,cusip_link
121080,68273G10,ORCC,0000888953,ONLINE RESOURCES & COMMUNICATIONS CORP,cusip_link
041127,68277K20,ONFO,0001825452,Onfolio Holdings Inc,cusip_link
038453,68277Q10,RPHM,0001637715,OnKure Therapeutics Inc,cusip_link
050290,68278B10,OS,0001889956,OneStream Inc,cusip_link
035451,68280L10,ONEW,0001772921,OneWater Marine Inc,cusip_link
065180,68287520,ONSM,,,not_found
066686,68287N10,VDSI,0001044777,OneSpan Inc,cusip_link
126423,68334410,NANO,0002101833,ATII Holdings Inc.,ticker_fallback
150761,68337340,CATS,,,not_found
132482,68338T40,ONVI,0001100917,ONVIA COM INC,cusip_link
062826,68339910,ONXX,,,not_found
037787,68339B10,ONTF,0001110611,ON24 INC,cusip_link
024508,68341610,OOMA,0001327688,OOMA INC,ticker_fallback
037997,68347P10,OPAL,0001842279,OPAL Fuels Inc,cusip_link
182387,68372A10,OPEN,0001125914,OPENTABLE INC,cusip_link
036598,68373J10,LPRO,0001806201,Open Lending Corp,cusip_link
177182,68375010,OPNT,,,not_found
138402,68375710,OPNT,,,not_found
061490,68375N10,OPK,0000944809,OPKO HEALTH INC,cusip_link
140030,68375Q40,OPLK,0001022225,OPLINK COMMUNICATIONS INC,cusip_link
176558,68375V10,OPXT,0001157780,OPNEXT INC,cusip_link
019910,68375Y10,OPWR,0001412043,OPOWER INC,cusip_link
008162,68381820,OPTC,,,not_found
062553,68382720,OCCF,,,not_found
182986,68384X20,OPXS,0001397016,Optex Systems Holdings Inc,cusip_link
012142,68389X10,ORCL,0001341439,ORACLE CORP,cusip_link
176594,68401H10,OPTR,0000828750,GSI COMMERCE INC,cusip_link
023464,68401U20,OPRX,0001448431,OptimizeRx Corp,cusip_link
170450,68403P20,ORMP,0001176309,ORAMED PHARMACEUTICALS INC,cusip_link
035543,68404L20,BIOS,0001014739,Option Care Health Inc,cusip_link
032451,68404V20,OPTN,,,not_found
012915,68554V10,OSUR,0001116463,ORASURE TECHNOLOGIES INC,cusip_link
008176,68555930,ORBT,,,not_found
175004,68555P10,ORBC,0001058416,ORBCOMM CORP,cusip_link
021496,68556410,ORB,,,not_found
118941,68557F20,OSAT,0001058307,NextPlat Corp,cusip_link
177953,68557K10,OWW,0001394159,ORBITZ WORLDWIDE INC,cusip_link
023220,68557N10,ATK,0000866121,Northrop Grumman Innovation Systems Inc,cusip_link
065675,68559A20,CUI,,,not_found
178892,68562L10,ORCD,,,not_found
036776,68572M10,HSAQ,0001814114,Orchestra BioMed Holdings Inc,cusip_link
163887,68572N10,TIS,0001324189,ORCHIDS PAPER PRODUCTS CO /DE,cusip_link
135004,68573C10,ORCH,0001107216,ORCHID CELLMARK INC,cusip_link
176861,68616430,OREX,,,not_found
183729,68619K30,ORGS,,,not_found
034562,68621F10,ORGO,0001661181,Organogenesis Holdings Inc,cusip_link
039097,68622D10,ORGN,0001802457,Origin Materials Inc,cusip_link
038937,68622E10,BARK,0001819574,Original Bark Co,cusip_link
036264,68622P10,ORIC,0001796280,Oric Pharmaceuticals Inc,cusip_link
038821,68622V10,OGN,0001821825,Organon & Co,cusip_link
179132,68628V30,ORN,0001402829,ORION MARINE GROUP INC,cusip_link
160913,68668810,ORA,0001296445,"ORMAT TECHNOLOGIES, INC.",ticker_fallback
162644,68749U20,ORS,0001297024,ORSUS XELENT TECHNOLOGIES INC,cusip_link
117142,68750U10,VITA,0000913756,ORTHOVITA INC,cusip_link
027555,68752L10,KIDS,0001425450,ORTHOPEDIATRICS CORP,cusip_link
028380,68752M10,OFIX,0000884624,Orthofix Medical Inc,cusip_link
182309,68760410,ABIO,,,not_found
043758,68764Y20,OSTX,0001795091,OS Therapies Inc,cusip_link
011721,68823920,OSK,0000775158,OSHKOSH CORP,ticker_fallback
174648,68827R10,OSIR,0001360886,OSIRIS THERAPEUTICS INC,cusip_link
024198,68858210,OSTE,,,not_found
162501,68882330,OTEL,,,not_found
036190,68902V10,OTIS,0001781335,Otis Worldwide Corp,cusip_link
021145,68906L10,OTIC,0001493566,OTONOMY INC,cusip_link
135165,68906N20,OTIX,,,not_found
008199,68964810,OTTR,0001466593,Otter Tail Corp,ticker_fallback
038343,68989M20,OUST,0001816581,Ouster Inc,cusip_link
018560,69002720,OUTD,,,not_found
039248,69002R10,OB,0001454938,Outbrain Inc,cusip_link
065026,69007010,CSTR,,,not_found
026817,69012T30,ONS,0001649989,Outlook Therapeutics Inc,cusip_link
151161,69021210,OFI,,,not_found
064408,69031030,OVRL,,,not_found
008210,69036R86,OSG,0000075208,OVERSEAS SHIPHOLDING GROUP INC,cusip_link
147868,69037010,OSTK,,,not_found
031112,69046910,OVID,0001636651,Ovid Therapeutics Inc.,ticker_fallback
011781,69047Q10,ECA,0001792580,Ovintiv Inc,cusip_link
008213,69073210,OMI,,,not_found
008214,69074210,OC,0001370946,Owens Corning,ticker_fallback
039255,69120X20,OWLT,0001816708,"Owlet, Inc.",ticker_fallback
008219,69149730,OXM,0000075288,OXFORD INDUSTRIES INC,ticker_fallback
035747,69242L10,OYST,0001720725,Oyster Point Pharma Inc,cusip_link
008229,69283050,PFIN,,,not_found
036180,69290Y10,PAE,0001720821,PAE Inc,cusip_link
019433,69291A10,PHX,0000315131,PHX MINERALS INC,cusip_link
184225,69313910,PNG,,,not_found
012598,69314910,PTSI,,,not_found
196159,69318G10,PBF,0001534504,PBF Energy Inc,cusip_link
066586,69318J10,PCCC,0001050377,PC CONNECTION INC,cusip_link
020539,69318Q10,PBFX,,,not_found
031674,69323K10,MALL,0000937941,PC MALL INC,cusip_link
125014,69325Q10,PCTI,0001057083,PC TEL INC,cusip_link
008512,69327R10,PETD,0000077877,PDC ENERGY INC,cusip_link
144437,69328210,PDFS,0001120914,PDF SOLUTIONS INC,ticker_fallback
024878,69329Y10,PDLI,0000882104,PDL BIOPHARMA INC,cusip_link
029829,69331510,PHC,,,not_found
008264,69331C10,PCG,0001004980,PG&E CORP,cusip_link
116503,69333Y10,PFCB,0001039889,P F CHANGS CHINA BISTRO INC,cusip_link
174049,69336V10,PGTI,0001354327,PGT Inc,cusip_link
119493,69341710,PLXT,,,not_found
023943,69344F10,PMCS,0000767920,PMC SIERRA INC,cusip_link
008423,69345P10,PMFG,0001422862,PMFG INC,cusip_link
038373,69348912,VEEA,0001840317,VEEA INC.,ticker_fallback
008807,69349H10,PNM,0001108426,PNM RESOURCES,cusip_link
008247,69350610,PPG,0000079879,PPG INDUSTRIES INC,ticker_fallback
008455,69351T10,PPL,0000922224,PPL CORP,cusip_link
037036,69353Y10,PMVP,0001699382,PMV Pharmaceuticals Inc,cusip_link
021739,69354M10,PRAH,0001613859,PRA Health Sciences Inc,cusip_link
036049,69355F10,PPD,0001793294,PPD Inc,cusip_link
062494,69357C50,PRGX,0001007330,PRGX GLOBAL INC,cusip_link
008551,69365610,PVH,0000078239,PVH CORP. /DE/,ticker_fallback
175510,69366510,PVR,,,not_found
030161,69366A10,PSSI,0000920527,PSS WORLD MEDICAL INC,cusip_link
174134,69366J20,PTCT,0001070081,PTC THERAPEUTICS INC,cusip_link
038445,69369110,PSQH,0001847064,"PSQ Holdings, Inc.",ticker_fallback
018699,69370C10,PMTC,0001070081,PTC THERAPEUTICS INC,cusip_link
008253,69371810,PCAR,0000075362,PACCAR INC,ticker_fallback
113140,69373H10,PACR,0001091735,PACER INTERNATIONAL INC,cusip_link
045238,69380Q10,PACS,0002001184,PACS Group Inc,cusip_link
185419,69404D10,PACB,0001299130,PACIFIC BIOSCIENCES OF CALIFORNIA INC,cusip_link
171212,69410310,ROYT,,,not_found
027937,69487310,PSUN,,,not_found
185836,69512710,PCRX,0001396814,"Pacira BioSciences, Inc.",ticker_fallback
128978,69515610,PKG,0000075677,PACKAGING CORP OF AMERICA,ticker_fallback
125533,69525710,PTV,,,not_found
036973,69526K10,PTVE,0001527508,Pactiv Evergreen Inc,cusip_link
176833,69545910,PAET,,,not_found
034955,69553P10,PD,0001568100,PagerDuty Inc,cusip_link
036910,69608A10,PLTR,0001321655,Palantir Technologies Inc,cusip_link
038711,69638940,PALI,0001357459,"PALISADE BIO, INC.",ticker_fallback
008304,69642930,PLL,,,not_found
061095,69663910,PHHM,,,not_found
132502,69664310,PALM,,,not_found
171067,69743510,PANW,0001327567,Palo Alto Networks Inc,ticker_fallback
026038,69752930,PMTI,,,not_found
028551,69764K10,PALT,0001355839,PALTALK INC,cusip_link
022590,69794710,PIRS,,,not_found
021263,69833W40,SNBP,0001029125,Panbela Therapeutics Inc,cusip_link
036705,69834010,PAND,,,not_found
186520,69835410,P,0001474432,"Everpure, Inc.",ticker_fallback
024113,69840W10,PNRA,0000724606,PANERA BREAD CO,cusip_link
031392,69865710,PTRY,,,not_found
028397,69881310,PZZA,0000901491,PAPA JOHNS INTERNATIONAL INC,ticker_fallback
020407,69881410,FRSH,0001544522,Freshworks Inc.,ticker_fallback
008334,69888410,PTC,0000857005,PTC INC.,ticker_fallback
022447,69888T20,PARR,0000821483,PAR PACIFIC HOLDINGS INC,cusip_link
039734,69913P10,FNA,0001531978,Paragon 28 Inc,cusip_link
126036,69924M10,PZG,0001629210,Paramount Gold Nevada Corp,cusip_link
015539,69937430,PRTK,,,not_found
037907,69945Q10,PRDS,0001822711,PARDES BIOSCIENCES INC,cusip_link
061600,69946210,PRXL,,,not_found
108348,69946T20,ETAK,0001084384,PARETEUM Corp,cusip_link
008348,70014A10,PKE,0000076267,PARK AEROSPACE CORP,cusip_link
116166,70021530,PCYG,,,not_found
008350,70066610,PKOH,0000076282,PARK OHIO HOLDINGS CORP,ticker_fallback
008358,70109410,PH,0000076334,Parker-Hannifin Corp,ticker_fallback
029332,70135430,PRKR,0000914139,PARKERVISION INC,ticker_fallback
013163,70164510,PARL,,,not_found
020298,70187710,PE,,,not_found
035158,70202L10,PSN,0000275880,PARSONS CORP,cusip_link
037426,70214110,ID,,,not_found
187084,70214910,PRTY,,,not_found
039089,70261F20,KTTA,0001841330,Pasithea Therapeutics Corp,cusip_link
008386,70334310,PATK,0000076605,PATRICK INDUSTRIES INC,ticker_fallback
018677,70338P10,PEGI,,,not_found
022731,70338W10,PATI,,,not_found
025880,70339510,PDCO,,,not_found
029108,70348110,PTEN,0000889900,PATTERSON UTI ENERGY INC,ticker_fallback
023705,70387R40,PAVM,0001624326,PAVmed Inc,cusip_link
036789,70424C20,PXMD,,,not_found
008402,70432610,PAYX,0000723531,PAYCHEX INC,ticker_fallback
020116,70432V10,PAYC,0001590955,PAYCOM SOFTWARE INC,cusip_link
037231,70434P10,PAYA,0001819881,Paya Holdings Inc,cusip_link
038707,70435P10,PYCR,0001839439,PAYCOR HCM INC,cusip_link
019730,70438V10,PCTY,0001591698,Paylocity Holding Corp,cusip_link
038747,70439P10,PAY,0001841156,Paymentus Holdings Inc,cusip_link
024616,70450Y10,PYPL,0001633917,PayPal Holdings Inc,cusip_link
105394,70451A10,TPNL,0001496443,Paysign Inc,cusip_link
039103,70451X10,PAYO,0001845815,Payoneer Global Inc,cusip_link
142460,70455110,BTU,0001064728,PEABODY ENERGY CORP,ticker_fallback
006588,70455G10,PCGR,0000725460,PC GROUP INC,cusip_link
034942,70465T10,PDSB,0001472091,PDS Biotechnology Corp,cusip_link
187040,70469L10,SKIS,0001517401,Peak Resorts Inc,cusip_link
037827,70472310,PEAR,,,not_found
013460,70532Y30,PED,0001141197,PEDEVCO CORP,cusip_link
063640,70553610,PRLS,,,not_found
140897,70556010,PEET,,,not_found
063290,70557310,PEGA,0001013857,PEGASYSTEMS INC,ticker_fallback
035627,70614W10,PTON,0001639825,PELOTON INTERACTIVE INC,cusip_link
011748,70705110,PENX,,,not_found
030259,70756910,PENN,0000921738,"PENN Entertainment, Inc.",ticker_fallback
008440,70788V10,PVAC,0000077159,PENN VIRGINIA CORP,cusip_link
035642,70805E10,PNTG,0001766400,Pennant Group Inc,cusip_link
019152,70825420,PNNW,,,not_found
021899,70931110,PTXP,,,not_found
063847,70959W10,PAG,0001019849,PENSKE AUTOMOTIVE GROUP INC,cusip_link
113533,70975410,PPCO,,,not_found
026147,70975L10,PEN,0001321732,Penumbra Inc,cusip_link
161869,71102610,PEDH,,,not_found
008475,71327810,PBY,,,not_found
008694,71329110,POM,0001877971,POMDOCTOR Ltd,ticker_fallback
041225,71331710,PEPG,0001835597,PepGen Inc.,ticker_fallback
008479,71344810,PEP,0000077476,PEPSICO INC,ticker_fallback
040460,71360T20,PRSO,0000890394,Peraso Inc,cusip_link
025676,71361F10,PRCP,0000887226,PERCEPTRON INC/MI,cusip_link
066379,71363P10,CECO,0001046568,PERDOCEO EDUCATION Corp,cusip_link
185943,71366R70,PSMI,0000880177,PEREGRINE SEMICONDUCTOR CORP,cusip_link
043560,71371510,PMNT,0001849221,Perfect Moment Ltd.,ticker_fallback
122394,71375U10,PRFT,0001085869,PERFICIENT INC,cusip_link
183421,71376C10,PERF,0000880460,PERFUMANIA HOLDINGS INC,cusip_link
061903,71376K10,PTIX,0001003950,PERFORMANCE TECHNOLOGIES INC \DE\,cusip_link
028787,71377A10,PFGC,0001618673,Performance Food Group Co,ticker_fallback
170965,71377E10,PFMT,0001550695,PERFORMANT FINANCIAL CORP,cusip_link
065739,71383110,PSEM,,,not_found
040108,71385M10,PRM,0001880319,"Perimeter Solutions, Inc.",ticker_fallback
004145,71404610,PKI,,,not_found
025979,71415720,PESI,0000891532,PERMA FIX ENVIRONMENTAL SERVICES INC,ticker_fallback
019431,71416710,MFRI,,,not_found
026864,71424F10,SRAQ,0001658566,Permian Resources Corp,cusip_link
184487,71426V30,PTX,0001024126,PERNIX THERAPEUTICS HOLDINGS INC,cusip_link
185689,71530220,PGLC,,,not_found
033439,71534710,PRSP,,,not_found
035254,71535D10,PSNL,0001527753,"Personalis, Inc.",ticker_fallback
065491,71571010,PVSW,,,not_found
164610,71581310,VETS,,,not_found
037502,71601V10,WOOF,0001826470,Petco Health & Wellness Company Inc,cusip_link
065406,71638210,PETS,0001040130,PETMED EXPRESS INC,ticker_fallback
032219,71639T10,PETQ,0001668673,PetIQ Inc,cusip_link
187529,71672U10,PDH,0001523733,PETROLOGISTICS LP,cusip_link
025874,71674830,PQ,,,not_found
028648,71676810,PETM,,,not_found
020074,71681740,PETV,0001512922,"PetVivo Holdings, Inc.",ticker_fallback
061448,71693310,PCYC,,,not_found
020798,71707110,PFNX,,,not_found
008530,71708110,PFE,0000078003,PFIZER INC,ticker_fallback
126718,71709820,PFSW,,,not_found
061871,71712410,PPDI,,,not_found
177924,71714F10,PMC,0001388195,PHARMERICA CORP,cusip_link
174507,71715N10,VRUS,0001301081,PHARMASSET INC,cusip_link
155913,71715X20,PMCB,0001157075,PharmaCyte Biotech Inc,cusip_link
264506,71721R40,PFWD,0001050180,PHASE FORWARD INC,cusip_link
034194,71722410,PHAS,,,not_found
006308,71722R10,ANTP,,,not_found
035728,71722W10,PHAT,0001783183,Phathom Pharmaceuticals Inc,cusip_link
027198,71723F10,PZRX,,,not_found
020115,71742Q10,PAHC,0001069899,PHIBRO ANIMAL HEALTH CORP,cusip_link
179621,71817210,PM,0001413329,Philip Morris International Inc.,ticker_fallback
170841,71854610,PSX,0001534701,Phillips 66,ticker_fallback
017933,71854920,PSXP,,,not_found
043057,71880K10,PHIN,0001968915,PHINIA INC,cusip_link
171187,71880W50,RXII,,,not_found
005327,71903M20,PXG,0000026820,PHOENIX FOOTWEAR GROUP INC,cusip_link
014626,71915310,PTEC,,,not_found
013200,71940510,PLAB,0000810136,PHOTRONICS INC,ticker_fallback
175983,71942710,FACE,,,not_found
035377,71944F10,PHR,0001412408,Phreesia Inc,cusip_link
034584,71948P20,STLR,,,not_found
253501,72016P10,PLL,0001728205,Piedmont Lithium Inc,cusip_link
008579,72027950,PIR,,,not_found
163877,72128310,PIKE,,,not_found
012785,72147K10,PPC,0000802481,PILGRIMS PRIDE CORP,cusip_link
035617,72341T10,PING,0001679826,Ping Identity Holding Corp,cusip_link
147453,72344310,PNCL,,,not_found
062768,72345410,PNS,,,not_found
176862,72346430,PINN,,,not_found
001075,72348410,PNW,0000764622,PINNACLE WEST CAPITAL CORP,ticker_fallback
185334,72348P10,PF,,,not_found
005671,72348Y10,PNK,0001656239,Pinnacle Entertainment Inc,cusip_link
035013,72352L10,PINS,0001506293,PINTEREST INC,cusip_link
009835,72366410,PDC,0001944399,Perpetuals.com Ltd,ticker_fallback
014359,72378710,PXD,,,not_found
184133,72383630,PPSI,0001449792,"PIONEER POWER SOLUTIONS, INC.",ticker_fallback
179739,72388B10,PSE,0001407463,PIONEER SOUTHWEST ENERGY PARTNERS LP,cusip_link
008606,72447910,PBI,0000078814,PITNEY BOWES INC /DE/,ticker_fallback
033321,72582H10,PVTL,0001574135,Pivotal Software Inc,cusip_link
116029,72650310,PAA,0001070423,PLAINS ALL AMERICAN PIPELINE LP,ticker_fallback
018468,72651A20,PAGP,0001581990,PLAINS GP HOLDINGS LP,cusip_link
029435,72690010,PLNR,,,not_found
024861,72703H10,PLNT,0001637207,Planet Fitness Inc,cusip_link
160196,72703U20,ALN,,,not_found
038135,72703X10,PL,0001836833,Planet Labs PBC,cusip_link
008633,72749310,PLT,,,not_found
026044,72764Y10,TUTR,0000893965,PLATO LEARNING INC,cusip_link
008638,72811730,PLA,,,not_found
031386,72814N10,AGS,0001593548,PlayAGS Inc,cusip_link
038065,72814P10,PLBY,0001803914,PLBY Group Inc,cusip_link
039054,72815G10,MYPS,0001823878,PLAYSTUDIOS Inc,cusip_link
037752,72815L10,PLTK,0001828016,Playtika Holding Corp,cusip_link
012945,72913210,PLXS,0000785786,PLEXUS CORP,ticker_fallback
036464,72913910,PLRX,0001746473,"PLIANT THERAPEUTICS, INC.",ticker_fallback
125604,72919P20,PLUG,0001093691,PLUG POWER INC,cusip_link
015709,72925110,PCL,,,not_found
033446,72941B10,PS,0001725579,Pluralsight Inc,cusip_link
254096,72941H50,CYTX,0001095981,PLUS THERAPEUTICS INC,cusip_link
018003,72941W10,PGEM,0001284807,PLY GEM HOLDINGS INC,cusip_link
026336,72942A10,PLXP,0001497504,PLx Pharma Inc,cusip_link
152008,72942G20,PSTI,,,not_found
178089,73050710,PTSX,,,not_found
039142,73054110,PNT,,,not_found
164624,73086420,PTEK,,,not_found
028091,73102V20,POLA,0001622345,"Polar Power, Inc.",ticker_fallback
014311,73106810,PII,0000931015,Polaris Inc.,ticker_fallback
122916,73109420,COOL,,,not_found
062730,73172K10,PLCM,0001010552,POLYCOM INC,cusip_link
160661,73179V10,PPO,0001292556,Polypore International Inc,cusip_link
014622,73244940,PARD,,,not_found
041467,73245B10,SBC,0001930313,SBC Medical Group Holdings Inc,ticker_fallback
061420,73278L10,POOL,0000945841,POOL CORP,cusip_link
019965,73285710,POPE,,,not_found
157195,73621210,PRPX,,,not_found
039756,73642K10,PTLO,0001871509,Portillo's Inc,cusip_link
012428,73650884,POR,0000784977,PORTLAND GENERAL ELECTRIC CO /OR/,ticker_fallback
017931,73701010,PTLA,,,not_found
034609,73730P10,PSTX,0001661460,Poseida Therapeutics Inc,cusip_link
037560,73739W10,POSH,0001825480,Poshmark Inc,cusip_link
170527,73744610,POST,0001530950,"Post Holdings, Inc.",ticker_fallback
020217,73752520,PSTR,,,not_found
018839,73754Y10,PBPB,,,not_found
008699,73912810,POWL,0000080420,POWELL INDUSTRIES INC,ticker_fallback
066032,73927610,POWI,0000833640,POWER INTEGRATIONS INC,ticker_fallback
065554,73930R10,PWER,0001042825,POWER ONE INC,cusip_link
121759,73931J10,IDSY,0001774170,PowerFleet Inc,cusip_link
187169,73933G20,PSIX,0001137091,POWER SOLUTIONS INTERNATIONAL INC,cusip_link
064103,73936330,PWAV,,,not_found
024922,73936N10,POWR,0000882154,POWERSECURE INTERNATIONAL INC,cusip_link
038946,73939C10,PWSC,0001835681,POWERSCHOOL HOLDINGS INC,cusip_link
186553,73965010,PROP,0001162896,Prairie Operating Co.,ticker_fallback
037187,74006W20,PRAX,0001689548,Praxis Precision Medicines Inc,cusip_link
018315,74017N10,XON,0001356090,PRECIGEN INC,cusip_link
008717,74018910,PCP,,,not_found
032078,74019L60,PRPO,0001043961,"Precipio, Inc.",ticker_fallback
034883,74019P20,DTIL,0001357874,PRECISION BIOSCIENCES INC,cusip_link
024842,74029440,,,,not_found
019305,74044410,PLPC,0000080035,PREFORMED LINE PRODUCTS CO,ticker_fallback
031419,74051E20,PRXI,0000796764,PREMIER EXHIBITIONS INC,cusip_link
018624,74051N10,PINC,0001577916,PREMIER INC,cusip_link
062317,74058510,PGI,,,not_found
037063,74065P10,PRLD,0001678660,Prelude Therapeutics Inc,cusip_link
185894,74102M10,PSDO,0001631825,Presidio Inc,cusip_link
015347,74111310,PRST,,,not_found
162335,74112D10,PBH,0001295947,Prestige Brands Holdings Inc,cusip_link
171078,74113L10,PGND,0001633142,Press Ganey Holdings Inc,cusip_link
037459,74113T10,PRST,0001822145,Presto Automation Inc,cusip_link
035266,74140Y10,PRVL,0001714798,Prevail Therapeutics Inc,cusip_link
065343,74151110,PSMT,0001041803,PRICESMART INC,ticker_fallback
014908,74153Q10,PDE,0000833081,PRIDE INTERNATIONAL INC,cusip_link
027882,74157K84,PRM,0000884382,PRIMEDIA INC,cusip_link
006311,74158E10,PNRG,0000056868,PRIMEENERGY RESOURCES CORP,cusip_link
175686,74164F10,PRIM,0001361538,Primoris Services Corp,cusip_link
184526,74165N10,PRMW,0001365101,PRIMO WATER CORP,cusip_link
041615,74168J10,PRME,0001894562,Prime Medicine Inc,cusip_link
034015,74257L10,PRNB,0001510487,Principia Biopharma Inc,cusip_link
012458,74265M20,PDEX,0000788920,PRO DEX INC,ticker_fallback
062797,74266R30,PRVT,,,not_found
158791,74269U20,PKT,,,not_found
008762,74271810,PG,0000080424,PROCTER & GAMBLE Co,ticker_fallback
122263,74273Y10,INSW,0001077370,Prism Technologies Group Inc,cusip_link
029275,74275G10,PRTH,0001653558,Priority Technology Holdings Inc,cusip_link
036273,74275K10,PCOR,0001611052,PROCORE TECHNOLOGIES INC,cusip_link
039453,74276L10,PRCT,0001588978,PROCEPT BioRobotics Corp,ticker_fallback
038594,74276R10,PRVA,0001759655,Privia Health Group Inc,cusip_link
176346,74316X10,PFIE,0001289636,PROFIRE ENERGY INC,cusip_link
045319,74317M10,PAL,0001998768,Proficient Auto Logistics Inc,cusip_link
065872,74318710,PGNX,,,not_found
036619,74319F40,PROG,0001580063,BIORA THERAPEUTICS INC,cusip_link
040306,74319N10,PFHC,0001881487,ProFrac Holding Corp,cusip_link
024352,74331210,PRGS,0000876167,PROGRESS SOFTWARE CORP /MA,ticker_fallback
035708,74340E10,PGNY,0001551306,Progyny Inc,cusip_link
170335,74342410,PFPT,,,not_found
177744,74346Y10,PRO,0001392972,PROS HOLDINGS INC,cusip_link
030145,74347M10,PUMP,0001680247,ProPetro Holding Corp,cusip_link
186517,74348X20,PGRX,0001477032,PROSPECT GLOBAL RESOURCES INC,cusip_link
062055,74349410,PZZ,,,not_found
038342,74349U10,RXDX,0001718852,Prometheus Biosciences Inc,cusip_link
062592,74365A30,PLX,0001006281,Protalix BioTherapeutics Inc,cusip_link
036044,74365U10,TARA,0001359931,Protara Therapeutics Inc,cusip_link
030720,74366340,PONE,,,not_found
027670,74366E10,PTGX,0001377121,Protagonist Therapeutics Inc,cusip_link
187696,74371310,PRLB,0001443669,Proto Labs Inc,ticker_fallback
014616,74373710,PWX,,,not_found
009330,74373P10,,0000315545,PROVECTUS BIOPHARMACEUTICALS INC,cusip_link
033751,74374N10,PRVB,0001695357,Provention Bio Inc,cusip_link
039009,74374T10,PTRA,0001820630,Proterra Inc,cusip_link
013733,74437530,PMD,,,not_found
022221,74439H10,PSYS,,,not_found
008810,74457310,PEG,0000788784,PUBLIC SERVICE ENTERPRISE GROUP INC,ticker_fallback
156095,74467430,PUDA,,,not_found
037510,74467Q10,PUBM,0001422930,PubMatic Inc,cusip_link
036260,74584810,LUNG,0001127537,Pulmonx Corp,ticker_fallback
024506,74584P30,PULM,0001574235,"Pulmatrix, Inc.",ticker_fallback
008823,74586710,PHM,0000822416,PULTEGROUP INC/MI/,ticker_fallback
010374,74586W20,TNL,0001361658,Travel & Leisure Co.,ticker_fallback
027252,74587B10,PLSE,0001625101,Pulse Biosciences Inc,cusip_link
170945,74587V10,PBYI,0001401667,PUMA BIOTECHNOLOGY INC,cusip_link
063448,74621T20,PURE,0001006028,PURE BIOSCIENCE INC,cusip_link
037664,74623V10,PCT,0001830033,PureCycle Technologies Inc,cusip_link
025756,74624M10,PSTG,0001474432,Pure Storage Inc,cusip_link
033068,74640Y10,PRPL,0001643953,Purple Innovation Inc,cusip_link
033240,74696410,FIXX,,,not_found
029791,74727710,QLGC,,,not_found
065226,74727D30,QADA,0001036188,QAD INC,cusip_link
184748,74730110,QUAD,0001481792,"Quad/Graphics, Inc.",ticker_fallback
008850,74731610,KWR,0000081362,QUAKER CHEMICAL CORP,ticker_fallback
039683,74732410,PYXS,0001782223,"Pyxis Oncology, Inc.",ticker_fallback
022500,74732Y30,QKLS,0000808047,QKL Stores Inc,cusip_link
184603,74733T10,QLIK,0001305294,QLIK TECHNOLOGIES INC,cusip_link
154357,74733V10,QEP,0001108827,QEP RESOURCES INC,cusip_link
185654,74734R10,QRE,0001502012,QR ENERGY LP,cusip_link
017941,74735R11,QEPM,0001576044,QEP MIDSTREAM PARTNERS LP,cusip_link
064853,74736K10,RFMD,0001604778,Qorvo Inc,cusip_link
019877,74736L10,QTWO,0001410384,Q2 Holdings Inc,cusip_link
024800,74752510,QCOM,0000804328,QUALCOMM INC/DE,ticker_fallback
036475,74754R30,QLGN,,,not_found
148313,74756M10,QLTY,0000922863,QUALITY DISTRIBUTION INC,cusip_link
011745,74758T30,QLYS,0001107843,"QUALYS, INC.",ticker_fallback
034326,74760120,XM,,,not_found
038073,74760R30,QTEK,0001839412,QualTek Services Inc,cusip_link
179819,74761910,NX,0001423221,Quanex Building Products CORP,ticker_fallback
066446,74762E10,PWR,0001050915,QUANTA SERVICES INC,cusip_link
036094,74764U20,CCAC,0001794621,Quanergy Systems Inc,cusip_link
149477,74765E30,QTWW,0001166380,QUANTUM FUEL SYSTEMS TECHNOLOGIES WORLDWIDE INC,cusip_link
038960,74765K10,QSI,0001816431,Quantum-Si Inc,cusip_link
028424,74766D10,QTNA,0001370702,ON Semiconductor Connectivity Solutions Inc,cusip_link
032792,74766Q10,QTRX,0001503274,Quanterix Corp,cusip_link
162643,74766W10,QUBT,0001758009,Quantum Computing Inc,cusip_link
037449,74767V10,QS,0001811414,QuantumScape Corp,cusip_link
008867,74790660,QTM,,,not_found
064166,74834L10,DGX,0001022079,QUEST DIAGNOSTICS INC,cusip_link
122921,74834T10,QSFT,0001088033,QUEST SOFTWARE INC,cusip_link
008873,74835610,STR,,,not_found
025906,74835Y10,QCOR,0000891288,QUESTCOR PHARMACEUTICALS INC,cusip_link
016015,74836W20,QRHC,0001442236,Quest Resource Holding Corp,cusip_link
065036,74837P40,QUIK,0000882508,QUICKLOGIC Corp,cusip_link
118795,74837R10,KWK,0001060990,QUICKSILVER RESOURCES INC,cusip_link
012868,74838C10,ZQK,0000805305,QUIKSILVER INC,cusip_link
184263,74874Q10,QNST,0001117297,"QUINSTREET, INC",ticker_fallback
032303,74875T10,QES,0001704235,Quintana Energy Services Inc,cusip_link
025915,74906310,RIMG,,,not_found
026157,74909E10,QHC,0001650445,Quorum Health Corp,cusip_link
019747,74911910,COUP,,,not_found
061489,74912110,Q,0002058873,"Qnity Electronics, Inc.",ticker_fallback
028470,74933V10,RARX,0001481512,Ra Pharmaceuticals Inc,cusip_link
061418,74934Q10,RICK,0000935419,RCI HOSPITALITY HOLDINGS INC,cusip_link
008892,74936040,RCMT,0000700841,"RCM TECHNOLOGIES, INC.",ticker_fallback
065448,74936120,RCNI,,,not_found
064896,74938810,RCRC,,,not_found
034645,74940T10,RSTN,0001760233,RDE Inc,cusip_link
185952,74952710,REVG,,,not_found
002829,74955210,RFIL,0000740664,R F INDUSTRIES LTD,ticker_fallback
030540,74955F10,RFMI,0000922204,RF MONOLITHICS INC /DE/,cusip_link
009171,74955L10,RGCO,0001069533,RGC RESOURCES INC,cusip_link
179783,74957T10,RHIE,0001410637,RHI ENTERTAINMENT INC,cusip_link
186675,74965F20,RLJE,0001546381,RLJ ENTERTAINMENT INC,cusip_link
008901,74966010,RES,0000742278,RPC INC,ticker_fallback
187375,74966K30,SCGQ,0001512074,RMG Networks Holding Corp,cusip_link
026545,74967R10,RMR,0001644378,RMR GROUP INC,cusip_link
111873,74967X10,RH,0001528849,RH,ticker_fallback
008902,74968510,RPM,0000110621,RPM INTERNATIONAL INC/DE/,ticker_fallback
177224,74972L10,RRR,0001389305,RSC HOLDINGS INC,cusip_link
016650,74973W10,RTI,0001068717,RTI INTERNATIONAL METALS INC,cusip_link
019171,74978Q10,RSPP,0001588216,RSP Permian Inc,cusip_link
160571,74980D10,NWY,,,not_found
041716,74982T10,RXO,0001929561,RXO Inc,cusip_link
179925,75008610,RAX,,,not_found
036641,75010210,RXT,0001810019,"Rackspace Technology, Inc.",ticker_fallback
064383,75025N10,RADS,0000845818,RADIANT SYSTEMS INC,cusip_link
162914,75025X10,RLGT,0001171155,GOLF TWO INC,cusip_link
061439,75045910,RSYS,,,not_found
170520,75046920,RDUS,,,not_found
013071,75049110,RDNT,0000790526,"RadNet, Inc.",ticker_fallback
111169,75061P10,RAE,0001084876,RAE SYSTEMS INC,cusip_link
033184,75062E10,RFL,0001713863,Rafael Holdings Inc,cusip_link
025921,75075340,RA,0001655099,Brookfield Real Assets Income Fund Inc.,ticker_fallback
038697,75082Q10,RAIN,0001724979,Rain Oncology Inc,cusip_link
126434,75087530,RMKR,,,not_found
029942,75102810,RAH,,,not_found
017505,75119810,RALY,,,not_found
039359,75120L10,RLYB,0001739410,Rallybio Corp,cusip_link
064891,75121210,RL,0001037038,RALPH LAUREN CORP,ticker_fallback
029670,75134P60,METC,0001687187,"Ramaco Resources, Inc.",ticker_fallback
028206,75190730,RMTR,,,not_found
176873,75218210,RLOG,,,not_found
006788,75281A10,RRC,0000315852,RANGE RESOURCES CORP,cusip_link
031845,75282U10,RNGR,0001699039,Ranger Energy Services Inc,cusip_link
039190,75301810,RANI,0001856725,"Rani Therapeutics Holdings, Inc.",ticker_fallback
032558,75321W10,OMAD,0001712463,Ranpak Holdings Corp,cusip_link
039202,75340L10,RPID,0001380106,RAPID MICRO BIOSYSTEMS INC,cusip_link
024501,75342210,RPD,0001560327,"Rapid7, Inc.",ticker_fallback
161088,75382F10,RPTP,0001070698,HORIZON PHARMACEUTICAL LLC,cusip_link
045412,75383L10,RAPP,0002012593,Rapport Therapeutics Inc,cusip_link
141859,75405510,RZ,,,not_found
003369,75419810,PZZI,,,not_found
033971,75419T10,RTLR,0001748773,RATTLER MIDSTREAM LP,cusip_link
008958,75421210,RAVN,,,not_found
020502,75508B10,RYAM,0001597672,RAYONIER ADVANCED MATERIALS INC,cusip_link
008972,75511150,RTN,,,not_found
010983,75513E10,UTX,0000101829,RAYTHEON TECHNOLOGIES CORP,cusip_link
164557,75524B10,ROLL,0001324948,RBC BEARINGS INC,cusip_link
184068,75525F10,RLOC,0001297336,REACHLOCAL INC,cusip_link
043289,75525N10,RYZB,0001825367,RayzeBio Inc,cusip_link
031629,75540810,RDI,0000716634,READING INTERNATIONAL INC,ticker_fallback
179417,75601N50,RSOL,,,not_found
184673,75604L10,RLD,0001327471,RealD Inc,cusip_link
065899,75605L70,RNWK,0001046327,REALNETWORKS INC,cusip_link
184797,75606N10,RP,0001286225,REALPAGE INC,cusip_link
043211,75607T10,AIRE,0001859199,reAlpha Tech Corp,cusip_link
026892,75615P10,RETA,0001358762,REATA PHARMACEUTICALS INC,cusip_link
040552,75618M30,REBN,0001707910,"Reborn Coffee, Inc.",ticker_fallback
017688,75620710,RCPT,,,not_found
019025,75629F10,REPH,0001588972,RECRO PHARMA INC,cusip_link
038474,75629V10,RXRX,0001601830,RECURSION PHARMACEUTICALS INC,cusip_link
035345,75630B40,RCRT,0001462223,Recruitercom Group Inc,cusip_link
035223,75644T10,RCAT,0000748268,Red Cat Holdings Inc,cusip_link
122841,75657710,RHT,,,not_found
109079,75676410,RLH,,,not_found
148470,75689M10,RRGB,0001171759,RED ROBIN GOURMET BURGERS INC,cusip_link
026361,75700L10,RRR,0001653653,Red Rock Resorts Inc,cusip_link
033233,75704L10,RDVT,0001720116,Red Violet Inc,cusip_link
039954,75724T10,RDBX,0001820201,Redbox Entertainment Inc,cusip_link
045097,75734B10,RDDT,0001713445,Reddit Inc,cusip_link
160163,75734R10,FRZ,0001268984,REDDY ICE HOLDINGS INC,cusip_link
039578,75776W10,RDW,0001819810,Redwire Corp,cusip_link
009016,75875010,RBC,0001324948,RBC Bearings INC,ticker_fallback
147638,75876610,RGC,0001829667,Regencell Bioscience Holdings Ltd,ticker_fallback
165699,75885Y10,RGNC,0001338613,REGENCY ENERGY PARTNERS LP,cusip_link
023812,75886F10,REGN,0000872589,REGENERON PHARMACEUTICALS INC,cusip_link
009023,75893220,RGS,0000716643,REGIS CORP,ticker_fallback
026146,75901B10,RGNX,0001590877,REGENXBIO Inc,cusip_link
166485,75903M30,ADK,,,not_found
024219,75914810,RHB,,,not_found
013835,75915K30,RGLS,0001505512,Regulus Therapeutics Inc,cusip_link
064850,75936P10,REIS,0001038222,Reis Inc,cusip_link
030280,75941910,NVMM,,,not_found
036677,75943R10,RLAY,0001812364,Relay Therapeutics Inc,cusip_link
030671,75950910,RS,0000861884,"RELIANCE, INC.",ticker_fallback
018976,75953110,RLYP,,,not_found
020720,75955J40,RLMD,0001553643,RELMADA THERAPEUTICS INC,cusip_link
178494,75955K30,HSWI,0001368365,REMARK HOLDINGS INC,cusip_link
039547,75960P10,RELY,0001782170,Remitly Global Inc,cusip_link
065474,75968L10,RLRN,0001030484,RENAISSANCE LEARNING INC,cusip_link
065697,75971M10,REMY,0001046859,REMY INTERNATIONAL INC,cusip_link
187692,75972A30,REGI,0001463258,RENEWABLE ENERGY GROUP INC,cusip_link
039577,75989E10,RCOR,0001799850,Renovacor Inc,cusip_link
039411,75989R10,RNXT,0001574094,RenovoRx Inc,cusip_link
013239,75991010,,,,not_found
012181,75991610,RGEN,0000730272,REPLIGEN CORP,ticker_fallback
031460,76009N10,RCII,0000729217,RENT A CENTER INC,cusip_link
039819,76010Y20,RENT,0001468327,"Rent the Runway, Inc.",ticker_fallback
023898,76011220,RTK,,,not_found
187774,76011310,RNF,,,not_found
012815,76017410,RENT,0001468327,"Rent the Runway, Inc.",ticker_fallback
147639,76027610,RJET,0000810332,REPUBLIC AIRWAYS HOLDINGS INC.,ticker_fallback
027988,76028H20,RPRX,0000897075,REPROS THERAPEUTICS INC,cusip_link
033693,76029L10,TBRG,0001720592,Repay Holdings Corp,cusip_link
033719,76029N10,REPL,0001737953,Replimune Group Inc,cusip_link
112168,76075910,RSG,0001060391,"REPUBLIC SERVICES, INC.",ticker_fallback
012377,76091110,REFR,0000793524,RESEARCH FRONTIERS INC,ticker_fallback
026004,76094310,RSCR,,,not_found
180345,76102510,RSSS,0001386301,"Research Solutions, Inc.",ticker_fallback
031887,76115210,RMD,0000943819,RESMED INC,ticker_fallback
179782,76116A30,REN,0001469510,Cimarex Resolute LLC,cusip_link
002337,76117W10,ABH,,,not_found
019719,76118L10,RESN,,,not_found
034053,76118Y10,REZI,0001740332,RESIDEO TECHNOLOGIES INC,cusip_link
039363,76119X10,RSVR,0001824403,Reservoir Media Inc,cusip_link
141359,76122Q10,RECN,0001084765,RESOURCES CONNECTION INC,cusip_link
176963,76123U10,RGDX,0001124608,RESPONSE GENETICS INC,cusip_link
186451,76124810,MKTG,,,not_found
143526,76129W10,RVP,0000946563,RETRACTABLE TECHNOLOGIES INC,cusip_link
018177,76132B10,SALE,0001475274,RETAILMENOT INC,cusip_link
019471,76133010,RVNC,,,not_found
157080,76150520,RVM,,,not_found
033812,76151R20,AXIL,0001718500,Axil Brands Inc,cusip_link
062290,76152560,REV,,,not_found
037534,76152G10,RVPH,0001742927,REVIVA PHARMACEUTICALS HOLDINGS INC,cusip_link
012277,76155720,DINE,,,not_found
029921,76155G20,NEXS,0000917523,Revolution Lighting Technologies Inc,cusip_link
036083,76155X10,RVMD,0001628171,Revolution Medicines Inc,cusip_link
177896,76156550,REXX,,,not_found
034467,76156B10,RVLV,0001746618,Revolve Group Inc,cusip_link
001864,76162410,REX,0000744187,REX AMERICAN RESOURCES Corp,ticker_fallback
120877,76171310,RAI,,,not_found
035874,76171L10,REYN,0001786431,Reynolds Consumer Products Inc,cusip_link
017651,76200L30,RZLT,0001509261,Rezolute Inc,cusip_link
021601,76243J10,RYTM,0001649904,RHYTHM PHARMACEUTICALS INC,cusip_link
135965,76254410,SONS,,,not_found
019377,76276010,RICE,,,not_found
022159,76281910,RMP,,,not_found
114415,76283130,RIBT,,,not_found
009125,76316510,RELL,0000355948,"RICHARDSON ELECTRONICS, LTD.",ticker_fallback
043190,76550410,RR,0001963685,RICHTECH ROBOTICS INC.,ticker_fallback
133468,76655970,RIGL,0001034842,RIGEL PHARMACEUTICALS INC,ticker_fallback
038060,76655K10,RGTI,0001838359,Rigetti Computing Inc,cusip_link
160415,76657R10,RNOW,0001111247,RIGHTNOW TECHNOLOGIES INC,cusip_link
185921,76658210,RNET,,,not_found
021138,76658B10,NAME,0001589094,RIGHTSIDE GROUP LTD,cusip_link
034183,76665T10,REPX,0001001614,"Riley Exploration Permian, Inc.",ticker_fallback
019802,76674Q10,RMNI,0001415610,RIMINI STREET INC,cusip_link
018630,76680R20,RNG,0001384905,RINGCENTRAL INC,cusip_link
176840,76680V10,REI,0001384195,RING ENERGY INC,cusip_link
177659,76688310,RINO,,,not_found
148170,76729210,APPY,,,not_found
009155,76775487,RAD,,,not_found
174317,76857310,RVBD,,,not_found
039811,76954A10,RIVN,0001874178,Rivian Automotive Inc / DE,cusip_link
180562,76973Q20,RRTS,0001440024,Roadrunner Transportation Systems Inc,cusip_link
034296,76975510,ROAN,,,not_found
009173,77019610,RBN,,,not_found
002312,77032310,RHI,0000315213,ROBERT HALF INC.,ticker_fallback
037453,77104910,RBLX,0001315098,Roblox Corp,ticker_fallback
024304,77149710,ROCM,,,not_found
013288,77208120,CIGX,,,not_found
065655,77263210,ROAC,,,not_found
018584,77311110,FUEL,,,not_found
032908,77313F10,RCKT,0001281895,ROCKET PHARMACEUTICALS INC,cusip_link
009203,77390310,ROK,0001024478,"ROCKWELL AUTOMATION, INC",ticker_fallback
144066,77434110,COL,,,not_found
066366,77437430,RMTI,0001041024,"ROCKWELL MEDICAL, INC.",ticker_fallback
162957,77441510,ROC,0002077709,Rank One Computing Corp,ticker_fallback
027776,77451510,RCKY,0000895456,"ROCKY BRANDS, INC.",ticker_fallback
011976,77467X10,RMCF,0001616262,Rocky Mountain Chocolate Factory Inc,cusip_link
063651,77504310,RSTI,,,not_found
009216,77513310,ROG,0000084748,ROGERS CORP,ticker_fallback
032382,77543R10,ROKU,0001428439,ROKU INC,cusip_link
009225,77571110,ROL,0000084839,ROLLINS INC,ticker_fallback
037617,77615310,RMO,,,not_found
183636,77634L10,AH,0001910851,R1 RCM Inc /DE,cusip_link
166756,77665020,RTNB,,,not_found
024925,77669610,ROP,0000882835,ROPER TECHNOLOGIES INC,ticker_fallback
187814,77714910,RRMS,,,not_found
031156,77738510,ROSE,,,not_found
166061,77777930,ROSE,,,not_found
180905,77778010,RST,,,not_found
009248,77829610,ROST,0000745732,"ROSS STORES, INC.",ticker_fallback
199456,77926810,RNDY,,,not_found
039377,77936F10,ROVR,0001826018,ROVER GROUP INC,cusip_link
028791,78074G20,ROYL,0000864839,ROYALE ENERGY INC,cusip_link
039345,78112J20,RBT,,,not_found
178865,78112T20,RBCN,,,not_found
045281,78115410,RBRK,0001943896,"Rubrik, Inc.",ticker_fallback
120557,78116B10,RUBO,0001082423,RUBIOS RESTAURANTS INC,cusip_link
033720,78116T10,RUBY,0001709401,Rubius Therapeutics Inc,cusip_link
007566,78118210,RT,,,not_found
016416,78122010,RKUS,,,not_found
183570,78129510,RUE,,,not_found
037953,78137L10,RUM,0001830081,Rumble Inc,cusip_link
021035,78138630,RMBL,,,not_found
028616,78174810,RURL,,,not_found
063000,78184620,RUSHA,0001012019,RUSH ENTERPRISES INC \TX\,ticker_fallback
037623,78201110,RSI,0001793659,"Rush Street Interactive, Inc.",ticker_fallback
163891,78333210,RUTH,,,not_found
009299,78354910,R,0000085961,RYDER SYSTEM INC,ticker_fallback
005968,78375410,RYI,,,not_found
009302,78376410,RYL,,,not_found
034766,78396V20,WORX,0001674227,SCWorx Corp,cusip_link
037651,78397Q10,SES,0001819142,SES AI Corp,cusip_link
039951,78397T20,SABS,0001833214,SAB Biotherapeutics Inc,cusip_link
062288,78402X10,DDD,0000910638,3D SYSTEMS CORP,ticker_fallback
007163,78409V10,MHP,0000064040,S&P Global Inc,cusip_link
012658,78410920,,,,not_found
031384,78413P10,SMHI,0001690334,SEACOR Marine Holdings Inc,cusip_link
029647,78415310,SFN,,,not_found
018438,78417830,SFXE,,,not_found
025980,78423R10,SHFL,0000718789,SHFL ENTERTAINMENT INC,cusip_link
009324,78430510,SJW,,,not_found
333070,78435P10,SEZL,0001662991,Sezzle Inc,cusip_link
009325,78441310,SLI,0001537137,STANDARD LITHIUM LTD.,ticker_fallback
064130,78453M20,FUEL,0001024452,SMF ENERGY CORP,cusip_link
026013,78454L10,SM,0000893538,SM Energy Co,ticker_fallback
004341,78461U10,SORL,,,not_found
121053,78463B10,SONE,0001063254,S1 CORP /DE/,cusip_link
183974,78463M10,SPSC,0001092699,SPS COMMERCE INC,ticker_fallback
147660,78464R10,SRX,0000906192,SRA INTERNATIONAL INC,cusip_link
063291,78464W10,STRC,0001014041,SRI SURGICAL EXPRESS INC,cusip_link
062965,78467J10,SSNC,0001402436,SS&C Technologies Holdings Inc,ticker_fallback
158737,78469C10,STAN,0001059262,SP Plus Corp,cusip_link
024611,78469X10,FLOW,,,not_found
178870,78470V10,SYRG,0001413507,SRC Energy Inc,cusip_link
025447,78471E10,SKYX,0001598981,SQL Technologies Corp,cusip_link
037327,78472F10,TLMD,0001791091,SOC Telemed Inc,cusip_link
015543,78472M10,SRAX,0001538217,SRAX Inc,cusip_link
037282,78472W10,SQZ,0001604477,SQZ Biotechnologies Co,cusip_link
005087,78473E10,SPW,0000088205,SPX Technologies Inc,cusip_link
134384,78477410,STEC,,,not_found
180597,78478V20,STRI,,,not_found
133888,78493260,SABA,0000828803,Saba Capital Income & Opportunities Fund II,ticker_fallback
062302,78493310,SGRP,0001004989,"SPAR Group, Inc.",ticker_fallback
184259,78513530,SANW,,,not_found
019649,78573M10,SABR,0001597033,Sabre Corp,ticker_fallback
038018,78574H10,SOC,0001831481,Sable Offshore Corp,cusip_link
018235,78636X87,SAEX,0001514732,SAExploration Holdings Inc,cusip_link
050297,78642D10,SPAI,0002011208,Safe Pro Group Inc,cusip_link
009359,78651420,SWY,,,not_found
027790,78659830,SGA,0000886136,SAGA COMMUNICATIONS INC,ticker_fallback
020943,78667J10,SAGE,0001597553,SAGE THERAPEUTICS INC,cusip_link
186045,78669210,SGNT,,,not_found
038790,78670010,SGMT,0001400118,Sagimet Biosciences Inc.,ticker_fallback
150481,78709Y10,SAIA,0001177702,SAIA INC,cusip_link
032641,78781P10,SAIL,0001627857,Sailpoint Technologies Holdings Inc,cusip_link
012544,79014810,JOE,0000745308,ST JOE Co,ticker_fallback
009372,79084910,STJ,,,not_found
013380,79377W10,SKS,0000812900,SAKS INC,cusip_link
184592,79379T20,,,,not_found
176658,79400610,SLRY,,,not_found
121817,79409310,SALM,0001050606,"SALEM MEDIA GROUP, INC. /DE/",ticker_fallback
157855,79466L30,CRM,0001108524,SALESFORCECOM INC,cusip_link
062977,79543510,SLXP,,,not_found
175900,79546E10,SBH,0001368458,SALLY BEAUTY HOLDINGS INC,cusip_link
040292,79589L10,IOT,0001642896,Samsara Inc,cusip_link
037925,79956610,SANA,0001770121,"Sana Biotechnology, Inc.",ticker_fallback
023623,79957L10,,0000714256,Sanara MedTech Inc,cusip_link
188663,79970Y10,SN,0001528837,SANCHEZ ENERGY CORP,cusip_link
013323,80001310,SAFM,,,not_found
061513,80004C10,SNDK,0001000180,SANDISK CORP,cusip_link
176899,80007P86,SD,0001349436,SANDRIDGE ENERGY INC,cusip_link
024755,80042210,JBSS,0000880117,SANFILIPPO JOHN B & SON INC,ticker_fallback
133871,80067710,SGMO,0001001233,"SANGAMO THERAPEUTICS, INC",ticker_fallback
028139,80105610,SANM,0000897723,SANMINA CORP,ticker_fallback
157954,80281730,SNTS,,,not_found
062602,80306210,SAPE,,,not_found
160214,80352110,SARA,,,not_found
039738,80359A20,STRC,0001050446,Strategy Inc,ticker_fallback
064857,80360710,AVII,,,not_found
025929,80389340,SATC,,,not_found
035601,80405P10,STSA,0001692830,Satsuma Pharmaceuticals Inc,cusip_link
110533,80413710,SHS,,,not_found
031177,80511110,SVRA,0001160308,Savara Inc,ticker_fallback
040501,80517M10,SVV,0001883313,Savers Value Village Inc,cusip_link
002222,80517Q10,SVNT,0000722104,SAVIENT PHARMACEUTICALS INC,cusip_link
130305,80542330,SVVS,,,not_found
009445,80589M10,SCG,0000754737,SCANA CORP,cusip_link
029910,80603710,SCSC,0000918965,"SCANSOURCE, INC.",ticker_fallback
004645,80637310,SGK,,,not_found
061494,80640710,HSIC,0001000228,HENRY SCHEIN INC,ticker_fallback
064708,80669310,WNI,,,not_found
026520,80687020,SMIT,,,not_found
029217,80688210,SCHN,,,not_found
264193,80689H10,SNDR,0001692063,Schneider National Inc,cusip_link
009466,80706610,SCHL,0000866729,SCHOLASTIC CORP,ticker_fallback
033445,80706P10,SRRK,0001727196,Scholar Rock Holding Corp,cusip_link
036051,80810D10,SDGR,0001490978,Schrodinger Inc,cusip_link
009472,80819410,SHLM,,,not_found
061519,80854110,SWM,,,not_found
018683,80862510,SAIC,0001571123,Science Applications International Corp,ticker_fallback
025047,80862K10,SCLN,0000880771,SCICLONE PHARMACEUTICALS INC,cusip_link
039850,80864420,SNCE,,,not_found
010991,80874P10,SGMS,0000750004,SCIENTIFIC GAMES CORP,cusip_link
113371,80876010,SCIL,,,not_found
179507,80880X10,MEDS,,,not_found
035055,80908710,SCPL,,,not_found
126600,80908T10,SQI,0001082526,SCIQUEST INC,cusip_link
035050,80917110,SCPS,,,not_found
020185,81018610,SMG,0000825542,SCOTTS MIRACLE-GRO CO,ticker_fallback
032601,81064810,SCPH,,,not_found
014535,81105440,SSP,0000832428,E.W. SCRIPPS Co,ticker_fallback
180167,81106510,SNI,,,not_found
020040,81129220,SCYX,0001178253,SCYNEXIS INC,ticker_fallback
009538,81154310,SEB,0000088121,SEABOARD CORP /DE/,ticker_fallback
063938,81169940,SEAC,,,not_found
141460,81181C10,SGEN,0001060736,Seagen Inc,cusip_link
026021,81190410,CKH,,,not_found
183380,81201R10,HAWK,0001452384,SEAHAWK DRILLING INC,cusip_link
009555,81211K10,SEE,0000088204,SEALED AIR CORP US,cusip_link
008101,81213930,ZZ,,,not_found
045397,81221520,SEG,0002009684,Seaport Entertainment Group Inc.,ticker_fallback
006307,81235010,SHLD,,,not_found
012976,81236210,SHOS,,,not_found
024458,81255T10,SPNE,0001637761,SeaSpine Holdings Corp,cusip_link
037783,81256L20,ICU,0001831868,SeaStar Medical Holding Corp,cusip_link
186392,81282V10,SEAS,0001564902,SEAWORLD ENTERTAINMENT INC,cusip_link
026677,81374A10,SCWX,0001468666,SecureWorks Corp,cusip_link
034709,81577F40,SEEL,0001017491,SEELOS THERAPEUTICS INC,cusip_link
037425,81578P10,SEER,0001726445,"Seer, Inc.",ticker_fallback
032804,81612030,SIC,,,not_found
029680,81617J30,WTTR,0001693256,Select Energy Services Inc,cusip_link
174236,81619Q10,SEM,0001320414,SELECT MEDICAL HOLDINGS CORP,cusip_link
027354,81621230,SELB,,,not_found
032901,81642T20,SLS,0001390478,SELLAS Life Sciences Group Inc,cusip_link
184035,81663A10,SEMG,0001489136,SEMGROUP CORP,cusip_link
039321,81663L20,SMFR,0001818331,GeneDx Holdings Corp,cusip_link
185380,81664520,LEDS,0001333822,SemiLEDs Corp,ticker_fallback
019189,81684M10,SMLR,0001554859,SEMLER SCIENTIFIC INC,cusip_link
009599,81685010,SMTC,0000088941,SEMTECH CORP,ticker_fallback
008272,81685110,SRE,0001032208,SEMPRA,ticker_fallback
038403,81686C10,SEMR,0001831840,SEMrush Holdings Inc,cusip_link
032675,81688310,SEND,,,not_found
008582,81707050,SENEA,0000088948,Seneca Foods Corp,ticker_fallback
028365,81720R60,SNES,0001680378,SenesTech Inc,cusip_link
142812,81724Q10,SNMX,0001123979,SENOMYX INC,cusip_link
175084,81724W10,SENO,0001097136,SENORX INC,cusip_link
011012,81725T10,SXT,0000310142,UNIVERSAL FOODS CORP,cusip_link
038783,81726A20,SNTI,0001854270,"Senti Biosciences Holdings, Inc.",ticker_fallback
026908,81728J10,SRTS,0001494891,Sensus Healthcare Inc,cusip_link
037596,81730H10,S,0001583708,SentinelOne Inc,cusip_link
128663,81733740,SQNM,,,not_found
050763,81734D10,SEPN,0001984086,Septerna Inc,cusip_link
145416,81747T10,SRLS,0001156295,SERACARE LIFE SCIENCES INC,cusip_link
039170,81749D10,SERA,0001534969,SERA PROGNOSTICS INC,cusip_link
034469,81751A10,AGE,0001708599,Serina Therapeutics Inc,cusip_link
009611,81756510,SCI,0000089089,SERVICE CORP INTERNATIONAL,ticker_fallback
045081,81758H10,SERV,0001832483,Serve Robotics Inc /DE/,cusip_link
171007,81762P10,NOW,0001373715,ServiceNow Inc,cusip_link
186129,81763U10,SREV,0001310114,SERVICESOURCE INTERNATIONAL INC,cusip_link
001082,81765M10,SERV,0000001923,SERVIDYNE INC,cusip_link
009619,81773210,SVT,,,not_found
014170,81783K10,TO,0000825411,SEVCON INC,cusip_link
022672,81904710,SHAK,0001620533,Shake Shack Inc.,ticker_fallback
039785,81947T20,SHPW,,,not_found
039158,81948W10,SHCR,0001816233,Sharecare Inc,cusip_link
112819,82001710,SMED,,,not_found
186903,82005410,SMTP,,,not_found
037110,82024L10,STTK,0001680367,Shattuck Labs Inc,cusip_link
029353,82028010,SHAW,,,not_found
020944,82263410,SHLX,,,not_found
009664,82312B10,SHEN,0000354963,SHENANDOAH TELECOMMUNICATIONS CO/VA/,cusip_link
264629,82321310,SDTH,,,not_found
174355,82321P20,SHE,0001327364,SHENGKAI INNOVATIONS INC,cusip_link
009667,82434810,SHW,0000089800,SHERWIN WILLIAMS CO,ticker_fallback
036494,82452J10,FOUR,0001794669,Shift4 Payments Inc,cusip_link
029558,82452L50,PIXY,0001675634,ShiftPixy Inc,cusip_link
037213,82452T30,SFT,,,not_found
028518,82454310,SHLO,,,not_found
043435,82455M10,SHIM,0001887944,Shimmick Corp,cusip_link
176726,82456810,BEST,,,not_found
027938,82488910,SCVL,0000895447,SHOE CARNIVAL INC,ticker_fallback
034854,82489T10,SWAV,,,not_found
037646,82489W10,SHLS,0001831651,Shoals Technologies Group Inc,cusip_link
177127,82521110,SHOR,,,not_found
031457,82536T10,SSTI,0001351636,"SOUNDTHINKING, INC.",ticker_fallback
175376,82568P30,SFLY,0001125920,SHUTTERFLY INC,cusip_link
003382,82569010,SSTK,0001549346,"Shutterstock, Inc.",ticker_fallback
034193,82570410,SIBN,0001459839,"SI-BONE, Inc.",ticker_fallback
040305,82616520,SIDU,0001879726,Sidus Space Inc.,ticker_fallback
022037,82621J20,SIEN,0001551693,Sientra Inc,cusip_link
031559,82622H10,SNNA,0001656328,Sienna Biopharmaceuticals Inc,cusip_link
025129,82640U40,DNAI,0001290149,Sierra Oncology Inc,cusip_link
009698,82654610,SIF,0000090168,SIFCO INDUSTRIES INC,ticker_fallback
009699,82655210,SIAL,,,not_found
012234,82656510,SIGM,,,not_found
037488,82657L20,SGTX,,,not_found
039171,82657M10,SGHT,0001531177,Sight Sciences Inc,cusip_link
185587,82659860,SGLB,,,not_found
029698,82661L10,SGMA,0000915358,SIGMATRON INTERNATIONAL INC,cusip_link
043279,82670R30,SGN,,,not_found
037811,82671G10,SGFY,0001828182,Signify Health Inc,cusip_link
065376,82691710,SIGA,0001010086,SIGA TECHNOLOGIES INC,ticker_fallback
133288,82691910,SLAB,0001038074,SILICON LABORATORIES INC.,ticker_fallback
064389,82704810,SLGN,0000849869,SILGAN HOLDINGS INC,ticker_fallback
124599,82705T10,SIMG,0001003214,SILICON IMAGE INC,cusip_link
162907,82706L10,SGI,0001316625,SILICON GRAPHICS INTERNATIONAL CORP,cusip_link
034882,82710M10,SILK,0001397702,Silk Road Medical Inc,cusip_link
170430,82711P20,SILO,0001514183,Silo Pharma Inc,cusip_link
045320,82728C10,SVCO,0001943289,Silvaco Group Inc,cusip_link
187607,82817Q10,SSNI,,,not_found
037495,82835W10,SBTX,0001671858,ARS Pharmaceuticals Inc,cusip_link
010221,82836G10,SFY,0000351817,SILVERBOW RESOURCES INC,cusip_link
170655,82846H40,SSNT,0001236275,QXO Inc,cusip_link
027576,82900L10,CPAA,0001702744,Simply Good Foods Co,cusip_link
030260,82907310,SSD,0000920371,"Simpson Manufacturing Co., Inc.",ticker_fallback
064929,82921410,SLP,0001023459,"Simulations Plus, Inc.",ticker_fallback
060800,82924210,SBGI,0001971213,"Sinclair, Inc.",ticker_fallback
038806,82933R30,OMIC,0001850906,Singular Genomics Systems Inc,cusip_link
176138,82935B20,SNEN,0001107563,SINOENERGY CORP,cusip_link
178896,82935L10,SIHI,0001406574,SINOHUB INC,cusip_link
180118,82935V30,SINO,,,not_found
144356,82936G20,SCEI,0001120096,SINO CLEAN ENERGY INC,cusip_link
177981,82939270,AMDA,,,not_found
023933,82939910,AXON,0001069183,"AXON ENTERPRISE, INC.",ticker_fallback
174876,82966C10,SIRO,0001014507,SIRONA DENTAL SYSTEMS INC,cusip_link
025893,82982L10,SITE,0001650729,SiteOne Landscape Supply Inc,cusip_link
035794,82982T10,SITM,0001451809,SITIME Corp,cusip_link
034034,82983N10,FLMN,,,not_found
149360,82988R20,SITO,0001157817,SITO MOBILE LTD,cusip_link
030662,82993310,SIRI,0000908937,SIRIUS XM HOLDINGS INC.,ticker_fallback
010567,83001A10,SIX,0000701374,SIX FLAGS INC,cusip_link
013710,83001C10,FUN,0001999001,Six Flags Entertainment Corporation/NEW,cusip_link
181445,83002F10,CTEK,0001382219,6D Global Technologies Inc,cusip_link
062016,83013P10,SZMK,0001591877,SIZMEK INC,cusip_link
121142,83056610,SKX,,,not_found
035327,83066P30,SKIL,0001774675,Skillsoft Corp.,ticker_fallback
037562,83067L20,SKLZ,0001801661,Skillz Inc.,ticker_fallback
033652,83083010,SKY,0000090896,"Champion Homes, Inc.",ticker_fallback
186345,83083J10,SKUL,0001423542,SKULLCANDY INC,cusip_link
037066,83085C10,SKYH,0001823587,Sky Harbour Group Corp,cusip_link
022116,83086J20,SKYE,0001516551,Skye Bioscience Inc,cusip_link
012392,83087910,SKYW,0000793733,SKYWEST INC,ticker_fallback
050791,83087C20,SKYQ,0001812447,Sky Quarry Inc,cusip_link
126772,83088430,SKBI,,,not_found
001327,83088M10,SWKS,0000004127,SKYWORKS SOLUTIONS INC,cusip_link
035133,83088V10,WORK,,,not_found
038465,83089J10,SKYT,0001819974,SkyWater Technology Inc,cusip_link
116504,83125X10,SCSS,0000827187,Sleep Number Corp,cusip_link
160448,83171G10,SPRO,0001289863,SMARTPROS LTD,cusip_link
177031,83172F20,HEAT,0001384135,SMARTHEAT INC,cusip_link
115757,83175410,SWHC,,,not_found
009771,83186520,AOS,0000091142,SMITH A O CORP,ticker_fallback
019843,83190B10,SFS,,,not_found
022284,83191H10,SND,0001529628,Smart Sand Inc,cusip_link
035602,83192H10,SDC,0001775625,SmileDirectClub Inc,cusip_link
039173,83193D20,SMTK,0001817760,SmartKem Inc,cusip_link
039505,83193G10,SMRT,0001837014,SmartRent Inc,cusip_link
033275,83200N10,SMAR,0001366561,SMARTSHEET INC,cusip_link
040492,83204U60,SMFL,,,not_found
043784,83207R10,SDHC,0001982518,Smith Douglas Homes Corp,cusip_link
009772,83211010,SII,0001512920,SPROTT INC.,ticker_fallback
061321,83215440,SMSI,0000948708,"SMITH MICRO SOFTWARE, INC.",ticker_fallback
061709,83215610,,,,not_found
137874,83268220,SMTX,,,not_found
009777,83269640,SJM,0000091419,J M SMUCKER Co,ticker_fallback
006242,83272A10,,,,not_found
041686,83301J10,SNAL,0001886894,Snail Inc,cusip_link
009778,83303410,SNA,0000091440,Snap-on Inc,ticker_fallback
039286,83303Y10,SNPO,0001856430,Snap One Holdings Corp,cusip_link
030091,83304A10,SNAP,0001564408,Snap Inc,cusip_link
339965,83344510,SNOW,0001640147,Snowflake Inc.,ticker_fallback
006574,83355110,LNCE,,,not_found
060801,83368E20,SCKT,0000944075,SOCKET MOBILE INC,cusip_link
039557,83370P20,SOPA,,,not_found
015314,83416T10,SCTY,0001408356,SOLARCITY CORP,cusip_link
023119,83417M10,SEDG,0001419612,SOLAREDGE TECHNOLOGIES INC,cusip_link
179690,83417Q20,SWI,0001739942,SolarWinds Corp,cusip_link
030547,83418M10,SOI,0001697500,Solaris Energy Infrastructure Inc,cusip_link
035160,83419H10,SMXT,0001519472,"SolarMax Technology, Inc.",ticker_fallback
020898,83420330,CAPN,0002024203,Cayson Acquisition Corp,ticker_fallback
177429,83421A10,SLH,0001324245,SOLERA HOLDINGS INC,cusip_link
013484,83422360,SNGX,0000812796,"SOLIGENIX, INC.",ticker_fallback
032894,83422E20,SLDB,0001707502,Solid Biosciences Inc,cusip_link
038094,83422N10,SLDP,0001844862,Solid Power Inc,cusip_link
034834,83425110,SOLY,,,not_found
030473,8342EP10,XPL,0000917225,SOLITARIO EXPLORATION & ROYALTY CORP,cusip_link
065350,83437650,SOA,,,not_found
175913,83438K10,SLTM,0001171298,SOLTA MEDICAL INC,cusip_link
023776,83444540,SMTS,,,not_found
039102,83444K10,SLGC,0001837412,SomaLogic Inc,cusip_link
045167,83444M10,SOLV,0001964738,Solventum Corp,cusip_link
165742,83445320,SOMX,,,not_found
037810,83542D30,SOND,0001819395,Sonder Holdings Inc,cusip_link
009812,83543840,SNSTA,,,not_found
023697,83545110,SONC,,,not_found
065831,83545G10,SAH,0001043509,SONIC AUTOMOTIVE INC,cusip_link
109186,83545R20,SOFO,0001029744,SONIC FOUNDRY INC,cusip_link
029709,83546010,SNIC,,,not_found
126322,83547010,SNWL,,,not_found
013176,83548310,,,,not_found
009815,83549510,SON,0000091767,SONOCO PRODUCTS CO,ticker_fallback
175424,83558L30,OCLS,,,not_found
066728,83568G10,SONO,0001055355,SONOSITE INC,cusip_link
033767,83570H10,SONO,0001314727,Sonos Inc,cusip_link
183602,83587F20,SRNE,0000850261,SORRENTO THERAPEUTICS INC,cusip_link
020675,83587V10,ROKA,0001472343,Sorrento Tech Inc,cusip_link
014412,83589810,BID,0002094919,Tribeca Strategic Acquisition Corp.,ticker_fallback
037338,83601L10,SHC,0001822479,Sotera Health Co,cusip_link
177872,83609110,SDBT,,,not_found
038087,83610010,SOUN,0001840856,"SOUNDHOUND AI, INC.",ticker_fallback
176556,83616T10,FIRE,0001168195,SOURCEFIRE INC,cusip_link
009831,83851810,SJI,,,not_found
171139,84130C10,SXE,0001547638,SOUTHCROSS ENERGY PARTNERS LP,cusip_link
009850,84258710,SO,0000092122,SOUTHERN CO,ticker_fallback
061811,84265V10,SCCO,0001001838,SOUTHERN COPPER CORP/,ticker_fallback
009867,84403010,SUG,,,not_found
040132,84445C10,SLND,0001883814,Southland Holdings Inc,cusip_link
009882,84474110,LUV,0000092380,SOUTHWEST AIRLINES CO,ticker_fallback
009890,84489510,SWX,0001692115,"Southwest Gas Holdings, Inc.",ticker_fallback
013409,84490920,,,,not_found
009898,84533110,SWWC,,,not_found
009904,84546710,SWN,,,not_found
185181,84612H10,SOWG,0001490161,Sow Good Inc,cusip_link
039542,84612U10,SOVO,0001856608,Sovos Brands Inc,cusip_link
009916,84639610,SPAN,,,not_found
117145,84642583,SBSA,,,not_found
163772,84649R20,CODE,0001322705,SPANSION INC,cusip_link
238157,84651P10,LOV,0001314475,SPARK NETWORKS INC,cusip_link
022709,84652J10,ONCE,0001609351,Spark Therapeutics Inc,cusip_link
028762,84721510,SPTN,,,not_found
009921,84722020,SEH,,,not_found
009922,84723510,SPA,,,not_found
038612,84753T10,SPEC,0001844149,Spectaire Holdings Inc,cusip_link
176282,84756010,SE,0001703399,Sea Ltd,ticker_fallback
177739,84756N10,SEP,0001394074,SPECTRA ENERGY PARTNERS LP,cusip_link
349337,84757T10,MDAI,0001833498,Spectral AI Inc,cusip_link
024853,84760C10,SPNC,0000789132,SPECTRANETICS CORPORATION,cusip_link
009937,84761510,SPEC,,,not_found
063650,84763A10,SPPI,0000831547,SPECTRUM PHARMACEUTICALS INC,cusip_link
065459,84763R10,SPB,0001487730,SPECTRUM BRANDS HOLDINGS INC,cusip_link
062046,84772320,SPDE,,,not_found
031560,84778810,TRK,,,not_found
011670,84790A10,HRG,0000109177,Spectrum Brands Holdings Inc,cusip_link
032525,84833T10,SPRO,0001701108,Spero Therapeutics Inc,cusip_link
039442,84856030,SPIR,0001816017,"Spire Global, Inc.",ticker_fallback
009954,84856510,SPIR,0001816017,"Spire Global, Inc.",ticker_fallback
164494,84857410,SPR,,,not_found
006547,84857L10,LG,0001126956,SPIRE INC,cusip_link
170616,84863710,SPLK,,,not_found
024844,84863T10,USMO,,,not_found
025946,84916320,SPCHA,,,not_found
014490,84916A10,RBI,0000828747,SPORT SUPPLY GROUP INC,cusip_link
016009,84920Y10,SPWH,0001132105,SPORTSMAN'S WAREHOUSE HOLDINGS INC,cusip_link
187709,84934310,SRLP,,,not_found
037922,85021Q10,SBIG,0001801602,SpringBig Holdings Inc,cusip_link
035600,85205L10,SWTX,0001773427,SpringWorks Therapeutics Inc,cusip_link
010984,85207U10,S,0000101830,SPRINT CORP,cusip_link
017934,85208M10,SFM,0001575515,SPROUTS FARMERS MARKET INC,cusip_link
038915,85208T10,CXM,0001569345,Sprinklr Inc,cusip_link
035922,85209W10,SPT,0001517375,Sprout Social Inc,cusip_link
026367,85223410,SQ,,,not_found
038736,85225A10,SQSP,0001496963,Squarespace Inc,cusip_link
009969,85231230,STAA,0000718937,STAAR SURGICAL CO,ticker_fallback
035530,85236P10,,0001043186,Stabilis Energy Inc,cusip_link
043099,85237B10,SRM,0001956744,SRM Entertainment Inc,cusip_link
190572,85238760,STAF,,,not_found
063874,85254C30,SSI,0000006885,STAGE STORES INC,cusip_link
039309,85256A10,STGW,0000876883,Stagwell Inc,cusip_link
121673,85285720,STMP,,,not_found
029040,85336L10,SDIX,0000911649,STANDARD DIVERSIFIED INC,cusip_link
009999,85362610,SMSC,,,not_found
010000,85366610,SMP,0000093389,"STANDARD MOTOR PRODUCTS, INC.",ticker_fallback
010005,85388720,SR,0001126956,SPIRE INC,ticker_fallback
010008,85423110,SXI,0000310354,STANDEX INTERNATIONAL CORP/DE/,ticker_fallback
050617,85423L10,SARO,0002025410,"StandardAero, Inc.",ticker_fallback
010016,85450210,SWK,0000093556,"STANLEY BLACK & DECKER, INC.",ticker_fallback
174663,85453210,SXE,,,not_found
015521,85503010,SPLS,,,not_found
065482,85508610,STRZ,0000929351,STARZ ENTERTAINMENT CORP /CN/,ticker_fallback
061735,85512C10,SGU,0001002590,STAR GAS PARTNERS LP,cusip_link
145080,85513Q30,DRAD,,,not_found
025434,85524410,SBUX,0000829224,STARBUCKS CORP,ticker_fallback
010030,85566810,SCX,,,not_found
298036,85569C10,SRT,0001031029,STARTEK INC,cusip_link
032280,85571Q10,LCAPA,0001507934,STARZ,cusip_link
037113,85572U10,STRY,0001884697,Starry Group Holdings Inc,cusip_link
005723,85590A40,HOT,0000048595,STARWOOD HOTELS & RESORTS,cusip_link
039352,85756110,STAB,,,not_found
029621,85809820,MLNK,,,not_found
064030,85811910,STLD,0001022671,STEEL DYNAMICS INC,ticker_fallback
012256,85812220,,,,not_found
186823,85814R10,SPLP,0001452857,STEEL PARTNERS HOLDINGS LP,cusip_link
066290,85815520,SCS,,,not_found
025186,85837510,SMRT,0001837014,"SmartRent, Inc.",ticker_fallback
063424,85849510,LVB,,,not_found
010056,85858610,SCL,0000094049,STEPAN CO,ticker_fallback
171022,85858C10,STML,0001264587,STEMLINE THERAPEUTICS INC,cusip_link
063527,85891210,SRCL,,,not_found
160375,85916J40,STXS,0001289340,Stereotaxis Inc,cusip_link
039540,85917T10,STER,0001645070,Sterling Check Corp,cusip_link
005559,85924110,STRL,0000874238,"STERLING INFRASTRUCTURE, INC.",ticker_fallback
024538,86037010,STEI,,,not_found
031203,86074Q10,SWC,0000931948,STILLWATER MINING CO /DE/,cusip_link
032688,86089710,SFIX,0001576942,"Stitch Fix, Inc.",ticker_fallback
035255,86150R10,STOK,0001623526,Stoke Therapeutics Inc,cusip_link
065590,86183P10,SRI,0001043337,STONERIDGE INC,cusip_link
018386,86257810,STRP,,,not_found
039835,86260J10,STRN,0001872525,Stran & Company Inc,cusip_link
164293,86272A30,MELA,,,not_found
063338,86272C10,STRA,0001013934,Strategic Education Inc,cusip_link
031567,86311110,STRT,0000933034,STRATTEC SECURITY CORP,ticker_fallback
178633,86323M10,SGS,0001405287,STREAM GLOBAL SERVICES INC,cusip_link
062666,86323X20,STRM,,,not_found
178976,86333M10,LRN,0001157408,Stride Inc,cusip_link
039354,86337R20,SDIG,0001856028,Stronghold Digital Mining Inc,cusip_link
010115,86366710,SYK,0000310764,STRYKER CORP,ticker_fallback
039301,86368520,SNAX,,,not_found
010124,86415910,RGR,0000095029,STURM RUGER & CO INC,ticker_fallback
147908,86428D10,SBAY,0001139570,SUBAYE INC,cusip_link
062501,86448210,SPH,0001005210,SUBURBAN PROPANE PARTNERS LP,ticker_fallback
178868,86459610,SFSF,,,not_found
175308,86490910,SCMP,,,not_found
066239,86537810,SUF,,,not_found
176874,86564630,SUMR,,,not_found
013871,86614G10,SMLP,0002024218,Summit Midstream Corp,cusip_link
022603,86614U10,SUM,,,not_found
271357,86627T10,SMMT,0001599298,Summit Therapeutics Inc,cusip_link
033725,86633R60,WISA,0001682149,WISA TECHNOLOGIES INC,cusip_link
036896,86646P10,SUMO,0001643269,Sumo Logic Inc,cusip_link
038038,86668310,SNCY,,,not_found
028543,86677E10,SUNH,0000904978,SUN HEALTHCARE GROUP INC,cusip_link
186773,86722A10,SXC,0001514705,"SunCoke Energy, Inc.",ticker_fallback
015396,86722Y10,SXCP,0001555538,SUNCOKE ENERGY PARTNERS LP,cusip_link
060992,86732Y10,WFR,0000945436,SUNEDISON INC,cusip_link
010380,86737U10,SSY,0000096793,SUNLINK HEALTH SYSTEMS INC,cusip_link
035395,86745K10,NOVA,,,not_found
010156,86764P10,SUN,0000095304,SUNOCO INC,cusip_link
165051,86765240,SPWRA,,,not_found
012892,86765K10,SUSP,0001552275,Sunoco LP,cusip_link
062967,86768K10,SRZ,0001011064,SUNRISE ASSISTED LIVING INC,cusip_link
024905,86771W10,RUN,0001469367,Sunrun Inc,cusip_link
178118,86778170,SBFM,0001402328,Sunshine Biopharma Inc.,ticker_fallback
027913,86793170,SCON,,,not_found
176567,86800U30,SMCI,0001375365,Super Micro Computer Inc,cusip_link
165968,86803X20,SLTD,0001172631,Sunworks Inc,cusip_link
020147,86815310,SDPI,,,not_found
025509,86815730,SPN,,,not_found
010195,86816810,SUP,,,not_found
010198,86835810,SGC,0000095574,"SUPERIOR GROUP OF COMPANIES, INC.",ticker_fallback
163929,86837X10,SWSI,0001323715,SUPERIOR WELL SERVICES INC,cusip_link
175739,86844710,SPMD,,,not_found
186159,86845910,SUPN,0001356576,"SUPERNUS PHARMACEUTICALS, INC.",ticker_fallback
010200,86853210,SUPX,0001897087,SuperX AI Technology Ltd,ticker_fallback
010190,86853630,SVU,,,not_found
133825,86858W20,SPRT,0001104855,Supportcom Inc,cusip_link
004156,86860710,STS,,,not_found
009242,86873310,SURW,,,not_found
033274,86877M20,SURF,0001718108,Surface Oncology Inc,cusip_link
025898,86881A10,SGRY,0001638833,Surgery Partners Inc,cusip_link
018841,86881L10,SCAI,,,not_found
138707,86882C20,RTIX,0001760173,SURGALIGN HOLDINGS INC,cusip_link
033382,86882L20,SURG,0001392694,"SurgePays, Inc.",ticker_fallback
186779,86887P30,CEAD,0001482541,CEA Industries Inc,cusip_link
039417,86889P20,SRZN,0001824893,Surrozen Inc/DE,cusip_link
043100,86892720,SRFM,0001936224,SURF AIR MOBILITY INC.,ticker_fallback
165702,86923310,SUSS,,,not_found
066592,86936220,SUTR,,,not_found
010213,86938010,STRN,,,not_found
039961,87043Q10,SG,0001477815,Sweetgreen Inc,cusip_link
186994,87080830,SWSH,,,not_found
176360,87104310,SDXC,,,not_found
032469,87105L10,SWCH,0001710583,Switch Inc,cusip_link
024409,87113010,SY,0001758530,So-Young International Inc.,ticker_fallback
062732,87123710,SYKE,,,not_found
039651,87133210,SLVM,0001856485,Sylvamo Corp,ticker_fallback
038022,87151X10,SYM,0001837240,Symbotic Inc,cusip_link
009715,87154310,SYMM,,,not_found
160600,87154620,SMA,0001585389,"SmartStop Self Storage REIT, Inc.",ticker_fallback
126601,87155S10,SMMX,0001095330,SYMYX TECHNOLOGIES INC,cusip_link
196355,87156110,SYNC,,,not_found
010236,87156510,SYNL,,,not_found
166593,87157B40,SNCR,0001131554,SYNCHRONOSS TECHNOLOGIES INC,cusip_link
142814,87157D10,SYNA,0000817720,SYNAPTICS INC,cusip_link
192856,87159A10,GEVA,0000911326,SYNAGEVA BIOPHARMA CORP,cusip_link
022330,87159G10,SSRG,0001616101,Symmetry Surgical Inc,cusip_link
024975,87160710,SNPS,0000883241,SYNOPSYS INC,ticker_fallback
165179,87160G10,SURG,0000836429,SYNERGETICS USA INC,cusip_link
013013,87162G10,SYNO,0000780127,SYNOVIS LIFE TECHNOLOGIES INC,cusip_link
065270,87162H10,SYNT,0001040426,SYNTEL INC,cusip_link
156155,87162W10,SNX,0001177394,SYNNEX CORP,cusip_link
064626,87163020,SYNM,,,not_found
175064,87163930,SGYP,,,not_found
158473,87163F10,SVR,0001169264,SYNIVERSE HOLDINGS INC,cusip_link
165124,87164C10,SYUT,0001293593,SYNUTRA INTERNATIONAL INC,cusip_link
020649,87164F10,SNDX,0001395937,Syndax Pharmaceuticals Inc,cusip_link
177764,87164U50,AEN,0000894158,Theriva Biologics Inc,cusip_link
030220,87165510,SYPR,0000864240,SYPRIS SOLUTIONS INC,ticker_fallback
019138,87165D20,SNYR,0001562733,Synergy CHC Corp,cusip_link
022039,87166B10,INCR,0001610950,Syneos Health Inc,cusip_link
032365,87166L20,SYBX,0001527599,SYNLOGIC INC,cusip_link
034429,87167A10,THOR,0001609727,Synthorx Inc,cusip_link
037386,87167T30,SNPX,,,not_found
042910,87168W20,SYRA,0001922335,Syra Health Corp,cusip_link
010247,87182910,SYY,0000096021,SYSCO CORP,ticker_fallback
027392,87184Q20,SYRS,0001556263,Syros Pharmaceuticals Inc,cusip_link
010277,87237510,TE,0001992243,T1 Energy Inc.,ticker_fallback
035779,87238110,TELA,0001561921,"TELA Bio, Inc.",ticker_fallback
030714,87238610,TESS,,,not_found
035611,87241J20,TFFP,0001733413,TFF Pharmaceuticals Inc,cusip_link
024436,87244360,THQI,,,not_found
010286,87247920,TIII,,,not_found
018144,87250W30,CCCR,0001556266,BAIYU Holdings Inc,cusip_link
011672,87254010,TJX,0000109198,TJX COMPANIES INC /DE/,ticker_fallback
125240,87256C10,WWE,0001973266,TKO Group Holdings Inc,cusip_link
017874,87259010,TMUS,0001283699,"T-Mobile US, Inc.",ticker_fallback
184880,87261Q10,TMS,0001491501,TMS INTERNATIONAL CORP,cusip_link
010297,87262510,TRR,,,not_found
157415,87264S10,TRW,0001267097,TRW AUTOMOTIVE HOLDINGS CORP,cusip_link
258869,87265H10,TPH,0000930667,ISHARES INC,cusip_link
027574,87266J10,TPIC,0001455684,TPI COMPOSITES INC,cusip_link
010305,87288520,TSRI,,,not_found
177528,87288V10,,0001320760,TSS INC,cusip_link
157118,87296010,TNS,,,not_found
139804,87305R10,TTMI,0001116942,TTM TECHNOLOGIES INC,cusip_link
024841,87306E10,TTES,0000879884,T-3 ENERGY SERVICES INC,cusip_link
120359,87311L10,TWTC,0001057758,TW TELECOM INC,cusip_link
041797,87313P10,TXO,0001559432,TXO Partners LP,cusip_link
017695,87336U10,DATA,,,not_found
026788,87337910,TRHC,,,not_found
026847,87357P10,TCMD,0001027838,TACTILE SYSTEMS TECHNOLOGY INC,cusip_link
031738,87402810,TAIT,0000942126,TAITRON COMPONENTS INC,ticker_fallback
025167,87403A10,MW,0000884217,TAILORED BRANDS INC,cusip_link
064630,87405410,TTWO,0000946581,TAKE TWO INTERACTIVE SOFTWARE INC,ticker_fallback
164585,87408310,TAL,0001499620,TAL Education Group,ticker_fallback
029264,87416110,TLB,,,not_found
175995,87422710,TLCR,,,not_found
156676,87422J10,TLN,0001622536,Talen Energy Corp,cusip_link
043737,87422Q10,TLN,0001622536,Talen Energy Corp,ticker_fallback
037872,87424L20,TLIS,0001584751,Talis Biomedical Corp,cusip_link
165244,87424N10,TLEO,0001134203,TALEO CORP,cusip_link
039078,87427V10,TALK,0001803901,Talkspace Inc,cusip_link
023256,87469610,TEGP,,,not_found
015117,87469710,TEP,,,not_found
017228,87484T10,TALO,0001724965,TALOS ENERGY INC,cusip_link
348784,87507T10,TBN,0001997652,Tamboran Resources Corp,cusip_link
311524,87509U10,TAM,0001547063,TAMINCO CORP,cusip_link
018899,87537220,TNDM,0001438133,TANDEM DIABETES CARE INC,ticker_fallback
023577,87537810,TBAC,,,not_found
028675,87538X10,TLF,0000909724,TANDY LEATHER FACTORY INC,cusip_link
184715,87582Y10,TNGO,,,not_found
039402,87583X10,TNGX,0001819133,Tango Therapeutics Inc,cusip_link
140541,87603010,COH,,,not_found
176659,87611X10,NGLS,0001379661,TARGA RESOURCES PARTNERS LP,cusip_link
003813,87612E10,TGT,0000027419,TARGET CORP,cusip_link
185532,87612G10,TRGP,0001389170,Targa Resources Corp.,ticker_fallback
180937,87621420,MNGA,,,not_found
037082,87650L10,TARS,0001819790,Tarsus Pharmaceuticals Inc,cusip_link
038647,87652V10,TASK,0001829864,TaskUs Inc,cusip_link
010345,87655330,TSTY,,,not_found
037230,87663X10,TTCF,0001741231,Tattooed Chef Inc,cusip_link
010349,87716310,TAYD,0000096536,"TAYLOR DEVICES, INC.",ticker_fallback
016653,87724P10,TMHC,0001562476,TAYLOR MORRISON HOME CORP,cusip_link
037013,87761910,TSHA,0001806310,"Taysha Gene Therapies, Inc.",ticker_fallback
034600,87808K10,TCRR,0001750019,TCR2 THERAPEUTICS INC,cusip_link
010353,87815530,TISI,0000318833,TEAM INC,ticker_fallback
183684,87817A10,TMH,0001082754,TEAM HEALTH HOLDINGS INC,cusip_link
161071,87819320,TEAR,,,not_found
187119,87819P10,TEA,0001314592,TEAVANA HOLDINGS INC,cusip_link
012171,87823710,TECD,,,not_found
014145,87831110,TEAM,0001650372,Atlassian Corp,ticker_fallback
010364,87840910,,,,not_found
010382,87872730,TRCI,,,not_found
178644,87873920,TPCS,0001328792,TECHPRECISION CORP,ticker_fallback
166449,87874D10,TWLL,0001171529,TECHWELL INC,cusip_link
177111,87874R30,TTGT,0002018064,TechTarget Inc,cusip_link
018114,87876P20,TGEN,0001537435,TECOGEN INC,cusip_link
010386,87889530,TECUB,,,not_found
033657,87897210,AVRO,,,not_found
004988,87901J10,GCI,0000039899,TEGNA INC,cusip_link
010390,87908010,TRC,0000096869,TEJON RANCH CO,ticker_fallback
012212,87910110,TKLC,,,not_found
022761,87916520,TIK,,,not_found
018066,87918110,TRMR,,,not_found
024249,87918A10,TDOC,0001477449,Teladoc Health Inc,cusip_link
138613,87929J10,TSYS,0001111665,TELECOMMUNICATION SYSTEMS INC /FA/,cusip_link
126721,87936010,TDY,0001094285,TELEDYNE TECHNOLOGIES INC,ticker_fallback
010407,87936910,TFX,0000096943,TELEFLEX INC,ticker_fallback
010411,87943382,TDS,0001051512,TELEPHONE & DATA SYSTEMS INC /DE/,ticker_fallback
184101,87945510,TNAV,,,not_found
143283,87953J10,TSTC,0000817129,TELESTONE TECHNOLOGIES CORP,cusip_link
005888,87960W20,IG,0000352998,Teligent Inc,cusip_link
010420,87966410,TLAB,,,not_found
030241,87968A10,TELL,0000061398,TELLURIAN INC /DE/,cusip_link
002578,87969B10,TLS,0000320121,TELOS CORP,cusip_link
029634,87970T20,WRLS,0000915324,TELULAR CORP,cusip_link
043928,87975F10,TELO,0001971532,"Telomir Pharmaceuticals, Inc.",ticker_fallback
010426,87986810,TIN,,,not_found
039204,87990A10,TNYA,0001858848,Tenaya Therapeutics Inc,cusip_link
045462,88023B10,TEM,0001717115,Tempus AI Inc,cusip_link
156861,88023U10,TPX,0001206264,TEMPUR PEDIC INTERNATIONAL INC,cusip_link
036716,88024M10,ACEV,0001813658,Tempo Automation Holdings Inc,cusip_link
033759,88025T10,TENB,0001660280,Tenable Holdings Inc,cusip_link
035640,88025U10,TXG,0001770787,10x Genomics Inc,cusip_link
027939,88032L60,OXBT,0000034956,TENAX THERAPEUTICS INC,cusip_link
007750,88033G40,THC,0000070318,TENET HEALTHCARE CORP,ticker_fallback
010441,88034510,TNC,0000097134,TENNANT CO,ticker_fallback
010443,88034910,TEN,0001166663,TSAKOS ENERGY NAVIGATION LTD,ticker_fallback
184079,88034G20,TNGN,0001296391,TENGION INC,cusip_link
040236,88066N30,TNON,0001560293,"Tenon Medical, Inc.",ticker_fallback
178310,88076W10,TDC,0000816761,TERADATA CORP /DE/,cusip_link
010453,88077010,TER,0000097210,"TERADYNE, INC",ticker_fallback
007991,88077910,TEX,0000097216,TEREX CORP,ticker_fallback
040413,88080T10,WULF,0001083301,TERAWULF INC,cusip_link
020089,88087E10,SERV,0001832483,Serve Robotics Inc. /DE/,ticker_fallback
037848,88088110,TERN,,,not_found
024965,88100520,TNH,,,not_found
024597,88104M10,GLBL,0001620702,TERRAFORM GLOBAL INC,cusip_link
020739,88104R20,TERP,0001599947,TerraForm Power Inc,cusip_link
186715,88105A10,SZYM,0001311230,TerraVia Holdings Inc,cusip_link
038132,88105P10,LLAP,0001649015,TERRAN ORBITAL Corp,cusip_link
062313,88144820,TMRK,,,not_found
029397,88145110,TSTR,,,not_found
170969,88156910,TSRO,,,not_found
184996,88160R10,TSLA,0001318605,"Tesla, Inc.",ticker_fallback
021237,88162F10,TTI,0000831641,TETRA TECH INC,cusip_link
024783,88162G10,TTEK,0000831641,TETRA TECH INC,cusip_link
039853,88165K10,TVGN,0001860871,Tevogen Bio Holdings Inc,cusip_link
017350,88165N20,TTPH,0001373707,TETRAPHASE PHARMACEUTICALS INC,cusip_link
018973,88165U10,TLOG,,,not_found
010498,88249110,TXI,,,not_found
010499,88250810,TXN,0000097476,TEXAS INSTRUMENTS INC,ticker_fallback
160376,88268110,TXRH,0001289460,"Texas Roadhouse, Inc.",ticker_fallback
010519,88320310,TXT,0000217346,TEXTRON INC,ticker_fallback
017581,88321110,TXTR,,,not_found
061711,88322Q10,,0001001316,TG THERAPEUTICS INC,cusip_link
038768,88331L10,SKIN,0001818093,Beauty Health Co,cusip_link
012691,88337510,TGX,,,not_found
014624,88337F10,ODP,0000800240,ODP Corp,cusip_link
018978,88338K10,STKS,0001399520,ONE Group Hospitality Inc,cusip_link
183322,88338N20,TXMD,0000025743,TherapeuticsMD Inc,cusip_link
027885,88339J10,TTD,0001671933,Trade Desk Inc,cusip_link
035288,88339P10,REAL,0001573221,TheRealReal Inc,cusip_link
030198,88343530,THMD,,,not_found
010530,88355610,TMO,0000097745,THERMO FISHER SCIENTIFIC INC.,ticker_fallback
013794,88362L20,KOOL,,,not_found
186360,88362T10,THR,,,not_found
120358,88368Q20,TSCM,0001080056,THESTREET INC,cusip_link
039665,88369M10,THRX,0001745020,Theseus Pharmaceuticals Inc,cusip_link
041522,88427A10,THRD,0001923840,Third Harmonic Bio Inc,cusip_link
010540,88431510,TNB,,,not_found
028770,88440220,TGIS,,,not_found
010549,88516010,THO,0000730263,THOR INDUSTRIES INC,ticker_fallback
010550,88517530,THOR,,,not_found
039278,88526010,THRN,,,not_found
039482,88546E10,TWKS,0001866550,Thoughtworks Holding Inc,cusip_link
010553,88553510,COMS,,,not_found
014898,88554D20,TDSC,0000910638,3D SYSTEMS CORP,cusip_link
038418,88556E10,TDUP,0001484778,ThredUp Inc,cusip_link
007435,88579Y10,MMM,0000066740,3M CO,cusip_link
178866,88580F10,PAR,0001408501,3PAR INC,cusip_link
037130,88602920,THRY,0001556739,"Thryv Holdings, Inc.",ticker_fallback
178172,88603110,THTI,,,not_found
177921,88630M10,TPI,0001362718,TIANYIN PHARMACEUTICAL CO INC,cusip_link
122061,88632Q10,TIBX,0001085280,TIBCO SOFTWARE INC,cusip_link
010565,88642R10,TDW,0000098222,TIDEWATER INC,cusip_link
150049,88650T10,TBV,0001168556,TIENS BIOTECH GROUP USA INC,cusip_link
013646,88654710,TIF,,,not_found
039185,88675P10,TYGO,0001855447,TIGO ENERGY INC,cusip_link
013940,8867EQ10,TIGR,0000820738,TIGERLOGIC CORP,cusip_link
187575,88688510,TLYS,0001524025,"TILLY'S, INC.",ticker_fallback
036506,88708020,TMBR,,,not_found
013554,88710010,TBL,,,not_found
122273,88713320,TLR,,,not_found
019580,88722810,TIME,,,not_found
025056,88731730,TWX,,,not_found
176404,88732J20,TWC,0001377013,TIME WARNER CABLE INC,cusip_link
010581,88738910,TKR,0000098362,TIMKEN CO,ticker_fallback
020011,88739910,TMST,,,not_found
031631,88770Q10,TNTR,,,not_found
028295,88830M10,TWI,0000899751,TITAN INTERNATIONAL INC,cusip_link
178973,88830R10,TITN,0001409171,TITAN MACHINERY INC,cusip_link
062984,88833920,TIE,,,not_found
124394,88870610,TIVO,,,not_found
064480,88870P10,ROVI,0001675820,TiVo Corp,cusip_link
024396,88870R10,HWAY,0000704415,TIVITY HEALTH INC,cusip_link
030701,88873310,TIXC,,,not_found
039524,88878710,TOST,0001650164,"Toast, Inc.",ticker_fallback
021007,88883P10,TBRA,0001311596,Tobira Therapeutics Inc,cusip_link
010597,88903910,TOD,,,not_found
010598,88906B10,TOF,0000730349,TOFUTTI BRANDS INC,cusip_link
012395,88947810,TOL,0000794170,"Toll Brothers, Inc.",ticker_fallback
061725,88954210,TLGD,,,not_found
180146,89002320,TOMZ,0000314227,"TOMI Environmental Solutions, Inc.",ticker_fallback
177125,89008810,TOMO,,,not_found
010609,89051610,TR,0000098677,TOOTSIE ROLL INDUSTRIES INC,ticker_fallback
023245,89055F10,BLD,0001633931,TopBuild Corp,cusip_link
015027,89087830,TORM,,,not_found
010618,89109210,TTC,0000737758,TORO CO,ticker_fallback
039156,89142B10,CURV,0001792781,Torrid Holdings Inc,cusip_link
038738,89157D10,TALS,0001827506,Tourmaline Bio Inc,cusip_link
033781,89157G86,TBLT,0001668370,Toughbuilt Industries Inc,cusip_link
184785,89182610,TOWR,,,not_found
029887,89189410,TW,0001758730,Tradeweb Markets Inc.,ticker_fallback
010631,89190610,TSS,,,not_found
164606,89214A10,CLUB,0001281774,TOWN SPORTS INTERNATIONAL HOLDINGS INC,cusip_link
111974,89223110,TSQ,0001499832,"Townsquare Media, Inc.",ticker_fallback
029736,89235610,TSCO,0000916365,TRACTOR SUPPLY CO /DE/,ticker_fallback
160580,89236Y10,TPCG,0001452217,TPC GROUP INC,cusip_link
022697,89237H30,TCON,,,not_found
034919,89267210,TW,0001758730,Tradeweb Markets Inc.,ticker_fallback
039317,89269P10,COOK,0001857853,Traeger Inc,cusip_link
065148,89278210,TRBR,,,not_found
063520,89291810,TACT,0001017303,TRANSACT TECHNOLOGIES INC,ticker_fallback
010685,89352910,TRNS,0000099302,TRANSCAT INC,ticker_fallback
148349,89364110,TDG,0001260221,TransDigm Group INC,ticker_fallback
033601,89374L10,TBIO,0001693415,Translate Bio Inc,cusip_link
163594,89376V10,TLP,0001319229,TRANSMONTAIGNE PARTNERS LP,cusip_link
035062,89377M10,TMDX,0001756262,TransMedics Group Inc,cusip_link
036799,89386L10,TGAN,,,not_found
020202,89392920,TRCR,,,not_found
024638,89400J10,TRU,0001552033,TransUnion,cusip_link
148350,89421B10,TA,0001378453,TravelCenters of America Inc /MD/,cusip_link
149721,89421Q20,TZOO,0001133311,TRAVELZOO,cusip_link
016848,89422G10,RTRX,0001438533,Travere Therapeutics Inc,cusip_link
038558,89455T10,TMCI,0001630627,"TREACE MEDICAL CONCEPTS, INC.",ticker_fallback
001712,89464810,ARSD,,,not_found
015459,89465010,TG,0000850429,TREDEGAR CORP,ticker_fallback
163983,89469A10,THS,0001320695,TREEHOUSE FOODS INC,cusip_link
119316,89531P10,TREX,0001069878,TREX CO INC,cusip_link
018925,89532E30,TRVN,0001429560,TREVENA INC,cusip_link
035054,89532M10,TRVI,0001563880,Trevi Therapeutics Inc,cusip_link
022008,89573510,TIV,,,not_found
026015,89591910,TRID,,,not_found
162941,89600B20,TPLM,0001281922,Triangle Petroleum Corp,cusip_link
010726,89604750,TRCO,,,not_found
019578,89609W10,TPUB,0001593195,Tribune Publishing Co,cusip_link
062870,89610620,TRMA,,,not_found
033600,89610F10,TCDA,0001595585,Tricida Inc,cusip_link
015252,89621520,TRS,0000842633,TRIMAS CORP,ticker_fallback
022815,89623910,TRMB,0000864749,TRIMBLE INC.,ticker_fallback
140988,89628810,TNET,0000937098,"TRINET GROUP, INC.",ticker_fallback
010735,89652210,TRN,0000099780,TRINITY INDUSTRIES INC,ticker_fallback
041733,89669L20,TPET,0001898766,Trio Petroleum Corp,ticker_fallback
010740,89671220,TRT,0000732026,TRIO-TECH INTERNATIONAL,ticker_fallback
029386,89674K10,TQNT,0000913885,TRIQUINT SEMICONDUCTOR INC,cusip_link
037516,89680M10,TLSI,0001826667,TriSalus Life Sciences Inc,cusip_link
063876,89681810,TGI,,,not_found
020131,89685A10,TRIV,0001432732,TRIVASCULAR TECHNOLOGIES INC,cusip_link
184114,89685K10,TSRX,0001356857,TRIUS THERAPEUTICS INC,cusip_link
023563,89689F40,TRKA,,,not_found
199356,89694520,TRIP,0001526520,"TripAdvisor, Inc.",ticker_fallback
175153,89778N10,TRBN,0001298521,TRUBION PHARMACEUTICALS INC,cusip_link
153028,89784N10,TRLG,0001160858,TRUE RELIGION APPAREL INC,cusip_link
020540,89785L10,TRUE,,,not_found
022207,89785X10,TBI,0000768899,TrueBlue Inc,cusip_link
017501,89787110,THST,,,not_found
013836,89788810,TRLA,,,not_found
186354,89818A10,TBOW,0001485933,TRUNKBOW INTERNATIONAL HOLDINGS LTD,cusip_link
021033,89853L30,TTOO,0001492674,T2 Biosystems Inc,cusip_link
183559,89853X30,TTTM,0001434589,T3 MOTION INC,cusip_link
063417,89854H10,TTEC,0001013880,TTEC Holdings Inc,cusip_link
038745,89854M10,TCRX,0001783328,"TScan Therapeutics, Inc.",ticker_fallback
020090,89857010,TUBE,,,not_found
062723,89869720,TCX,0000909494,TUCOWS INC /PA/,ticker_fallback
017175,89892010,DMPI,,,not_found
029616,89904010,TFCO,,,not_found
011944,89904V20,TUES,,,not_found
170904,89969Q10,TUMI,0001535031,TUMI HOLDINGS INC,cusip_link
062897,89989610,TUP,,,not_found
066929,90041L10,TPB,0001290677,Turning Point Brands Inc,cusip_link
035006,90041T10,TPTX,0001595893,Turning Point Therapeutics Inc,cusip_link
043137,90042W10,TSBX,0001764974,Turnstone Biologics Corp,cusip_link
019602,90045020,HEAR,,,not_found
038596,90089L10,TSP,0001823593,TuSimple Holdings Inc,cusip_link
008486,90110910,TPC,0000077543,TUTOR PERINI CORP,ticker_fallback
012886,90130A30,NWSA,0001564708,NEWS CORP,ticker_fallback
039907,90138410,TSVT,,,not_found
027364,90138F10,TWLO,0001447669,TWILIO INC,cusip_link
010777,90147610,TWIN,0000100378,TWIN DISC INC,ticker_fallback
034241,90184D10,TWST,0001581280,Twist Bioscience Corp,cusip_link
018872,90184L10,TWTR,,,not_found
019881,90214J20,TWOU,,,not_found
010789,90225210,TYL,0000860731,TYLER TECHNOLOGIES INC,ticker_fallback
023337,90238J10,TYME,0001537917,TYME TECHNOLOGIES INC,cusip_link
039477,90240B10,TYRA,0001863127,Tyra Biosciences Inc,cusip_link
010793,90249410,TSN,0000100493,"TYSON FOODS, INC.",ticker_fallback
017689,90265Y10,UCP,0001572684,UCP INC,cusip_link
029449,90267310,UFPT,0000914156,UFP TECHNOLOGIES INC,ticker_fallback
010801,90268110,UGI,0000884614,UGI CORP /PA/,ticker_fallback
039818,90268510,UDMY,,,not_found
010905,90274810,UIL,,,not_found
029156,90278Q10,UFPI,0000912767,UFP INDUSTRIES INC,cusip_link
033449,90290N10,USAC,0001522727,USA COMPRESSION PARTNERS LP,cusip_link
032014,90291C20,USAU,0000027093,U.S. GOLD CORP.,ticker_fallback
042848,90291W10,USGO,0001947244,US GoldMining Inc,cusip_link
025069,90292510,USAK,,,not_found
010757,90311910,UNS,,,not_found
022772,90321310,UQM,,,not_found
010813,90323610,URS,,,not_found
063863,90328M10,USNA,0000896264,USANA INC,cusip_link
010816,90329340,USG,,,not_found
014090,90331310,USMD,,,not_found
021628,90331810,USDP,,,not_found
120824,90333L20,USCR,0001073429,US CONCRETE INC,cusip_link
019807,90335C10,USHS,0000844789,US HOME SYSTEMS INC /TX,cusip_link
025318,90337L10,USPH,0000885978,U S PHYSICAL THERAPY INC /NV,cusip_link
033598,90338N20,USX,0000923571,US XPRESS ENTERPRISES INC,cusip_link
157921,90338S20,HTM,,,not_found
001382,90341W10,LCC,0000701345,US AIRWAYS GROUP INC,cusip_link
181989,90346E10,SLCA,,,not_found
035077,90353T10,UBER,0001543151,Uber Technologies Inc,cusip_link
187462,90353W10,UBNT,,,not_found
038646,90364P10,PATH,0001734722,UiPath Inc,cusip_link
043589,90373110,ULS,0001901440,UL Solutions Inc.,ticker_fallback
133769,90384420,ULCM,,,not_found
178704,90384S30,ULTA,0001403568,ULTA SALON COSMETICS & FRAGRANCE INC,cusip_link
111064,90385D10,ULTI,0001016125,ULTIMATE SOFTWARE GROUP INC,cusip_link
264416,90385V10,UCTT,0001275014,ULTRA CLEAN HOLDINGS INC,cusip_link
026045,90389910,ULBI,0000875657,ULTRALIFE CORP,ticker_fallback
019149,90400D10,RARE,0001515673,ULTRAGENYX PHARMACEUTICAL INC,cusip_link
028938,90403410,UTEK,,,not_found
165052,90431110,UA,0001336917,"Under Armour, Inc.",ticker_fallback
147349,90457220,UNXL,,,not_found
162355,90458310,UNCA,,,not_found
010839,90467720,UFI,0000100726,UNIFI INC,ticker_fallback
010840,90470810,UNF,0000717954,UNIFIRST CORP,ticker_fallback
254399,90478E30,UNIS,0001476170,Unilife Corp,cusip_link
144809,90653P10,UDRL,0001133260,UNION DRILLING INC,cusip_link
010867,90781810,UNP,0000100885,UNION PACIFIC CORP,ticker_fallback
022180,90915J10,UFAB,0001617669,Unique Fabricating Inc,cusip_link
002504,90921430,UIS,0000746838,UNISYS CORP,ticker_fallback
023940,90934C10,UAHC,0000867963,UNITED AMERICAN HEALTHCARE CORP,cusip_link
007300,90991210,AFP,,,not_found
010902,91057110,UG,0000101295,UNITED GUARDIAN INC,ticker_fallback
037782,91060H10,UHG,0001830188,United Homes Group Inc,cusip_link
063927,91116310,UNFI,0001020859,UNITED NATURAL FOODS INC,ticker_fallback
124198,91126820,UNTD,,,not_found
010920,91131210,UPS,0001090727,UNITED PARCEL SERVICE INC,ticker_fallback
066065,91136310,URI,0001067701,"UNITED RENTALS, INC.",ticker_fallback
010930,91154910,,,,not_found
014369,91168410,USM,,,not_found
010938,91180530,USEG,0000101594,BIG SKY INDUSTRIAL INC.,ticker_fallback
008947,91192210,USLM,0000082020,UNITED STATES LIME & MINERALS INC,ticker_fallback
018312,91200810,USFD,0001665918,US Foods Holding Corp.,ticker_fallback
034412,91274U30,USWS,,,not_found
023978,91290910,X,,,not_found
121440,91307C10,UTHR,0001082554,UNITED THERAPEUTICS Corp,cusip_link
184241,91324T30,,0000826773,UNITEK GLOBAL SERVICES INC,cusip_link
010999,91325910,UTL,0000755001,UNITIL CORP,ticker_fallback
036898,91332U10,U,0001810806,Unity Software Inc,cusip_link
021515,91336L10,UNVR,0001494319,Univar Inc,cusip_link
011017,91345610,UVV,0000102037,UNIVERSAL CORP /VA/,ticker_fallback
025274,91347P10,PANL,0001005284,UNIVERSAL DISPLAY CORP \PA\,cusip_link
027828,91348310,UEIC,0000101984,UNIVERSAL ELECTRONICS INC,ticker_fallback
176325,91378810,UPG,,,not_found
033317,91381U20,UBX,0001463361,Unity Biotechnology Inc,cusip_link
011027,91382130,UUU,0000102109,"UNIVERSAL SAFETY PRODUCTS, INC.",ticker_fallback
031170,91383710,USAP,,,not_found
162338,91388P10,UACL,0001308208,UNIVERSAL LOGISTICS HOLDINGS INC,cusip_link
163819,91388Q20,UTA,0001336644,UNIVERSAL TRAVEL GROUP,cusip_link
011032,91390310,UHS,0000352915,UNIVERSAL HEALTH SERVICES INC,ticker_fallback
156633,91391510,UTI,0001261654,UNIVERSAL TECHNICAL INSTITUTE INC,ticker_fallback
038981,91532B20,UPH,0001770141,UpHealth Inc,cusip_link
042214,91532F10,UMAC,0001956955,"Unusual Machines, Inc.",ticker_fallback
022040,91544A10,UPLD,0001505155,Upland Software Inc,cusip_link
050681,91678A10,UPB,0002022626,Upstream Bio Inc,cusip_link
034101,91688F10,UPWK,0001627475,UPWORK INC,cusip_link
160331,91688T10,URZ,0001162324,URANERZ ENERGY CORP,cusip_link
165798,91689610,UEC,0001334933,URANIUM ENERGY CORP,ticker_fallback
029150,91704710,URBN,0000912615,URBAN OUTFITTERS INC,ticker_fallback
035541,91704K20,UGRO,0001706524,urban-gro Inc,cusip_link
120301,91705J20,ROIAK,0001041657,URBAN ONE INC,cusip_link
062954,91727310,ULGX,,,not_found
039886,91734E10,USER,0001557127,UserTesting Inc,cusip_link
001439,91734M10,ECOL,,,not_found
011051,91748810,UTMD,0000706698,UTAH MEDICAL PRODUCTS INC,ticker_fallback
034259,91809010,CCH,,,not_found
024539,91819410,WOOF,0001826470,"Petco Health & Wellness Company, Inc.",ticker_fallback
011060,91820410,VFC,0000103379,V F CORP,ticker_fallback
154439,91821K10,VCGH,0001172852,VCG HOLDING CORP,cusip_link
011065,91828410,VSEC,0000102752,VSE CORP,ticker_fallback
186180,91829B10,VOC,0001505413,VOC ENERGY TRUST,cusip_link
013354,91829F10,VOXX,0000807707,VOXX INTERNATIONAL CORP,cusip_link
024515,91838520,VTVT,0001641489,vTv Therapeutics Inc.,ticker_fallback
021801,91843L10,VWR,0001412232,VWR Corp,cusip_link
027199,91851C20,EGY,0000894627,VAALCO ENERGY INC /DE/,cusip_link
038288,91854V20,VCSA,0001874944,Vacasa Inc,cusip_link
033780,91864030,VCNX,0001205922,"VACCINEX, INC.",ticker_fallback
064344,91879Q10,MTN,0000812011,VAIL RESORTS INC,cusip_link
025021,91886610,VCI,,,not_found
012578,91890520,VHI,0000059255,VALHI INC /DE/,ticker_fallback
025224,91891410,VLNC,,,not_found
009340,91911X10,VRX,0000930184,VALEANT PHARMACEUTICALS INTERNATIONAL,cusip_link
015247,91913Y10,VLO,0000021271,VALERO ENERGY CORP,cusip_link
018774,91914J10,VLP,0001583103,VALERO ENERGY PARTNERS LP,cusip_link
023092,91914N30,VLRX,0001619250,Valeritas Holdings Inc,cusip_link
011094,92025310,VMI,0000102729,VALMONT INDUSTRIES INC,ticker_fallback
007106,92034410,VPF,,,not_found
011096,92035510,VAL,0000314808,Valaris Ltd,ticker_fallback
011099,92043710,VALU,0000717720,VALUE LINE INC,ticker_fallback
027373,92047W10,VVV,0001674910,VALVOLINE INC,cusip_link
166435,92165910,VNDA,0001347178,Vanda Pharmaceuticals Inc.,ticker_fallback
148356,92203620,VHS,,,not_found
034327,92210730,VAPO,,,not_found
029004,92214X10,VREX,0001681622,Varex Imaging Corp,cusip_link
119216,92220610,VARI,,,not_found
119217,92220710,VSEA,,,not_found
011115,92220P10,VAR,0000203527,VARIAN MEDICAL SYSTEMS INC,cusip_link
019044,92228010,VRNS,0001361113,VARONIS SYSTEMS INC,ticker_fallback
125000,92231M10,VASC,0001030206,VASCULAR SOLUTIONS INC,cusip_link
005918,92240G10,VVC,0001096385,VECTREN CORP,cusip_link
013963,92240M10,VGR,0000059440,VECTOR GROUP LTD,cusip_link
011124,92241710,VECO,0000103145,VEECO INSTRUMENTS INC,ticker_fallback
020661,92242T10,VEC,0001601548,V2X Inc,cusip_link
033114,92243A20,VXRT,0000072444,Vaxart Inc,cusip_link
036600,92243G10,PCVX,0001649094,Vaxcyte Inc,cusip_link
039868,92244V10,VAXX,0001851657,Vaxxinity Inc,cusip_link
018689,92247510,VEEV,0001393052,VEEVA SYSTEMS INC,ticker_fallback
037106,92259F10,VLDR,0001745317,Velodyne Lidar Inc,cusip_link
176070,92275P30,VQ,0001313024,VENOCO INC,cusip_link
039774,92332V10,VTYX,0001851194,Ventyx Biosciences Inc,cusip_link
036924,92333E10,VENU,0001770501,Venu Holding Corp,ticker_fallback
185195,92335C10,VRA,0001495320,VERA BRADLEY INC,cusip_link
033647,92336X10,VNE,,,not_found
038397,92337210,VGAS,0001841425,"Verde Clean Fuels, Inc.",ticker_fallback
194255,92337C20,VSTM,0001526119,Verastem Inc,cusip_link
018947,92337F10,VCYT,0001384101,VERACYTE INC,cusip_link
038782,92337R10,VERA,0001831828,Vera Therapeutics Inc,cusip_link
021984,92337U30,VERB,0001566610,Verb Technology Company Inc,cusip_link
043197,92338C10,VLTO,0001967680,Veralto Corp,cusip_link
130041,92340P20,VRNM,0001049210,VERENIUM CORP,cusip_link
162733,92342Y10,PAY,0001312073,VERIFONE HOLDINGS INC,cusip_link
066368,92343E10,VRSN,0001014473,VERISIGN INC/CA,cusip_link
002136,92343V10,VZ,0000732712,VERIZON COMMUNICATIONS INC,cusip_link
147242,92343X10,VRNT,0001166388,VERINT SYSTEMS INC,cusip_link
019858,92345410,VRTV,,,not_found
180652,92345Y10,VRSK,0001442145,VERISK ANALYTICS INC,cusip_link
064334,92346J10,ASTM,0000887359,Vericel Corp,cusip_link
141887,92346X20,VRME,0001104038,VerifyMe Inc,cusip_link
031091,92347M10,VERI,0001615165,Veritone Inc,cusip_link
034300,92511U10,VRRM,0001682745,VERRA MOBILITY Corp,cusip_link
063281,92528430,VSNT,0002067876,"Versant Media Group, Inc.",ticker_fallback
012804,92529710,VSR,,,not_found
179817,92531L20,VRS,0001421182,Verso Corp,cusip_link
024344,92532F10,VRTX,0000875320,VERTEX PHARMACEUTICALS INC / MA,cusip_link
026709,92532W10,VSM,0001660690,Versum Materials Inc,cusip_link
183704,92534K10,,0000890447,Vertex Energy Inc,cusip_link
062388,92535G20,VTRO,0001094808,VERTRO INC,cusip_link
036175,92537N10,VRT,0001674101,Vertiv Holdings Co,cusip_link
024083,92538J10,VERX,0001806837,Vertex Inc,cusip_link
038908,92539P10,VERV,0001840574,Verve Therapeutics Inc,cusip_link
160785,92552R40,VVI,0000884219,VIAD CORP,cusip_link
064088,92552V10,VSAT,0000797721,VIASAT INC,cusip_link
133346,92553H80,VIAS,0001101169,VIASYSTEMS GROUP INC,cusip_link
165675,92553P20,VIA,0001339947,VIACOM INC,cusip_link
029241,92555010,JDSU,,,not_found
020740,92556D30,SPKE,0001606268,Via Renewables Inc,cusip_link
007637,92556V10,VTRS,0001792044,Viatris Inc,cusip_link
037824,92557A10,DSP,0001828791,Viant Technology Inc,cusip_link
039712,92561V20,RBOT,0001812173,Vicarious Surgical Inc.,ticker_fallback
021238,92581510,VICR,0000751978,VICOR CORP,ticker_fallback
039310,92640010,VSCO,,,not_found
011169,92655510,VIDE,,,not_found
035630,92661310,VIE,,,not_found
038271,92671V30,VIEW,0001811856,View Inc,cusip_link
023106,92672L10,VRAY,0001597313,ViewRay Inc,cusip_link
040307,92673K10,VIGL,0001827087,Vigil Neuroscience Inc,cusip_link
021032,92686J10,VKTX,0001607678,Viking Therapeutics Inc,cusip_link
011178,92710740,VLGEA,0000103595,VILLAGE SUPER MARKET INC,ticker_fallback
038757,92719V10,VMEO,0001837686,Vimeo Inc,cusip_link
019175,92719W20,VNCE,0001579157,VINCE HOLDING CORP,cusip_link
033429,92733020,XSPL,,,not_found
022367,92735P10,VEI,,,not_found
038952,92747V10,VWE,,,not_found
018623,92763A30,VMEM,,,not_found
138346,92763R10,VIRL,0001050776,VIRAGE LOGIC CORP,cusip_link
035638,92764N10,VIR,0001706431,Vir Biotechnology Inc,cusip_link
011185,92765110,VIRC,0000751365,VIRCO MFG CORPORATION,ticker_fallback
023813,92765F10,VIRX,0001061027,Viracta Therapeutics Inc,cusip_link
021261,92765X20,VA,0001614436,Virgin America Inc,cusip_link
035808,92766K40,SPCE,0001706946,Virgin Galactic Holdings Inc,cusip_link
153668,92769L10,VMED,0001270400,VIRGIN MEDIA INC,cusip_link
038248,92771A10,VORB,0001843388,Virgin Orbit Holdings Inc,cusip_link
030311,92790C10,MGEN,0001590750,Viridian Therapeutics Inc\DE,cusip_link
122175,92823T20,VHC,0001082324,VirnetX Holding Corp,ticker_fallback
064004,92824110,VPHM,,,not_found
164411,92826920,VSCP,,,not_found
175949,92826B10,VRAD,0001361579,VIRTUAL RADIOLOGIC CORP,cusip_link
065344,92827K30,VTSI,0001085243,VirTra Inc,cusip_link
177871,92827P10,VRTU,0001207074,VIRTUSA CORP,cusip_link
011191,92829810,VSH,0000103730,VISHAY INTERTECHNOLOGY INC,ticker_fallback
036530,92829J20,VIRI,0001818844,Virios Therapeutics Inc,cusip_link
185138,92835K10,VPG,0001487952,VISHAY PRECISION GROUP INC,cusip_link
289735,92836Y40,XGTI,,,not_found
022653,92837710,VSTO,,,not_found
136648,92839U20,,0001111335,VISTEON CORP,cusip_link
187368,92840H40,VTGN,0001411685,"Vistagen Therapeutics, Inc.",ticker_fallback
157373,92840M10,VST,0001692819,Vistra Corp,cusip_link
064767,92846N10,VTAL,0000912888,VITAL IMAGES INC,cusip_link
039749,92846Q10,COCO,0001482981,Vita Coco Company Inc,cusip_link
179818,92847A20,VITC,0001401688,VITACOSTCOM INC,cusip_link
021422,92847N10,VTAE,0001157602,VITAE PHARMACEUTICALS INC,cusip_link
036726,92847W10,VITL,0001579733,Vital Farms Inc,cusip_link
024803,92849730,,,,not_found
178201,92849E10,VSI,0001360530,VITAMIN SHOPPE INC,cusip_link
183269,92852R40,VIVK,0001450704,Vivakor Inc,cusip_link
021838,92852W50,VIVE,,,not_found
041901,92852X10,VTS,0001944558,Vitesse Energy Inc,cusip_link
189594,92854210,VVNT,,,not_found
021421,92854B10,EYES,0001266806,Vivani Medical Inc,cusip_link
021626,92854Q10,VSLR,0001607716,Vivint Solar Inc,cusip_link
030007,92855130,VVUS,,,not_found
178083,92856340,VMW,,,not_found
187739,92857F10,VCRA,0001129260,VOCERA COMMUNICATIONS INC,cusip_link
164369,92858J10,VOCS,0001104789,VOCUS INC,cusip_link
025529,92858V10,VZIO,0001835591,Vizio Holding Corp,cusip_link
037290,92859E20,VVOS,0001716166,Vivos Therapeutics Inc,cusip_link
174118,92864510,VOLC,,,not_found
163977,92864N10,VLCM,0001324570,VOLCOM INC,cusip_link
010761,92866110,VNRX,0000093314,VOLITIONRX LTD,ticker_fallback
011213,92870310,,,,not_found
160505,92870810,VLTR,,,not_found
039533,92873V10,VLTA,0001819584,Volta Inc,cusip_link
166562,92886T20,VG,0001272830,VONAGE HOLDINGS CORP,cusip_link
036203,92888110,VNT,0001786842,Vontier Corp,ticker_fallback
041982,92891Q10,VHAI,0001880431,Vocodia Holdings Corp,ticker_fallback
063928,92906L50,VOXW,0000933454,VOXWARE INC,cusip_link
026341,92915B10,VYGR,0001640266,Voyager Therapeutics Inc,cusip_link
011228,92916010,VMC,0001396009,Vulcan Materials CO,ticker_fallback
037866,92919Y10,VSEE,0001864531,VSEE HEALTH INC,cusip_link
184113,92921W30,VUZI,0001463972,VUZIX CORP,cusip_link
160341,92922P10,WTI,0001288403,W&T OFFSHORE INC,cusip_link
011234,92923610,WDFC,0000105132,WD 40 CO,ticker_fallback
145186,92923C80,WCIC,,,not_found
011296,92924F10,WGL,0001103601,WGL HOLDINGS INC,cusip_link
264388,92926K10,WCAA,0001282398,WCA WASTE CORP,cusip_link
177925,92927K10,WBC,0001390844,WABCO HOLDINGS INC,cusip_link
011509,92929710,WMS,0001604028,"ADVANCED DRAINAGE SYSTEMS, INC.",ticker_fallback
011302,92932Q10,WSCI,0000104897,WSI INDUSTRIES INC,cusip_link
011550,92939U10,WEC,0000783325,WEC ENERGY GROUP INC,cusip_link
021522,92941V30,MNLO,0001566044,VYNE Therapeutics Inc,cusip_link
038539,92942V20,VYNT,,,not_found
043236,92942W10,KLG,0001959348,WK Kellogg Co,cusip_link
024720,92956610,WNC,0000879526,WABASH NATIONAL Corp,ticker_fallback
039025,92971A10,MAPS,0001779474,WM TECHNOLOGY INC,cusip_link
060979,92974010,WAB,0000943452,WESTINGHOUSE AIR BRAKE TECHNOLOGIES CORP,ticker_fallback
176199,93041P50,WGBS,,,not_found
038426,93042P10,PET,0001842356,Wag! Group Co,cusip_link
034439,93075220,WTRH,,,not_found
011259,93114210,WMT,0000104169,Walmart Inc.,ticker_fallback
011264,93142710,WAG,,,not_found
015274,93317Q10,WLT,0000837173,Walter Energy Inc,cusip_link
039502,93403J10,WRBY,0001504776,Warby Parker Inc,cusip_link
013990,93439040,WRC,,,not_found
164296,93442310,WBD,0001437107,"Warner Bros. Discovery, Inc.",ticker_fallback
163118,93455020,WMG,0001319161,Warner Music Group Corp.,ticker_fallback
151632,93564A10,WRES,0000892986,WARREN RESOURCES INC,cusip_link
030397,93627C10,HCC,0001691303,WARRIOR MET COAL INC,cusip_link
014477,94106L10,WM,0000823768,WASTE MANAGEMENT INC,cusip_link
120835,94107520,WSII,,,not_found
061574,94184810,WAT,0001000697,WATERS CORP /DE/,ticker_fallback
011313,94262220,WSO,0000105016,WATSCO INC,ticker_fallback
012445,94274910,WTS,0000795403,WATTS WATER TECHNOLOGIES INC,ticker_fallback
011315,94331510,WPP,0000806968,WPP plc,ticker_fallback
030649,94352660,WAVX,,,not_found
021540,94419L10,W,0001616707,Wayfair Inc,cusip_link
061028,94676010,WSTG,,,not_found
043515,94678410,WAY,0001990354,Waystar Holding Corp.,ticker_fallback
039914,94724R10,WEAV,0001609151,Weave Communications Inc,cusip_link
163916,94733A10,WWWW,0001095291,WEBCOM GROUP INC,cusip_link
133432,94768410,WBSN,,,not_found
039201,94770D10,WEBR,0001857951,Weber Inc,cusip_link
115404,94770V10,WBMD,0001326583,WEBMD HEALTH CORP,cusip_link
050248,94845U10,WBTN,0001997859,WEBTOON Entertainment Inc,cusip_link
014252,94858510,WGNR,,,not_found
011343,94884910,WMK,0000105418,WEIS MARKETS INC,ticker_fallback
026495,94909010,MFS,,,not_found
003708,95058W10,WEN,0000030697,WENDY'S CO,cusip_link
012266,95075510,WERN,0000793074,WERNER ENTERPRISES INC,ticker_fallback
038625,95075A10,HOWL,0001785530,Werewolf Therapeutics Inc,cusip_link
187714,95081410,WAIR,,,not_found
011371,95081710,WSC,0001647088,WillScot Holdings Corp,ticker_fallback
120444,95082P10,WCC,0000929008,WESCO INTERNATIONAL INC,cusip_link
064055,95235520,WSTC,,,not_found
029268,95423510,WMAR,,,not_found
011376,95530610,WST,0000105770,WEST PHARMACEUTICAL SERVICES INC,ticker_fallback
061646,95754130,WSTL,,,not_found
011399,95810210,WDC,0000106040,WESTERN DIGITAL CORP,ticker_fallback
179831,95825410,WES,0001423902,"Western Midstream Partners, LP",ticker_fallback
016225,95866910,WGP,,,not_found
165652,95931910,WNR,,,not_found
018431,95931Q20,WNRL,0001581908,WESTERN REFINING LOGISTICS LP,cusip_link
160684,96041310,WLK,0001262823,WESTLAKE CORP,ticker_fallback
020473,96041710,WLKP,0001604665,Westlake Chemical Partners LP,ticker_fallback
011440,96087810,WLB,,,not_found
184569,96108P10,OXF,0001412347,Westmoreland Resource Partners LP,cusip_link
029830,96145D10,MWV,,,not_found
038621,96145W10,WEST,0001806347,Westrock Coffee Co,cusip_link
015240,96168420,URRE,,,not_found
177674,96169B10,WWAY,0001361872,SHERMEN WSC ACQUISITION CORP,cusip_link
022612,96184010,WTSLA,,,not_found
045020,96188120,WETH,0001826660,Wetouch Technology Inc.,ticker_fallback
162385,96208T10,WXS,0001309108,WEX INC,cusip_link
011455,96214910,WEYS,0000106532,WEYCO GROUP INC,ticker_fallback
011456,96216610,WY,0000106535,WEYERHAEUSER CO,ticker_fallback
175908,96327X20,WFCF,0001360565,"Where Food Comes From, Inc.",ticker_fallback
039231,96328L20,UP,0001819516,Wheels Up Experience Inc,cusip_link
011465,96332010,WHR,0000106640,WHIRLPOOL CORP /DE/,ticker_fallback
013540,96624410,WWAV,,,not_found
155393,96638750,WLL,,,not_found
024893,96683710,WFMI,,,not_found
035053,96684W10,ACTT,0001753706,Whole Earth Brands Inc,cusip_link
031466,96758W10,WOW,0001701051,WideOpenWest Inc,cusip_link
062057,96759020,WYY,0001034760,WIDEPOINT CORP,ticker_fallback
037025,96812F10,BAER,0001941536,Bridger Aerospace Group Holdings Inc,cusip_link
029138,96812T10,WRD,0001681714,WildHorse Resource Development Corp,cusip_link
011499,96822320,JW,,,not_found
030666,96913610,WVVI,0000838875,WILLAMETTE VALLEY VINEYARDS INC,ticker_fallback
063495,96920310,WG,,,not_found
175654,96924N10,WLDN,0001370450,WILLDAN GROUP INC,cusip_link
011506,96945710,WMB,0000107263,"WILLIAMS COMPANIES, INC.",ticker_fallback
019911,96946560,WMCO,,,not_found
028296,96949010,CWEI,,,not_found
163921,96949L10,CHKM,0001483096,WILLIAMS PARTNERS LP,cusip_link
179253,96950K10,WMZ,0001411583,WILLIAMS PIPELINE PARTNERS LP,cusip_link
143710,96951A10,,0001136294,Williams Industrial Services Group Inc,cusip_link
011511,96990410,WSM,0000719955,WILLIAMS SONOMA INC,ticker_fallback
063596,97064610,WLFC,0001018164,WILLIS LEASE FINANCE CORP,ticker_fallback
027711,97265W10,WBEV,0001782627,Winc Inc,cusip_link
174490,97382A30,WIN,0001282266,WINDSTREAM HOLDINGS INC,cusip_link
023843,97415510,WING,0001636222,Wingstop Inc.,ticker_fallback
011535,97428030,WINN,,,not_found
011537,97463710,WGO,0000107687,WINNEBAGO INDUSTRIES INC,ticker_fallback
025007,97476P20,WWIN,0000808011,WINNER MEDICAL GROUP INC,cusip_link
024610,97652410,WTT,,,not_found
011566,97809710,WWW,0000110471,WOLVERINE WORLD WIDE INC /DE/,ticker_fallback
165177,97816610,WATG,,,not_found
011580,98074510,WGOV,,,not_found
064132,98090540,WHRT,,,not_found
015044,98138H10,WDAY,0001327811,WORKDAY INC,cusip_link
022000,98139A10,WK,0001445305,WORKIVA INC,cusip_link
176068,98145W20,XWES,0001371781,World Energy Solutions Inc,cusip_link
012471,98147510,INT,,,not_found
194956,98155810,VNTV,,,not_found
018179,98159G10,WPT,0001574963,WORLD POINT TERMINALS LP,cusip_link
011600,98181110,WOR,0000108516,"WORTHINGTON ENTERPRISES, INC.",ticker_fallback
043651,98210410,WS,0001968487,"Worthington Steel, Inc.",ticker_fallback
187128,98212B10,WPX,0001518832,WPX ENERGY INC,cusip_link
033550,98212N10,WRTC,0001702924,WRAP TECHNOLOGIES INC,cusip_link
109930,98256910,WUHN,,,not_found
033243,98311A10,WH,0001722684,WYNDHAM HOTELS & RESORTS INC,cusip_link
149318,98313410,WYNN,0001174922,WYNN RESORTS LTD,ticker_fallback
127094,98377210,KNOT,,,not_found
144998,98379310,XPO,0001166003,"XPO, Inc.",ticker_fallback
162400,98379L10,XPEL,0001767258,XPEL Inc,cusip_link
037594,9837FR20,XL,,,not_found
028775,98384510,XATA,,,not_found
012189,98385710,XRIT,,,not_found
028256,98385X10,XTO,0000868809,XTO ENERGY INC,cusip_link
024074,98386L10,XTLY,,,not_found
007977,98389B10,XEL,0000072903,XCEL ENERGY INC,cusip_link
013443,98390910,XETA,,,not_found
022325,98391910,XLNX,,,not_found
064668,98395070,XPLR,,,not_found
006532,98400J10,LTXC,0000357020,Xcerra Corp,cusip_link
237269,98401560,XBIO,0001534525,"Xenetic Biosciences, Inc.",ticker_fallback
018938,98401F10,XNCR,0001326732,XENCOR INC,cusip_link
116895,98411710,XNN,,,not_found
162809,98411C10,XNPT,0001130591,XENOPORT INC,cusip_link
026337,98415E30,XCOM,0001122051,XTERA COMMUNICATIONS INC,cusip_link
160282,98416J11,XRM,,,not_found
012252,98419J20,XOMA,0000791908,XOMA Royalty Corp,ticker_fallback
189491,98419M10,XYL,0001524472,XYLEM INC,cusip_link
185193,98420P30,BONE,0001453593,Xtant Medical Holdings Inc,cusip_link
012987,98420U80,VRNG,0001410428,XWELL Inc,cusip_link
015056,98420V10,CNSI,0001549872,XURA INC,cusip_link
011636,98421M10,XRX,0001770450,Xerox Holdings Corp,ticker_fallback
033660,98422E10,XERS,0001867096,Xeris Biopharma Holdings Inc,cusip_link
039806,98422T10,XLO,0001840233,Xilio Therapeutics Inc,cusip_link
039276,98422X10,XPOF,0001802156,Xponential Fitness Inc,cusip_link
039472,98423B30,XOS,0001819493,"Xos, Inc.",ticker_fallback
039065,98423F10,XMTR,0001657573,Xometry Inc,cusip_link
041539,98423J10,XPER,0001788999,Xperi Inc,cusip_link
034135,98424110,YMAB,,,not_found
026725,98475Y10,YERR,,,not_found
033798,98529410,YAYO,,,not_found
011649,98551010,YRCW,,,not_found
196268,98581710,YELP,0001345016,YELP INC,ticker_fallback
175490,98585K85,MBLX,,,not_found
030622,98585N10,YEXT,0001614178,Yext Inc,cusip_link
027653,98585X10,YETI,0001670592,YETI Holdings Inc,cusip_link
032192,98600510,YOGA,,,not_found
021017,98600P20,YDLE,0001161315,YODLEE INC,cusip_link
178003,98607B10,YONG,0001398551,YONGYE INTERNATIONAL INC,cusip_link
011657,98718410,YORW,0000108985,YORK WATER CO,ticker_fallback
040658,98740Y30,YOSH,,,not_found
062257,98741310,UBET,,,not_found
065771,98752010,YDNT,,,not_found
187665,98753720,YGYI,,,not_found
114959,98843210,YUII,,,not_found
065417,98849810,YUM,0001041061,YUM BRANDS INC,ticker_fallback
028499,98850P10,YUMC,0001673358,Yum China Holdings Inc,cusip_link
018271,98872B10,YUME,0001415624,YUME INC,cusip_link
028788,98872F20,YUMA,,,not_found
183228,98878T20,ZSTN,,,not_found
183224,98880R30,CNET,0001376321,ZW Data Action Technologies Inc.,ticker_fallback
177975,98884U10,ZAGG,0001296205,ZAGG INC,cusip_link
011669,98885810,ZLC,,,not_found
040758,98888T10,ZIMV,0001876588,ZimVie Inc,cusip_link
061610,98906R20,ZANE,,,not_found
038485,98906V10,ZPTA,0001843714,Zapata Computing Holdings Inc,cusip_link
170773,98919T40,TRGL,,,not_found
021433,98919V10,ZAYO,0001608249,Zayo Group Holdings Inc,cusip_link
024405,98920710,ZBRA,0000877212,ZEBRA TECHNOLOGIES CORP,ticker_fallback
027318,98923T10,ZDGE,0001667313,Zedge Inc,cusip_link
187653,98933Q10,ZLTQ,0001415336,ZELTIQ AESTHETICS INC,cusip_link
020229,98936J10,ZEN,0001463172,Zendesk Inc,cusip_link
050517,98937L10,ZBIO,0001953926,Zenas BioPharma Inc,cusip_link
036301,98943L10,ZNTL,0001725160,Zentalis Pharmaceuticals Inc,cusip_link
178538,98944B10,ZEP,0001408287,ZEP INC,cusip_link
039748,98944F10,ZEO,0001865506,Zeo Energy Corp,cusip_link
162517,98952K10,HOGS,0001277092,ZHONGPIN INC,cusip_link
187039,98954M20,Z,0001617640,ZILLOW GROUP INC,cusip_link
037416,98955G10,ZFOX,0001823575,ZeroFox Holdings Inc,cusip_link
039197,98955K10,ZVIA,0001854139,Zevia PBC,cusip_link
038708,98956A10,ZETA,0001851003,Zeta Global Holdings Corp,cusip_link
144559,98956P10,ZMH,0001136869,ZIMMER BIOMET HOLDINGS INC,cusip_link
163822,98969610,ZN,,,not_found
165215,98973P30,ZIOP,,,not_found
016531,98974P10,ZIXI,0000855612,ZIX CORP,cusip_link
184981,98974X10,ZIP,0001131457,ZIPCAR INC,cusip_link
061737,98975F10,ZRAN,0001003022,ZORAN CORP \DE\,cusip_link
025918,98975W10,ZOLT,0000890923,ZOLTEK COMPANIES INC,cusip_link
183612,98976E40,ZOOM,,,not_found
018900,98977410,ZU,,,not_found
179686,98978L20,ZGNX,0001375151,ZOGENIX INC,cusip_link
137441,98978N30,ZIVO,0001101026,Zivo Bioscience Inc,cusip_link
013721,98978V10,ZTS,0001555280,ZOETIS INC,cusip_link
020611,98979G10,ZSPH,0001459266,ZS PHARMA INC,cusip_link
021003,98979H30,ZSAN,0001587221,Zosano Pharma Corp,cusip_link
020113,98979J10,ZOES,0001594879,Zoe's Kitchen Inc,cusip_link
182112,98979V10,BPI,0001305323,Zovio Inc,cusip_link
038744,98980B10,ZIP,0001617553,ZIPRECRUITER INC,cusip_link
022638,98980F10,ZI,,,not_found
033037,98980G10,ZS,0001713683,Zscaler Inc,cusip_link
035005,98980L10,ZM,0001585521,Zoom Video Communications Inc,cusip_link
162988,98981710,ZUMZ,0001318008,Zumiez Inc,ticker_fallback
180474,98983L10,RXN,0001439288,Zurn Elkay Water Solutions Corp,cusip_link
033232,98983V10,ZUO,0001423774,ZUORA INC,cusip_link
011694,98985510,ZIGO,,,not_found
145228,98985T10,ZGEN,0001129425,ZYMOGENETICS INC,cusip_link
038493,98985X10,ZY,0001645842,Zymergen Inc,cusip_link
031059,98985Y10,ZYME,0001937653,Zymeworks Inc,cusip_link
129441,98986M10,ZYXI,0000846475,ZYNEX INC,cusip_link
187576,98986T10,ZNGA,0001439404,ZYNGA INC,cusip_link
025128,98986X10,ZYNE,0001621443,Zynerba Pharmaceuticals Inc,cusip_link
038804,98987D30,ZVSA,0001859007,"ZyVersa Therapeutics, Inc.",ticker_fallback
025579,98992210,ZOLL,,,not_found
039405,G6516310,JOBY,0001819848,Joby Aviation Inc,cusip_link
276731,U7260311,PLPM,0001362925,PLANET PAYMENT INC,cusip_link
